Workbook

Sheet 점형열교
A1: 번호 | B1: DB유형 | C1: 제품명 | D1: 제조사 | E1: 구조유형 | F1: 열교유형 | G1: 점형열관류율 | H1: A | I1: B | J1: C | K1: 수직간격 | L1: 수평간격
A2: TBA_001 | B2: 표준 | C2: 일반앙카 | D2: IPAZEB | E2: 콘크리트조 | F2: 직접고정 | G2: =IF(A2<>"", (H2*150^2+I2*150+J2)/1000, "") -> 0.072695 | H2: 0.0005 | I2: -0.3185 | J2: 109.22 | K2: 1200 | L2: 600
A3: TBA_002 | B3: 표준 | C3: 단열앙카 | D3: IPAZEB | E3: 콘크리트조 | F3: 직접고정 | G3: =IF(A3<>"", (H3*150^2+I3*150+J3)/1000, "") -> 0.040059 | H3: -3e-05 | I3: -0.0282 | J3: 44.964 | K3: 1200 | L3: 600
A4: TBA_003 | B4: 표준 | C4: 일반앙카 | D4: IPAZEB | E4: 콘크리트조 | F4: 트러스(점형) | G4: =IF(A4<>"", (H4*150^2+I4*150+J4)/1000, "") -> 0.027922 | H4: 0.0005 | I4: -0.2598 | J4: 55.642 | K4: 900 | L4: 600
A5: TBA_004 | B5: 표준 | C5: 단열앙카 | D5: IPAZEB | E5: 콘크리트조 | F5: 트러스(점형) | G5: =IF(A5<>"", (H5*150^2+I5*150+J5)/1000, "") -> 0.025398 | H5: 0.0002 | I5: -0.1336 | J5: 40.938 | K5: 900 | L5: 600
A6: TBA_005 | B6: 인증 | C6: 개발 파스너 A | D6: ㈜ 비타건축 | E6: 콘크리트조 | F6: 트러스(점형) | G6: =IF(A6<>"", (H6*150^2+I6*150+J6)/1000, "") -> 0.012208 | H6: 0.0001 | I6: -0.092 | J6: 23.758 | K6: 900 | L6: 600
A7: TBA_006 | B7: 인증 | C7: 개발 파스너 B | D7: ㈜ 비타건축 | E7: 콘크리트조 | F7: 직접고정 | G7: =IF(A7<>"", (H7*150^2+I7*150+J7)/1000, "") -> 0.0264255 | H7: 3e-06 | I7: -0.0572 | J7: 34.938 | K7: 1200 | L7: 600

Sheet 선형열교
A1: 번호 | B1: DB유형 | C1: 제품명 | D1: 제조사 | E1: 구조유형 | F1: 열교유형 | G1: 선형열관류율 | H1: A | I1: B | J1: C | K1: 수직간격 | L1: 수평간격
A2: TBS_001 | B2: 표준 | C2: 금속스터드 | D2: IPAZEB | E2: 경량철골조 | F2: 금속스터드 | G2: =IF(A2<>"", (H2*150^2+I2*150+J2)/1000, "") -> 0.148225 | H2: 0.0007 | I2: -0.5941 | J2: 221.59 | K2: 600 | L2: 0
A3: TBS_002 | B3: 표준 | C3: 덧댐≤50_금속스터드 | D3: IPAZEB | E3: 경량철골조 | F3: 금속스터드 | G3: =IF(A3<>"", (H3*150^2+I3*150+J3)/1000, "") -> 0.043165 | H3: -0.0005 | I3: 0.2317 | J3: 19.66 | K3: 600 | L3: 0
A4: TBS_003 | B4: 표준 | C4: 덧댐>50_금속스터드 | D4: IPAZEB | E4: 경량철골조 | F4: 금속스터드 | G4: =IF(A4<>"", (H4*150^2+I4*150+J4)/1000, "") -> 0.0275379 | H4: -0.0003 | I4: 0.1808 | J4: 7.1679 | K4: 600 | L4: 0
A5: TBS_004 | B5: 표준 | C5: 단열패널 | D5: IPAZEB | E5: 경량철골조 | F5: 단열패널 | G5: =IF(A5<>"", (H5*150^2+I5*150+J5)/1000, "") -> 0.010891 | H5: 0.0001 | I5: -0.0566 | J5: 17.131 | K5: 1000 | L5: 0
A6: TBS_005 | B6: 표준 | C6: 목재스터드 | D6: IPAZEB | E6: 목구조 | F6: 목재스터드 | G6: =IF(A6<>"", (H6*150^2+I6*150+J6)/1000, "") -> 0.017984 | H6: 0.0003 | I6: -0.1647 | J6: 35.939 | K6: 400 | L6: 0
A7: TBS_006 | B7: 표준 | C7: 덧댐≤50_목재스터드 | D7: IPAZEB | E7: 목구조 | F7: 목재스터드 | G7: =IF(A7<>"", (H7*150^2+I7*150+J7)/1000, "") -> 0.0089079 | H7: -0.0002 | I7: 0.0682 | J7: 3.1779 | K7: 400 | L7: 0
A8: TBS_007 | B8: 표준 | C8: 덧댐>50_목재스터드 | D8: IPAZEB | E8: 목구조 | F8: 목재스터드 | G8: =IF(A8<>"", (H8*150^2+I8*150+J8)/1000, "") -> 0.0042603 | H8: -0.0002 | I8: 0.107 | J8: -7.2897 | K8: 400 | L8: 0
A9: TBS_008 | B9: 표준 | C9: 금속트러스 | D9: IPAZEB | E9: 콘크리트조 | F9: 트러스(선형) | G9: =IF(A9<>"", (H9*150^2+I9*150+J9)/1000, "") -> 0.098612 | H9: -0.001 | I9: 0.2448 | J9: 84.392 | K9: 900 | L9: 0
A10: TBS_009 | B10: 표준 | C10: 목재트러스 | D10: IPAZEB | E10: 콘크리트조 | F10: 트러스(선형) | G10: =IF(A10<>"", (H10*150^2+I10*150+J10)/1000, "") -> 0.021231 | H10: 0.0007 | I10: -0.3299 | J10: 54.966 | K10: 900 | L10: 0
A11: TBS_010 | B11: 표준 | C11: 금속스터드(내) | D11: IPAZEB | E11: 콘크리트조 | F11: 내단열 | G11: =IF(A11<>"", (H11*150^2+I11*150+J11)/1000, "") -> 0.08511 | H11: -0.0008 | I11: 0.2169 | J11: 70.575 | K11: 600 | L11: 0
A12: TBS_011 | B12: 표준 | C12: 목재스터드(내) | D12: IPAZEB | E12: 콘크리트조 | F12: 내단열 | G12: =IF(A12<>"", (H12*150^2+I12*150+J12)/1000, "") -> 0.019592 | H12: 0.0007 | I12: -0.3049 | J12: 49.577 | K12: 600 | L12: 0
A13: TBS_012 | B13: 인증 | C13: 티푸스STUD | D13: 티푸스코리아 | E13: 콘크리트조 | F13: 트러스(선형) | G13: =IF(A13<>"", (H13*150^2+I13*150+J13)/1000, "") -> 0.054575 | H13: 0.0042 | I13: -1.6409 | J13: 206.21 | K13: 900 | L13: 0

Sheet 이미지_점형열교
A1: 번호 | B1: DB유형 | C1: 제품명 | D1: 제조사 | E1: 구조유형 | F1: 열교유형 | G1: 이미지_열교구조유형 | I1: 이미지_고정유형
A2: =점형열교!A2 -> TBA_001 | B2: =점형열교!B2 -> 표준 | C2: =점형열교!C2 -> 일반앙카 | D2: =점형열교!D2 -> IPAZEB | E2: =점형열교!E2 -> 콘크리트조 | F2: =점형열교!F2 -> 직접고정
A3: =점형열교!A3 -> TBA_002 | B3: =점형열교!B3 -> 표준 | C3: =점형열교!C3 -> 단열앙카 | D3: =점형열교!D3 -> IPAZEB | E3: =점형열교!E3 -> 콘크리트조 | F3: =점형열교!F3 -> 직접고정
A4: =점형열교!A4 -> TBA_003 | B4: =점형열교!B4 -> 표준 | C4: =점형열교!C4 -> 일반앙카 | D4: =점형열교!D4 -> IPAZEB | E4: =점형열교!E4 -> 콘크리트조 | F4: =점형열교!F4 -> 트러스(점형)
A5: =점형열교!A5 -> TBA_004 | B5: =점형열교!B5 -> 표준 | C5: =점형열교!C5 -> 단열앙카 | D5: =점형열교!D5 -> IPAZEB | E5: =점형열교!E5 -> 콘크리트조 | F5: =점형열교!F5 -> 트러스(점형)
A6: =점형열교!A6 -> TBA_005 | B6: =점형열교!B6 -> 인증 | C6: =점형열교!C6 -> 개발 파스너 A | D6: =점형열교!D6 -> ㈜ 비타건축 | E6: =점형열교!E6 -> 콘크리트조 | F6: =점형열교!F6 -> 트러스(점형)
A7: =점형열교!A7 -> TBA_006 | B7: =점형열교!B7 -> 인증 | C7: =점형열교!C7 -> 개발 파스너 B | D7: =점형열교!D7 -> ㈜ 비타건축 | E7: =점형열교!E7 -> 콘크리트조 | F7: =점형열교!F7 -> 직접고정

Sheet 이미지_선형열교
A1: 번호 | B1: DB유형 | C1: 제품명 | D1: 제조사 | E1: 구조유형 | F1: 열교유형 | G1: 이미지_열교구조유형 | I1: 이미지_고정유형
A2: =선형열교!A2 -> TBS_001 | B2: =선형열교!B2 -> 표준 | C2: =선형열교!C2 -> 금속스터드 | D2: =선형열교!D2 -> IPAZEB | E2: =선형열교!E2 -> 경량철골조 | F2: =선형열교!F2 -> 금속스터드
A3: =선형열교!A3 -> TBS_002 | B3: =선형열교!B3 -> 표준 | C3: =선형열교!C3 -> 덧댐≤50_금속스터드 | D3: =선형열교!D3 -> IPAZEB | E3: =선형열교!E3 -> 경량철골조 | F3: =선형열교!F3 -> 금속스터드
A4: =선형열교!A4 -> TBS_003 | B4: =선형열교!B4 -> 표준 | C4: =선형열교!C4 -> 덧댐>50_금속스터드 | D4: =선형열교!D4 -> IPAZEB | E4: =선형열교!E4 -> 경량철골조 | F4: =선형열교!F4 -> 금속스터드
A5: =선형열교!A5 -> TBS_004 | B5: =선형열교!B5 -> 표준 | C5: =선형열교!C5 -> 단열패널 | D5: =선형열교!D5 -> IPAZEB | E5: =선형열교!E5 -> 경량철골조 | F5: =선형열교!F5 -> 단열패널
A6: =선형열교!A6 -> TBS_005 | B6: =선형열교!B6 -> 표준 | C6: =선형열교!C6 -> 목재스터드 | D6: =선형열교!D6 -> IPAZEB | E6: =선형열교!E6 -> 목구조 | F6: =선형열교!F6 -> 목재스터드
A7: =선형열교!A7 -> TBS_006 | B7: =선형열교!B7 -> 표준 | C7: =선형열교!C7 -> 덧댐≤50_목재스터드 | D7: =선형열교!D7 -> IPAZEB | E7: =선형열교!E7 -> 목구조 | F7: =선형열교!F7 -> 목재스터드
A8: =선형열교!A8 -> TBS_007 | B8: =선형열교!B8 -> 표준 | C8: =선형열교!C8 -> 덧댐>50_목재스터드 | D8: =선형열교!D8 -> IPAZEB | E8: =선형열교!E8 -> 목구조 | F8: =선형열교!F8 -> 목재스터드
A9: =선형열교!A9 -> TBS_008 | B9: =선형열교!B9 -> 표준 | C9: =선형열교!C9 -> 금속트러스 | D9: =선형열교!D9 -> IPAZEB | E9: =선형열교!E9 -> 콘크리트조 | F9: =선형열교!F9 -> 트러스(선형)
A10: =선형열교!A10 -> TBS_009 | B10: =선형열교!B10 -> 표준 | C10: =선형열교!C10 -> 목재트러스 | D10: =선형열교!D10 -> IPAZEB | E10: =선형열교!E10 -> 콘크리트조 | F10: =선형열교!F10 -> 트러스(선형)
A11: =선형열교!A11 -> TBS_010 | B11: =선형열교!B11 -> 표준 | C11: =선형열교!C11 -> 금속스터드(내) | D11: =선형열교!D11 -> IPAZEB | E11: =선형열교!E11 -> 콘크리트조 | F11: =선형열교!F11 -> 내단열
A12: =선형열교!A12 -> TBS_011 | B12: =선형열교!B12 -> 표준 | C12: =선형열교!C12 -> 목재스터드(내) | D12: =선형열교!D12 -> IPAZEB | E12: =선형열교!E12 -> 콘크리트조 | F12: =선형열교!F12 -> 내단열
A13: =선형열교!A13 -> TBS_012 | B13: =선형열교!B13 -> 인증 | C13: =선형열교!C13 -> 티푸스STUD | D13: =선형열교!D13 -> 티푸스코리아 | E13: =선형열교!E13 -> 콘크리트조 | F13: =선형열교!F13 -> 트러스(선형)

Sheet 이미지_외벽유형
A1: 번호 | B1: 외벽유형 | C1: 이미지
A2: 11 | B2: 기존외벽
A3: 12 | B3: 신규
A4: 13 | B4: 철거 후 신규
A5: 14 | B5: 외부덧댐
A6: 15 | B6: 내부덧댐
A7: 16 | B7: 커튼월덧댐
