Workbook

Sheet 점형열교
A1: 번호 | B1: DB유형 | C1: 제품명 | D1: 제조사 | E1: 구조유형 | F1: 열교유형 | G1: 점형열관류율 | H1: A | I1: B | J1: C | K1: 수직간격[mm] | L1: 수평간격[mm]
A2: TBA_001 | B2: 표준 | C2: 스틸 브라켓 | D2: IPAZEB | E2: 콘크리트조 | F2: 트러스(점형) | G2: =IF(A2<>"", (H2*150^2+I2*150+J2)/1000, "") -> 0.041456 | H2: 0.0002 | I2: -0.1943 | J2: 66.101 | K2: 1200 | L2: =IF(OR(F2="직접고정",F2="트러스(점형)"), 600, "") -> 600
A3: TBA_002 | B3: 표준 | C3: STS 브라켓 | D3: IPAZEB | E3: 콘크리트조 | F3: 트러스(점형) | G3: =IF(A3<>"", (H3*150^2+I3*150+J3)/1000, "") -> 0.022796 | H3: 0.0004 | I3: -0.2083 | J3: 45.041 | K3: 1200 | L3: =IF(OR(F3="직접고정",F3="트러스(점형)"), 600, "") -> 600

Sheet 선형열교
A1: 번호 | B1: DB유형 | C1: 제품명 | D1: 제조사 | E1: 구조유형 | F1: 열교유형 | G1: 선형열관류율 | H1: A | I1: B | J1: C | K1: 수직간격 | L1: 수평간격
A2: TBS_001 | B2: 표준 | C2: 일반형 | D2: IPAZEB | E2: 경량철골조 | F2: 경량_일반형 | G2: =IF(A2<>"", (H2*150^2+I2*150+J2)/1000, "") -> 0.148225 | H2: 0.0007 | I2: -0.5941 | J2: 221.59 | K2: 1000 | L2: 0
A3: TBS_002 | B3: 표준 | C3: ≤T50덧댐형 | D3: IPAZEB | E3: 경량철골조 | F3: 경량_덧댐형 | G3: =IF(A3<>"", (H3*150^2+I3*150+J3)/1000, "") -> 0.043165 | H3: -0.0005 | I3: 0.2317 | J3: 19.66 | K3: 1000 | L3: 0
A4: TBS_003 | B4: 표준 | C4: >T50덧댐형 | D4: IPAZEB | E4: 경량철골조 | F4: 경량_덧댐형 | G4: =IF(A4<>"", (H4*150^2+I4*150+J4)/1000, "") -> 0.0275379 | H4: -0.0003 | I4: 0.1808 | J4: 7.1679 | K4: 1000 | L4: 0
A5: TBS_004 | B5: 표준 | C5: 일반형 | D5: IPAZEB | E5: 목구조 | F5: 목조_일반형 | G5: =IF(A5<>"", (H5*150^2+I5*150+J5)/1000, "") -> 0.017984 | H5: 0.0003 | I5: -0.1647 | J5: 35.939 | K5: 600 | L5: 0
A6: TBS_005 | B6: 표준 | C6: ≤T50덧댐형 | D6: IPAZEB | E6: 목구조 | F6: 목조_덧댐형 | G6: =IF(A6<>"", (H6*150^2+I6*150+J6)/1000, "") -> 0.0089079 | H6: -0.0002 | I6: 0.0682 | J6: 3.1779 | K6: 600 | L6: 0
A7: TBS_006 | B7: 표준 | C7: >T50덧댐형 | D7: IPAZEB | E7: 목구조 | F7: 목조_덧댐형 | G7: =IF(A7<>"", (H7*150^2+I7*150+J7)/1000, "") -> 0.0042603 | H7: -0.0002 | I7: 0.107 | J7: -7.2897 | K7: 600 | L7: 0
A8: TBS_007 | B8: 표준 | C8: 보선형(끊김) | D8: IPAZEB | E8: 콘크리트조 | F8: 내단열(보선형) | G8: =IF(A8<>"", (H8*150^2+I8*150+J8)/1000, "") -> 1.1383 | H8: -0.0002 | I8: -2.068 | J8: 1453 | K8: 6000 | L8: 8000
A9: TBS_008 | B9: 표준 | C9: 보선형(부분) | D9: IPAZEB | E9: 콘크리트조 | F9: 내단열(보선형) | G9: =IF(A9<>"", (H9*150^2+I9*150+J9)/1000, "") -> 0.55962 | H9: -0.0011 | I9: -0.5906 | J9: 672.96 | K9: 6000 | L9: 8000
A10: TBS_009 | B10: 표준 | C10: 보선형(연결) | D10: IPAZEB | E10: 콘크리트조 | F10: 내단열(보선형) | G10: =IF(A10<>"", (H10*150^2+I10*150+J10)/1000, "") -> 0.07692 | H10: 0.0067 | I10: -2.751 | J10: 338.82 | K10: 6000 | L10: 8000
A11: TBS_010 | B11: 표준 | C11: 목재스터드 | D11: IPAZEB | E11: 콘크리트조 | F11: 트러스(선형) | G11: =IF(A11<>"", (H11*150^2+I11*150+J11)/1000, "") -> 0.020737 | H11: 0.0008 | I11: -0.3592 | J11: 56.617 | K11: 600 | L11: 0
A12: TBS_011 | B12: 표준 | C12: (내)목재스터드 | D12: IPAZEB | E12: 콘크리트조 | F12: 내부덧댐 | G12: =IF(A12<>"", (H12*150^2+I12*150+J12)/1000, "") -> 0.117984 | H12: 0.0007 | I12: 0.326 | J12: 53.334 | K12: 600 | L12: 0
A13: TBS_012 | B13: 표준 | C13: (내)금속스터드 | D13: IPAZEB | E13: 콘크리트조 | F13: 내부덧댐 | G13: =IF(A13<>"", (H13*150^2+I13*150+J13)/1000, "") -> 0.08511 | H13: -0.0008 | I13: 0.2169 | J13: 70.575 | K13: 1000 | L13: 0
... A16: TBS_015 | B16: 표준 | C16: 단열패널 | D16: IPAZEB | E16: 콘크리트조 | F16: 단열패널 | G16: =IF(A16<>"", (H16*150^2+I16*150+J16)/1000, "") -> 0.010891 | H16: 0.0001 | I16: -0.0566 | J16: 17.131 | K16: 1000 | L16: 0

Sheet 이미지_점형열교
A1: 번호 | B1: DB유형 | C1: 제품명 | D1: 제조사 | E1: 구조유형 | F1: 열교유형 | G1: 이미지_열교구조유형 | I1: 이미지_고정유형
A2: =점형열교!A2 -> TBA_001 | B2: =점형열교!B2 -> 표준 | C2: =점형열교!C2 -> 스틸 브라켓 | D2: =점형열교!D2 -> IPAZEB | E2: =점형열교!E2 -> 콘크리트조 | F2: =점형열교!F2 -> 트러스(점형)
A3: =점형열교!A3 -> TBA_002 | B3: =점형열교!B3 -> 표준 | C3: =점형열교!C3 -> STS 브라켓 | D3: =점형열교!D3 -> IPAZEB | E3: =점형열교!E3 -> 콘크리트조 | F3: =점형열교!F3 -> 트러스(점형)

Sheet 이미지_선형열교
A1: 번호 | B1: DB유형 | C1: 제품명 | D1: 제조사 | E1: 구조유형 | F1: 열교유형 | G1: 이미지_열교구조유형 | I1: 이미지_고정유형
A2: =선형열교!A2 -> TBS_001 | B2: =선형열교!B2 -> 표준 | C2: =선형열교!C2 -> 일반형 | D2: =선형열교!D2 -> IPAZEB | E2: =선형열교!E2 -> 경량철골조 | F2: =선형열교!F2 -> 경량_일반형
A3: =선형열교!A3 -> TBS_002 | B3: =선형열교!B3 -> 표준 | C3: =선형열교!C3 -> ≤T50덧댐형 | D3: =선형열교!D3 -> IPAZEB | E3: =선형열교!E3 -> 경량철골조 | F3: =선형열교!F3 -> 경량_덧댐형
A4: =선형열교!A4 -> TBS_003 | B4: =선형열교!B4 -> 표준 | C4: =선형열교!C4 -> >T50덧댐형 | D4: =선형열교!D4 -> IPAZEB | E4: =선형열교!E4 -> 경량철골조 | F4: =선형열교!F4 -> 경량_덧댐형
A5: =선형열교!A5 -> TBS_004 | B5: =선형열교!B5 -> 표준 | C5: =선형열교!C5 -> 일반형 | D5: =선형열교!D5 -> IPAZEB | E5: =선형열교!E5 -> 목구조 | F5: =선형열교!F5 -> 목조_일반형
A6: =선형열교!A6 -> TBS_005 | B6: =선형열교!B6 -> 표준 | C6: =선형열교!C6 -> ≤T50덧댐형 | D6: =선형열교!D6 -> IPAZEB | E6: =선형열교!E6 -> 목구조 | F6: =선형열교!F6 -> 목조_덧댐형
A7: =선형열교!A7 -> TBS_006 | B7: =선형열교!B7 -> 표준 | C7: =선형열교!C7 -> >T50덧댐형 | D7: =선형열교!D7 -> IPAZEB | E7: =선형열교!E7 -> 목구조 | F7: =선형열교!F7 -> 목조_덧댐형
A8: =선형열교!A8 -> TBS_007 | B8: =선형열교!B8 -> 표준 | C8: =선형열교!C8 -> 보선형(끊김) | D8: =선형열교!D8 -> IPAZEB | E8: =선형열교!E8 -> 콘크리트조 | F8: =선형열교!F8 -> 내단열(보선형)
A9: =선형열교!A9 -> TBS_008 | B9: =선형열교!B9 -> 표준 | C9: =선형열교!C9 -> 보선형(부분) | D9: =선형열교!D9 -> IPAZEB | E9: =선형열교!E9 -> 콘크리트조 | F9: =선형열교!F9 -> 내단열(보선형)
A10: =선형열교!A10 -> TBS_009 | B10: =선형열교!B10 -> 표준 | C10: =선형열교!C10 -> 보선형(연결) | D10: =선형열교!D10 -> IPAZEB | E10: =선형열교!E10 -> 콘크리트조 | F10: =선형열교!F10 -> 내단열(보선형)
A11: =선형열교!A11 -> TBS_010 | B11: =선형열교!B11 -> 표준 | C11: =선형열교!C11 -> 목재스터드 | D11: =선형열교!D11 -> IPAZEB | E11: =선형열교!E11 -> 콘크리트조 | F11: =선형열교!F11 -> 트러스(선형)
A12: =선형열교!A12 -> TBS_011 | B12: =선형열교!B12 -> 표준 | C12: =선형열교!C12 -> (내)목재스터드 | D12: =선형열교!D12 -> IPAZEB | E12: =선형열교!E12 -> 콘크리트조 | F12: =선형열교!F12 -> 내부덧댐
A13: =선형열교!A13 -> TBS_012 | B13: =선형열교!B13 -> 표준 | C13: =선형열교!C13 -> (내)금속스터드 | D13: =선형열교!D13 -> IPAZEB | E13: =선형열교!E13 -> 콘크리트조 | F13: =선형열교!F13 -> 내부덧댐
... A16: =선형열교!A16 -> TBS_015 | B16: =선형열교!B16 -> 표준 | C16: =선형열교!C16 -> 단열패널 | D16: =선형열교!D16 -> IPAZEB | E16: =선형열교!E16 -> 콘크리트조 | F16: =선형열교!F16 -> 단열패널

Sheet 이미지_지붕유형
A1: 번호 | B1: 지붕유형 | C1: 이미지
A2: 11 | B2: 기존지붕
A3: 12 | B3: 신규
A4: 13 | B4: 철거 후 신규
A5: 14 | B5: 외부덧댐
A6: 15 | B6: 내부덧댐
