Workbook

Sheet 선형열교
A1: 번호 | B1: DB유형 | C1: 제품명 | D1: 제조사 | E1: 구조유형 | F1: 열교유형 | G1: 선형열관류율 | H1: A | I1: B | J1: C | K1: 수직간격 | L1: 수평간격
A2: TBS_001 | B2: 표준 | C2: 보선형(끊김) | D2: IPAZEB | E2: 콘크리트조 | F2: 외단열 | G2: =IF(A2<>"", (H2*150^2+I2*150+J2)/1000, "") -> 0.72884 | H2: -0.0058 | I2: -0.6616 | J2: 958.58 | K2: 6000 | L2: 8000
A3: TBS_002 | B3: 표준 | C3: 보션형(연결) | D3: IPAZEB | E3: 콘크리트조 | F3: 외단열 | G3: =IF(A3<>"", (H3*150^2+I3*150+J3)/1000, "") -> 0.06094 | H3: 0.0047 | I3: -2.0466 | J3: 262.18 | K3: 6000 | L3: 8000
A4: TBS_003 | B4: 표준 | C4: 보선형(끊김) | D4: IPAZEB | E4: 기존바닥 | F4: 외부덧댐형 | G4: =IF(A4<>"", (H4*150^2+I4*150+J4)/1000, "") -> 0.72884 | H4: -0.0058 | I4: -0.6616 | J4: 958.58 | K4: 6000 | L4: 8000
A5: TBS_004 | B5: 표준 | C5: 보션형(연결) | D5: IPAZEB | E5: 기존바닥 | F5: 외부덧댐형 | G5: =IF(A5<>"", (H5*150^2+I5*150+J5)/1000, "") -> 0.06094 | H5: 0.0047 | I5: -2.0466 | J5: 262.18 | K5: 6000 | L5: 8000

Sheet 이미지_선형열교
A1: 번호 | B1: DB유형 | C1: 제품명 | D1: 제조사 | E1: 구조유형 | F1: 열교유형 | G1: 이미지_열교구조유형 | I1: 이미지_고정유형
A2: =선형열교!A2 -> TBS_001 | B2: =선형열교!B2 -> 표준 | C2: =선형열교!C2 -> 보선형(끊김) | D2: =선형열교!D2 -> IPAZEB | E2: =선형열교!E2 -> 콘크리트조 | F2: =선형열교!F2 -> 외단열
A3: =선형열교!A3 -> TBS_002 | B3: =선형열교!B3 -> 표준 | C3: =선형열교!C3 -> 보션형(연결) | D3: =선형열교!D3 -> IPAZEB | E3: =선형열교!E3 -> 콘크리트조 | F3: =선형열교!F3 -> 외단열
A4: =선형열교!A4 -> TBS_003 | B4: =선형열교!B4 -> 표준 | C4: =선형열교!C4 -> 보선형(끊김) | D4: =선형열교!D4 -> IPAZEB | E4: =선형열교!E4 -> 기존바닥 | F4: =선형열교!F4 -> 외부덧댐형
A5: =선형열교!A5 -> TBS_004 | B5: =선형열교!B5 -> 표준 | C5: =선형열교!C5 -> 보션형(연결) | D5: =선형열교!D5 -> IPAZEB | E5: =선형열교!E5 -> 기존바닥 | F5: =선형열교!F5 -> 외부덧댐형

Sheet 이미지_바닥유형
A1: 번호 | B1: 기초 설치 | C1: 바닥유형 | D1: 이미지
A2: 1 | B2: 지면위 | C2: 기존바닥
A3: 2 | B3: 지면위 | C3: 신규
A4: 3 | B4: 지면위 | C4: 내부덧댐
A5: 4 | B5: 단열지하실 | C5: 기존바닥
A6: 5 | B6: 단열지하실 | C6: 신규
A7: 6 | B7: 단열지하실 | C7: 내부더댐
A8: 7 | B8: 비단열지하실 | C8: 기존바닥
A9: 8 | B9: 비단열지하실 | C9: 신규
A10: 9 | B10: 비단열지하실 | C10: 외부덧댐
A11: 10 | B11: 비단열지하실 | C11: 내부덧댐
A12: 11 | B12: 바닥(외기) | C12: 기존바닥
A13: 12 | B13: 바닥(외기) | C13: 신규
... A15: 14 | B15: 바닥(외기) | C15: 내부덧댐
