Workbook

Sheet 창호프레임
A1: 번호 | B1: DB유형 | C1: 제품명 | D1: 제조사 | E1: 프레임 종류 | F1: 프레임 재료 | G1: 개폐부프레임열관류율 | H1: 고정부프레임열관류율 | I1: 중간바프레임열관류율 | J1: 개폐부 프레임두께 | K1: 고정부 프레임두께 | L1: 중간바 프레임두께
A2: 번호 | B2: DB유형 | C2: 제품명 | D2: 제조사 | E2: 프레임 종류 | F2: 프레임 재료 | G2: Uf,A | H2: Uf,B | I2: Uf,C | J2: dA | K2: dB | L2: dC
A3: 번호 | B3: DB유형 | C3: 제품명 | D3: 제조사 | E3: 프레임 종류 | F3: 프레임 재료 | G3: [W/m2∙K] | H3: [W/m2∙K] | I3: [W/m2∙K] | J3: [m] | K3: [m] | L3: [m]
A4: WF_001 | B4: 표준 | C4: SL_S_PVC | D4: IPAZEB | E4: 단창_SL | F4: 플라스틱 | G4: 2 | H4: 2 | I4: 1.7 | J4: 0.16 | K4: 0.1 | L4: 0.15
A5: WF_002 | B5: 표준 | C5: SL_S_ALU | D5: IPAZEB | E5: 단창_SL | F5: 금속 | G5: 9.9 | H5: 8.6 | I5: 9.7 | J5: 0.14 | K5: 0.1 | L5: 0.14
A6: WF_003 | B6: 표준 | C6: SL_S_TALU | D6: IPAZEB | E6: 단창_SL | F6: 금속_단열바 | G6: 6.3 | H6: 6.4 | I6: 6.1 | J6: 0.14 | K6: 0.1 | L6: 0.14
A7: WF_004 | B7: 표준 | C7: SL_D_PVC | D7: IPAZEB | E7: 이중창_SL | F7: 플라스틱 | G7: 1.4 | H7: 1.1 | I7: 1.3 | J7: 0.17 | K7: 0.11 | L7: 0.17
A8: WF_005 | B8: 표준 | C8: SL_D_ALU | D8: IPAZEB | E8: 이중창_SL | F8: 금속 | G8: 7.7 | H8: 5.8 | I8: 7.3 | J8: 0.15 | K8: 0.08 | L8: 0.15
A9: WF_006 | B9: 표준 | C9: SL_D_TALU | D9: IPAZEB | E9: 이중창_SL | F9: 금속_단열바 | G9: 4.1 | H9: 5.1 | I9: 6.6 | J9: 0.15 | K9: 0.08 | L9: 0.15
A10: WF_007 | B10: 표준 | C10: TT_S_PVC | D10: IPAZEB | E10: 단창_T/T | F10: 플라스틱 | G10: 1.6 | H10: 1.6 | I10: 1.6 | J10: 0.13 | K10: 0.08 | L10: 0.16
A11: WF_008 | B11: 표준 | C11: TT_S_ALU | D11: IPAZEB | E11: 단창_T/T | F11: 금속 | G11: 4.5 | H11: 4.5 | I11: 4.5 | J11: 0.11 | K11: 0.07 | L11: 0.14
A12: WF_009 | B12: 표준 | C12: TT_S_TALU | D12: IPAZEB | E12: 단창_T/T | F12: 금속_단열바 | G12: 2.4 | H12: 2.4 | I12: 2.4 | J12: 0.11 | K12: 0.07 | L12: 0.14
A13: WF_010 | B13: 인증 | C13: EN88 | D13: (주)엔썸 | E13: 단창_T/T | F13: 플라스틱 | G13: 1.08 | H13: 1.13 | I13: 0.92 | J13: 0.12 | K13: 0.078 | L13: 0.155
A14: WF_011 | B14: 인증 | C14: PPT70K | D14: LG하우시스 | E14: 단창_T/T | F14: 플라스틱 | G14: 1.35 | H14: 1.4 | I14: 1.28 | J14: 0.13 | K14: 0.065 | L14: 0.155
A15: WF_012 | B15: 인증 | C15: SPS210 | D15: LG하우시스 | E15: 단창_SL | F15: 플라스틱 | G15: 1.4 | H15: 1.83 | I15: 1.36 | J15: 0.14 | K15: 0.065 | L15: 0.13
A16: WF_013 | B16: 인증 | C16: E9-LS250 | D16: LG하우시스 | E16: 단창_SL | F16: 플라스틱 | G16: =(1*1.1+2*0.782+1*0.976)/4 -> 0.91 | H16: =(1*1.14+2*0.807+1*0.842)/4 -> 0.899 | I16: 1.42 | J16: 0.176 | K16: 0.106 | L16: 0.132
A17: WF_014 | B17: 인증 | C17: MBR88Z | D17: (주)KCC | E17: 단창_T/T | F17: 플라스틱 | G17: 0.855 | H17: 0.786 | I17: 0.957 | J17: 0.125 | K17: 0.164 | L17: 0.07
A18: WF_015 | B18: 인증 | C18: IBF225Z | D18: (주)KCC | E18: 단창_SL | F18: 플라스틱 | G18: 0.9045 | H18: 0.749 | I18: 0.958 | J18: 0.155875 | K18: 0.153 | L18: 0.088
A19: WF_016 | B19: 인증 | C19: KCC EGIS | D19: (주)KCC | E19: 단창_SL | F19: 플라스틱 | G19: 0.867 | H19: 0.8075 | I19: 1.16 | J19: 0.132 | K19: 0.1165 | L19: 0.068

Sheet 간봉
A1: 번호 | B1: DB유형 | C1: 제품명 | D1: 구분1 | E1: 구분2 | F1: 구분3 | G1: 고정유리(CL) 선형열관류율 | H1: 개폐유리(CL) 선형열관류율 | I1: 고정유리(LE) 선형열관류율 | J1: 개폐유리(LE) 선형열관류율
A2: 번호 | B2: DB유형 | C2: 제품명 | D2: 구분1 | E2: 구분2 | F2: 구분3 | G2: Ψg,fix | H2: Ψg,t | I2: Ψg,fix | J2: Ψg,t
A3: 번호 | B3: DB유형 | C3: 제품명 | D3: 구분1 | E3: 구분2 | F3: 구분3 | G3: [W/m·K] | H3: [W/m·K] | I3: [W/m·K] | J3: [W/m·K]
A4: GS_001 | B4: 표준 | C4: 표준Psi | D4: 일반간봉 | E4: 단창 | F4: 플라스틱 | G4: 0.06 | H4: 0.06 | I4: 0.08 | J4: 0.08
A5: GS_002 | B5: 표준 | C5: 표준Psi | D5: 일반간봉 | E5: 단창 | F5: 금속 | G5: 0.02 | H5: 0.02 | I5: 0.05 | J5: 0.05
A6: GS_003 | B6: 표준 | C6: 표준Psi | D6: 일반간봉 | E6: 단창 | F6: 금속_단열바 | G6: 0.08 | H6: 0.08 | I6: 0.11 | J6: 0.11
A7: GS_004 | B7: 표준 | C7: 표준Psi | D7: 일반간봉 | E7: 이중창 | F7: 플라스틱 | G7: 0.03 | H7: 0.03 | I7: 0.04 | J7: 0.04
A8: GS_005 | B8: 표준 | C8: 표준Psi | D8: 일반간봉 | E8: 이중창 | F8: 금속 | G8: 0.01 | H8: 0.01 | I8: 0.025 | J8: 0.025
A9: GS_006 | B9: 표준 | C9: 표준Psi | D9: 일반간봉 | E9: 이중창 | F9: 금속_단열바 | G9: 0.04 | H9: 0.04 | I9: 0.055 | J9: 0.055
A10: GS_007 | B10: 표준 | C10: 표준Psi | D10: 단열간봉 | E10: 단창 | F10: 플라스틱 | G10: 0.05 | H10: 0.05 | I10: 0.06 | J10: 0.06
A11: GS_008 | B11: 표준 | C11: 표준Psi | D11: 단열간봉 | E11: 단창 | F11: 금속 | G11: 0.01 | H11: 0.01 | I11: 0.04 | J11: 0.04
A12: GS_009 | B12: 표준 | C12: 표준Psi | D12: 단열간봉 | E12: 단창 | F12: 금속_단열바 | G12: 0.06 | H12: 0.06 | I12: 0.08 | J12: 0.08
A13: GS_010 | B13: 표준 | C13: 표준Psi | D13: 단열간봉 | E13: 이중창 | F13: 플라스틱 | G13: 0.025 | H13: 0.025 | I13: 0.03 | J13: 0.03
A14: GS_011 | B14: 표준 | C14: 표준Psi | D14: 단열간봉 | E14: 이중창 | F14: 금속 | G14: 0.005 | H14: 0.005 | I14: 0.02 | J14: 0.02
A15: GS_012 | B15: 표준 | C15: 표준Psi | D15: 단열간봉 | E15: 이중창 | F15: 금속_단열바 | G15: 0.03 | H15: 0.03 | I15: 0.04 | J15: 0.04

Sheet 설치열교
A1: 번호 | B1: DB유형 | C1: 제품명 | D1: 구분1 | E1: 구분2 | F1: 구분3 | G1: 구분4 | H1: 상부설치 선형열관류율 | I1: 측면설치 선형열관류율 | J1: 하부설치 선형열관류율
A2: 번호 | B2: DB유형 | C2: 제품명 | D2: 구분1 | E2: 구분2 | F2: 구분3 | G2: 구분4 | H2: Ψg,fix | I2: Ψg,t | J2: Ψg,t
A3: 번호 | B3: DB유형 | C3: 제품명 | D3: 구분1 | E3: 구분2 | F3: 구분3 | G3: 구분4 | H3: [W/m·K] | I3: [W/m·K] | J3: [W/m·K]
A4: WS_001 | B4: 표준 | C4: 표준설치열교 | D4: 내단열 | E4: 플라스틱 | F4: 단창 | G4: 외부측 | H4: 0.627 | I4: 0.627 | J4: 0.627
A5: WS_002 | B5: 표준 | C5: 표준설치열교 | D5: 내단열 | E5: 플라스틱 | F5: 단창 | G5: 중간 | H5: 0.104 | I5: 0.104 | J5: 0.104
A6: WS_003 | B6: 표준 | C6: 표준설치열교 | D6: 내단열 | E6: 플라스틱 | F6: 단창 | G6: 내부측 | H6: 0.009 | I6: 0.009 | J6: 0.009
A7: WS_004 | B7: 표준 | C7: 표준설치열교 | D7: 내단열 | E7: 플라스틱 | F7: 이중창 | G7: 외부측 | H7: 0.045 | I7: 0.045 | J7: 0.045
A8: WS_005 | B8: 표준 | C8: 표준설치열교 | D8: 내단열 | E8: 플라스틱 | F8: 이중창 | G8: 중간 | H8: 0.008 | I8: 0.008 | J8: 0.008
A9: WS_006 | B9: 표준 | C9: 표준설치열교 | D9: 내단열 | E9: 플라스틱 | F9: 이중창 | G9: 내부측 | H9: 0 | I9: 0 | J9: 0
A10: WS_007 | B10: 표준 | C10: 표준설치열교 | D10: 내단열 | E10: 금속 | F10: 단창 | G10: 외부측 | H10: 0.611 | I10: 0.611 | J10: 0.611
A11: WS_008 | B11: 표준 | C11: 표준설치열교 | D11: 내단열 | E11: 금속 | F11: 단창 | G11: 중간 | H11: 0.081 | I11: 0.081 | J11: 0.081
A12: WS_009 | B12: 표준 | C12: 표준설치열교 | D12: 내단열 | E12: 금속 | F12: 단창 | G12: 내부측 | H12: 0.052 | I12: 0.052 | J12: 0.052
A13: WS_010 | B13: 표준 | C13: 표준설치열교 | D13: 내단열 | E13: 금속 | F13: 이중창 | G13: 외부측 | H13: 0.037 | I13: 0.037 | J13: 0.037
A14: WS_011 | B14: 표준 | C14: 표준설치열교 | D14: 내단열 | E14: 금속 | F14: 이중창 | G14: 중간 | H14: 0 | I14: 0 | J14: 0
A15: WS_012 | B15: 표준 | C15: 표준설치열교 | D15: 내단열 | E15: 금속 | F15: 이중창 | G15: 내부측 | H15: 0 | I15: 0 | J15: 0
... A51: WS_048 | B51: 표준 | C51: 표준설치열교 | D51: 경량철골조 | E51: 금속 | F51: 이중창 | G51: 내부측 | H51: 0.131 | I51: 0.131 | J51: 0.131

Sheet 이미지_설치열교
A1: 번호 | B1: DB유형 | C1: 제품명 | D1: 구분1 | E1: 구분2 | F1: 구분3 | G1: 구분4 | H1: 이미지_열교유형
A2: =설치열교!A4 -> WS_001 | B2: =설치열교!B4 -> 표준 | C2: =설치열교!C4 -> 표준설치열교 | D2: =설치열교!D4 -> 내단열 | E2: =설치열교!E4 -> 플라스틱 | F2: =설치열교!F4 -> 단창 | G2: =설치열교!G4 -> 외부측
A3: =설치열교!A5 -> WS_002 | B3: =설치열교!B5 -> 표준 | C3: =설치열교!C5 -> 표준설치열교 | D3: =설치열교!D5 -> 내단열 | E3: =설치열교!E5 -> 플라스틱 | F3: =설치열교!F5 -> 단창 | G3: =설치열교!G5 -> 중간
A4: =설치열교!A6 -> WS_003 | B4: =설치열교!B6 -> 표준 | C4: =설치열교!C6 -> 표준설치열교 | D4: =설치열교!D6 -> 내단열 | E4: =설치열교!E6 -> 플라스틱 | F4: =설치열교!F6 -> 단창 | G4: =설치열교!G6 -> 내부측
A5: =설치열교!A7 -> WS_004 | B5: =설치열교!B7 -> 표준 | C5: =설치열교!C7 -> 표준설치열교 | D5: =설치열교!D7 -> 내단열 | E5: =설치열교!E7 -> 플라스틱 | F5: =설치열교!F7 -> 이중창 | G5: =설치열교!G7 -> 외부측
A6: =설치열교!A8 -> WS_005 | B6: =설치열교!B8 -> 표준 | C6: =설치열교!C8 -> 표준설치열교 | D6: =설치열교!D8 -> 내단열 | E6: =설치열교!E8 -> 플라스틱 | F6: =설치열교!F8 -> 이중창 | G6: =설치열교!G8 -> 중간
A7: =설치열교!A9 -> WS_006 | B7: =설치열교!B9 -> 표준 | C7: =설치열교!C9 -> 표준설치열교 | D7: =설치열교!D9 -> 내단열 | E7: =설치열교!E9 -> 플라스틱 | F7: =설치열교!F9 -> 이중창 | G7: =설치열교!G9 -> 내부측
A8: =설치열교!A10 -> WS_007 | B8: =설치열교!B10 -> 표준 | C8: =설치열교!C10 -> 표준설치열교 | D8: =설치열교!D10 -> 내단열 | E8: =설치열교!E10 -> 금속 | F8: =설치열교!F10 -> 단창 | G8: =설치열교!G10 -> 외부측
A9: =설치열교!A11 -> WS_008 | B9: =설치열교!B11 -> 표준 | C9: =설치열교!C11 -> 표준설치열교 | D9: =설치열교!D11 -> 내단열 | E9: =설치열교!E11 -> 금속 | F9: =설치열교!F11 -> 단창 | G9: =설치열교!G11 -> 중간
A10: WS_009 | B10: 표준 | C10: 표준설치열교 | D10: 내단열 | E10: 금속 | F10: 단창 | G10: 내부측
A11: WS_010 | B11: 표준 | C11: 표준설치열교 | D11: 내단열 | E11: 금속 | F11: 이중창 | G11: 외부측
A12: WS_011 | B12: 표준 | C12: 표준설치열교 | D12: 내단열 | E12: 금속 | F12: 이중창 | G12: 중간
A13: WS_012 | B13: 표준 | C13: 표준설치열교 | D13: 내단열 | E13: 금속 | F13: 이중창 | G13: 내부측
A14: WS_013 | B14: 표준 | C14: 표준설치열교 | D14: 외단열 | E14: 플라스틱 | F14: 단창 | G14: 외부측
A15: WS_014 | B15: 표준 | C15: 표준설치열교 | D15: 외단열 | E15: 플라스틱 | F15: 단창 | G15: 중간
A16: WS_015 | B16: 표준 | C16: 표준설치열교 | D16: 외단열 | E16: 플라스틱 | F16: 단창 | G16: 내부측
A17: WS_016 | B17: 표준 | C17: 표준설치열교 | D17: 외단열 | E17: 플라스틱 | F17: 이중창 | G17: 외부측
A18: WS_017 | B18: 표준 | C18: 표준설치열교 | D18: 외단열 | E18: 플라스틱 | F18: 이중창 | G18: 중간
A19: WS_018 | B19: 표준 | C19: 표준설치열교 | D19: 외단열 | E19: 플라스틱 | F19: 이중창 | G19: 내부측
A20: WS_019 | B20: 표준 | C20: 표준설치열교 | D20: 외단열 | E20: 금속 | F20: 단창 | G20: 외부측
A21: WS_020 | B21: 표준 | C21: 표준설치열교 | D21: 외단열 | E21: 금속 | F21: 단창 | G21: 중간
... A49: WS_048 | B49: 표준 | C49: 표준설치열교 | D49: 경량철골조 | E49: 금속 | F49: 이중창 | G49: 내부측

Sheet 이미지_구조유형
A1: 번호 | B1: 구조유형 | C1: 이미지
A2: 1 | B2: 기존창호
A3: 2 | B3: 신규
A4: 3 | B4: 철거 후 신규
A5: 4 | B5: 외부(커튼월)덧댐
A6: 5 | B6: 내부덧댐
A7: 6 | B7: 커튼월창

Sheet 이미지_창호프레임
A1: 프레임유형
A2: 단창_T/T | B2: 기본형 | C2: 플라스틱
A3: 단창_T/T | B3: 3단형 | C3: 플라스틱
A4: 단창_T/T | B4: 4단형 | C4: 플라스틱
A5: 단창_T/T | B5: 기본형 | C5: 금속
A6: 단창_T/T | B6: 3단형 | C6: 금속
A7: 단창_T/T | B7: 4단형 | C7: 금속
A8: 단창_SL | B8: 기본형 | C8: 플라스틱
A9: 단창_SL | B9: 3단형 | C9: 플라스틱
A10: 단창_SL | B10: 4단형 | C10: 플라스틱
A11: 단창_SL | B11: 기본형 | C11: 금속
A12: 단창_SL | B12: 3단형 | C12: 금속
A13: 단창_SL | B13: 4단형 | C13: 금속
... A19: 이중창_SL | B19: 4단형 | C19: 금속
