Workbook

Sheet 문
A1: 번호 | B1: DB유형 | C1: 제품명 | D1: 제조사 | E1: 문짝 종류 | F1: 문짝내부 | G1: 문틀내부 | H1: 유리면적 | I1: SHGC | J1: 문틀 상부열관류율 | K1: 문틀 하부열관류율 | L1: 문틀두께 | M1: 문짝열관류율 | N1: 간격 | O1: 선형열관류율 | P1: 추가열교 가산치 | Q1: 문(표준) 열관류율
A2: 기호 | H2: Ag | I2: SHGC | J2: Ψover | K2: Ψbottom | L2: do | M2: Udesign | N2: dstud | O2: Ψo | P2: ΔU | Q2: Uo
A3: 단위 | H3: [-] | I3: [-] | J3: [W/m∙K] | K3: [W/m∙K] | L3: [mm] | M3: [W/m2∙K] | N3: [mm] | O3: [W/m∙K] | P3: [W/m2∙K] | Q3: [W/m2∙K]
A4: 표준_001 | B4: 표준 | C4: D_WOOD1 | D4: IPAZEB | E4: 목재문 | F4: 공기 | G4: 목재 | H4: - | I4: - | J4: -0.026 | K4: -0.025 | L4: 30 | M4: 2.432 | N4: 600 | O4: -0.016 | P4: -0.026666667 | Q4: 2.4053333
A5: 표준_002 | B5: 표준 | C5: D_WOOD2 | D5: IPAZEB | E5: 목재문 | F5: 단열재 | G5: 목재 | H5: - | I5: - | J5: 0.036 | K5: 0.043 | L5: 30 | M5: 0.901 | N5: 600 | O5: 0.035 | P5: 0.058333333 | Q5: 0.95933333
A6: 표준_003 | B6: 표준 | C6: D_STEEL1 | D6: IPAZEB | E6: 철문 | F6: 공기 | G6: 공기 | H6: - | I6: - | J6: 0.316 | K6: 0.342 | L6: 30 | M6: 2.628 | N6: 600 | O6: 0.214 | P6: 0.35666667 | Q6: 2.9846667
A7: 표준_004 | B7: 표준 | C7: D_STEEL2 | D7: IPAZEB | E7: 철문 | F7: 공기 | G7: 시멘트몰탈 | H7: - | I7: - | J7: 0.364 | K7: 0.37 | L7: 30 | M7: 2.628 | N7: 600 | O7: 0.214 | P7: 0.35666667 | Q7: 2.9846667
A8: 표준_005 | B8: 표준 | C8: D_STEEL3 | D8: IPAZEB | E8: 철문 | F8: 공기 | G8: 단열재 | H8: - | I8: - | J8: 0.307 | K8: 0.337 | L8: 30 | M8: 2.628 | N8: 600 | O8: 0.214 | P8: 0.35666667 | Q8: 2.9846667
A9: 표준_006 | B9: 표준 | C9: D_STEEL4 | D9: IPAZEB | E9: 철문 | F9: 단열재 | G9: 공기 | H9: - | I9: - | J9: 0.508 | K9: 0.548 | L9: 40 | M9: 0.565 | N9: 600 | O9: 0.371 | P9: 0.61833333 | Q9: 1.1833333
A10: 표준_007 | B10: 표준 | C10: D_STEEL5 | D10: IPAZEB | E10: 철문 | F10: 단열재 | G10: 시멘트몰탈 | H10: - | I10: - | J10: 0.554 | K10: 0.576 | L10: 40 | M10: 0.565 | N10: 600 | O10: 0.371 | P10: 0.61833333 | Q10: 1.1833333
A11: 표준_008 | B11: 표준 | C11: D_STEEL6 | D11: IPAZEB | E11: 철문 | F11: 단열재 | G11: 단열재 | H11: - | I11: - | J11: 0.499 | K11: 0.543 | L11: 40 | M11: 0.565 | N11: 600 | O11: 0.371 | P11: 0.61833333 | Q11: 1.1833333
A12: 표준_009 | B12: 표준 | C12: D_INSUL1 | D12: IPAZEB | E12: 단열문 | F12: 단열재 | G12: 단열재 | H12: - | I12: - | J12: 0.108 | K12: 0.067 | L12: 48 | M12: 0.56497175 | N12: 600 | O12: 0.287 | P12: 0.47833333 | Q12: 1.0433051

Sheet 설치열교
A1: 번호 | B1: 제품명 | C1: 구분1 | D1: 구분2 | E1: 상부설치 선형열관류율 | F1: 측면설치 선형열관류율 | G1: 하부설치 선형열관류율
A2: 기호 | E2: Ψg,fix | F2: Ψg,t | G2: Ψg,t
A3: 단위 | E3: [W/m·K] | F3: [W/m·K] | G3: [W/m·K]
A4: DIS_001 | B4: =C4&"/"&LEFT(D4,2) -> 내단열/외부 | C4: 내단열 | D4: 외부측 | E4: 0.171 | F4: 0.171 | G4: 0.305
A5: DIS_002 | B5: =C5&"/"&LEFT(D5,2) -> 내단열/내부 | C5: 내단열 | D5: 내부측 | E5: -0.003 | F5: -0.003 | G5: 0.098
A6: DIS_003 | B6: =C6&"/"&LEFT(D6,2) -> 외단열/외부 | C6: 외단열 | D6: 외부측 | E6: -0.003 | F6: -0.003 | G6: -0.004
A7: DIS_004 | B7: =C7&"/"&LEFT(D7,2) -> 외단열/내부 | C7: 외단열 | D7: 내부측 | E7: 0.14 | F7: 0.14 | G7: 0.124
A8: DIS_005 | B8: =C8&"/"&LEFT(D8,2) -> 목구조/외부 | C8: 목구조 | D8: 외부측 | E8: 0.033 | F8: 0.033 | G8: 0.305
A9: DIS_006 | B9: =C9&"/"&LEFT(D9,2) -> 목구조/내부 | C9: 목구조 | D9: 내부측 | E9: 0.054 | F9: 0.054 | G9: 0.098
A10: DIS_007 | B10: =C10&"/"&LEFT(D10,2) -> 경량철골조/외부 | C10: 경량철골조 | D10: 외부측 | E10: 0.149 | F10: 0.149 | G10: 0.305
A11: DIS_008 | B11: =C11&"/"&LEFT(D11,2) -> 경량철골조/내부 | C11: 경량철골조 | D11: 내부측 | E11: 0.173 | F11: 0.173 | G11: 0.098

Sheet 이미지_문
A1: 번호 | B1: DB유형 | C1: 제품명 | D1: 제조사 | E1: 문짝 종류 | F1: 문짝내부 | G1: 문틀내부 | H1: 출입문 유형
A2: =문!A4 -> 표준_001 | B2: =문!B4 -> 표준 | C2: =문!C4 -> D_WOOD1 | D2: =문!D4 -> IPAZEB | E2: =문!E4 -> 목재문 | F2: =문!F4 -> 공기 | G2: =문!G4 -> 목재
A3: =문!A5 -> 표준_002 | B3: =문!B5 -> 표준 | C3: =문!C5 -> D_WOOD2 | D3: =문!D5 -> IPAZEB | E3: =문!E5 -> 목재문 | F3: =문!F5 -> 단열재 | G3: =문!G5 -> 목재
A4: =문!A6 -> 표준_003 | B4: =문!B6 -> 표준 | C4: =문!C6 -> D_STEEL1 | D4: =문!D6 -> IPAZEB | E4: =문!E6 -> 철문 | F4: =문!F6 -> 공기 | G4: =문!G6 -> 공기
A5: =문!A7 -> 표준_004 | B5: =문!B7 -> 표준 | C5: =문!C7 -> D_STEEL2 | D5: =문!D7 -> IPAZEB | E5: =문!E7 -> 철문 | F5: =문!F7 -> 공기 | G5: =문!G7 -> 시멘트몰탈
A6: =문!A8 -> 표준_005 | B6: =문!B8 -> 표준 | C6: =문!C8 -> D_STEEL3 | D6: =문!D8 -> IPAZEB | E6: =문!E8 -> 철문 | F6: =문!F8 -> 공기 | G6: =문!G8 -> 단열재
A7: =문!A9 -> 표준_006 | B7: =문!B9 -> 표준 | C7: =문!C9 -> D_STEEL4 | D7: =문!D9 -> IPAZEB | E7: =문!E9 -> 철문 | F7: =문!F9 -> 단열재 | G7: =문!G9 -> 공기
A8: =문!A10 -> 표준_007 | B8: =문!B10 -> 표준 | C8: =문!C10 -> D_STEEL5 | D8: =문!D10 -> IPAZEB | E8: =문!E10 -> 철문 | F8: =문!F10 -> 단열재 | G8: =문!G10 -> 시멘트몰탈
A9: =문!A11 -> 표준_008 | B9: =문!B11 -> 표준 | C9: =문!C11 -> D_STEEL6 | D9: =문!D11 -> IPAZEB | E9: =문!E11 -> 철문 | F9: =문!F11 -> 단열재 | G9: =문!G11 -> 단열재
A10: =문!A12 -> 표준_009 | B10: =문!B12 -> 표준 | C10: =문!C12 -> D_INSUL1 | D10: =문!D12 -> IPAZEB | E10: =문!E12 -> 단열문 | F10: =문!F12 -> 단열재 | G10: =문!G12 -> 단열재
E11: 표준 | F11: 표준 | G11: 표준

Sheet 이미지_설치열교
A1: 번호 | B1: 제품명 | C1: 구분1 | D1: 구분2 | E1: 열교유형이미지 | F1: 열교유형이미지 | G1: 하부열교유형이미지
A2: =설치열교!A4 -> DIS_001 | B2: =설치열교!B4 -> 내단열/외부 | C2: =설치열교!C4 -> 내단열 | D2: =설치열교!D4 -> 외부측
A3: =설치열교!A5 -> DIS_002 | B3: =설치열교!B5 -> 내단열/내부 | C3: =설치열교!C5 -> 내단열 | D3: =설치열교!D5 -> 내부측
A4: =설치열교!A6 -> DIS_003 | B4: =설치열교!B6 -> 외단열/외부 | C4: =설치열교!C6 -> 외단열 | D4: =설치열교!D6 -> 외부측
A5: =설치열교!A7 -> DIS_004 | B5: =설치열교!B7 -> 외단열/내부 | C5: =설치열교!C7 -> 외단열 | D5: =설치열교!D7 -> 내부측
A6: =설치열교!A8 -> DIS_005 | B6: =설치열교!B8 -> 목구조/외부 | C6: =설치열교!C8 -> 목구조 | D6: =설치열교!D8 -> 외부측
A7: =설치열교!A9 -> DIS_006 | B7: =설치열교!B9 -> 목구조/내부 | C7: =설치열교!C9 -> 목구조 | D7: =설치열교!D9 -> 내부측
A8: =설치열교!A10 -> DIS_007 | B8: =설치열교!B10 -> 경량철골조/외부 | C8: =설치열교!C10 -> 경량철골조 | D8: =설치열교!D10 -> 외부측
A9: =설치열교!A11 -> DIS_008 | B9: =설치열교!B11 -> 경량철골조/내부 | C9: =설치열교!C11 -> 경량철골조 | D9: =설치열교!D11 -> 내부측

Sheet 이미지_출입문유형
A1: 번호 | B1: 출입문 유형
A2: 1 | B2: =[1]출입문index!$B$21 -> 기존 출입문
A3: 2
A4: 3 | B4: =[1]출입문index!$B$22 -> 신규
A5: 4
A6: 5 | B6: =[1]출입문index!$B$23 -> 철거 후 신규
A7: 6
