Workbook

Sheet ZoneGeneral_3D
A1: 번호 | B1: 존번호 | C1: 층 | D1: 존이름
A2: =IFERROR(IF(C2="","",IF(B2="",IF(ROW(C2)-1>99,C2&"F_Zone"&ROW(C2)-1,IF(ROW(C2)-1>9, C2&"F_Zone0"&ROW(C2)-1,C2&"F_Zone00"&ROW(C2)-1)),B2)),"") -> 1F_Zone002 | B2: 1F_Zone002 | C2: 1 | D2: 사무실
A3: =IFERROR(IF(C3="","",IF(B3="",IF(ROW(C3)-1>99,C3&"F_Zone"&ROW(C3)-1,IF(ROW(C3)-1>9, C3&"F_Zone0"&ROW(C3)-1,C3&"F_Zone00"&ROW(C3)-1)),B3)),"") -> 1F_Zone003 | B3: 1F_Zone003 | C3: 1 | D3: 복도_계단실
A4: =IFERROR(IF(C4="","",IF(B4="",IF(ROW(C4)-1>99,C4&"F_Zone"&ROW(C4)-1,IF(ROW(C4)-1>9, C4&"F_Zone0"&ROW(C4)-1,C4&"F_Zone00"&ROW(C4)-1)),B4)),"") -> 1F_Zone004 | B4: 1F_Zone004 | C4: 1 | D4: 화장실
A5: =IFERROR(IF(C5="","",IF(B5="",IF(ROW(C5)-1>99,C5&"F_Zone"&ROW(C5)-1,IF(ROW(C5)-1>9, C5&"F_Zone0"&ROW(C5)-1,C5&"F_Zone00"&ROW(C5)-1)),B5)),"") -> 1F_Zone005 | B5: 1F_Zone005 | C5: 1 | D5: 방풍실
A6: =IFERROR(IF(C6="","",IF(B6="",IF(ROW(C6)-1>99,C6&"F_Zone"&ROW(C6)-1,IF(ROW(C6)-1>9, C6&"F_Zone0"&ROW(C6)-1,C6&"F_Zone00"&ROW(C6)-1)),B6)),"") -> 2F_Zone006 | B6: 2F_Zone006 | C6: 2 | D6: 진압대기실
A7: =IFERROR(IF(C7="","",IF(B7="",IF(ROW(C7)-1>99,C7&"F_Zone"&ROW(C7)-1,IF(ROW(C7)-1>9, C7&"F_Zone0"&ROW(C7)-1,C7&"F_Zone00"&ROW(C7)-1)),B7)),"") -> 2F_Zone007 | B7: 2F_Zone007 | C7: 2 | D7: 구급대기실(남)
A8: =IFERROR(IF(C8="","",IF(B8="",IF(ROW(C8)-1>99,C8&"F_Zone"&ROW(C8)-1,IF(ROW(C8)-1>9, C8&"F_Zone0"&ROW(C8)-1,C8&"F_Zone00"&ROW(C8)-1)),B8)),"") -> 2F_Zone008 | B8: 2F_Zone008 | C8: 2 | D8: 복도
A9: =IFERROR(IF(C9="","",IF(B9="",IF(ROW(C9)-1>99,C9&"F_Zone"&ROW(C9)-1,IF(ROW(C9)-1>9, C9&"F_Zone0"&ROW(C9)-1,C9&"F_Zone00"&ROW(C9)-1)),B9)),"") -> 2F_Zone009 | B9: 2F_Zone009 | C9: 2 | D9: 심신안정실
A10: =IFERROR(IF(C10="","",IF(B10="",IF(ROW(C10)-1>99,C10&"F_Zone"&ROW(C10)-1,IF(ROW(C10)-1>9, C10&"F_Zone0"&ROW(C10)-1,C10&"F_Zone00"&ROW(C10)-1)),B10)),"") -> 2F_Zone010 | B10: 2F_Zone010 | C10: 2 | D10: 구급대기실(여)
A11: =IFERROR(IF(C11="","",IF(B11="",IF(ROW(C11)-1>99,C11&"F_Zone"&ROW(C11)-1,IF(ROW(C11)-1>9, C11&"F_Zone0"&ROW(C11)-1,C11&"F_Zone00"&ROW(C11)-1)),B11)),"") -> 2F_Zone011 | B11: 2F_Zone011 | C11: 2 | D11: 화장실_샤워실
A12: =IFERROR(IF(C12="","",IF(B12="",IF(ROW(C12)-1>99,C12&"F_Zone"&ROW(C12)-1,IF(ROW(C12)-1>9, C12&"F_Zone0"&ROW(C12)-1,C12&"F_Zone00"&ROW(C12)-1)),B12)),"") -> 2F_Zone012 | B12: 2F_Zone012 | C12: 2 | D12: 부소장실
A13: =IFERROR(IF(C13="","",IF(B13="",IF(ROW(C13)-1>99,C13&"F_Zone"&ROW(C13)-1,IF(ROW(C13)-1>9, C13&"F_Zone0"&ROW(C13)-1,C13&"F_Zone00"&ROW(C13)-1)),B13)),"") -> 2F_Zone013 | B13: 2F_Zone013 | C13: 2 | D13: 구급대기실(여)화장실
... A21: =IFERROR(IF(C21="","",IF(B21="",IF(ROW(C21)-1>99,C21&"F_Zone"&ROW(C21)-1,IF(ROW(C21)-1>9, C21&"F_Zone0"&ROW(C21)-1,C21&"F_Zone00"&ROW(C21)-1)),B21)),"") -> 4F_Zone021 | B21: 4F_Zone021 | C21: 4 | D21: 체력단련장
A22: =IFERROR(IF(C22="","",IF(B22="",IF(ROW(C22)-1>99,C22&"F_Zone"&ROW(C22)-1,IF(ROW(C22)-1>9, C22&"F_Zone0"&ROW(C22)-1,C22&"F_Zone00"&ROW(C22)-1)),B22)),"")
A23: =IFERROR(IF(C23="","",IF(B23="",IF(ROW(C23)-1>99,C23&"F_Zone"&ROW(C23)-1,IF(ROW(C23)-1>9, C23&"F_Zone0"&ROW(C23)-1,C23&"F_Zone00"&ROW(C23)-1)),B23)),"")
A24: =IFERROR(IF(C24="","",IF(B24="",IF(ROW(C24)-1>99,C24&"F_Zone"&ROW(C24)-1,IF(ROW(C24)-1>9, C24&"F_Zone0"&ROW(C24)-1,C24&"F_Zone00"&ROW(C24)-1)),B24)),"")
A25: =IFERROR(IF(C25="","",IF(B25="",IF(ROW(C25)-1>99,C25&"F_Zone"&ROW(C25)-1,IF(ROW(C25)-1>9, C25&"F_Zone0"&ROW(C25)-1,C25&"F_Zone00"&ROW(C25)-1)),B25)),"")
A26: =IFERROR(IF(C26="","",IF(B26="",IF(ROW(C26)-1>99,C26&"F_Zone"&ROW(C26)-1,IF(ROW(C26)-1>9, C26&"F_Zone0"&ROW(C26)-1,C26&"F_Zone00"&ROW(C26)-1)),B26)),"")
A27: =IFERROR(IF(C27="","",IF(B27="",IF(ROW(C27)-1>99,C27&"F_Zone"&ROW(C27)-1,IF(ROW(C27)-1>9, C27&"F_Zone0"&ROW(C27)-1,C27&"F_Zone00"&ROW(C27)-1)),B27)),"")
A28: =IFERROR(IF(C28="","",IF(B28="",IF(ROW(C28)-1>99,C28&"F_Zone"&ROW(C28)-1,IF(ROW(C28)-1>9, C28&"F_Zone0"&ROW(C28)-1,C28&"F_Zone00"&ROW(C28)-1)),B28)),"")
A29: =IFERROR(IF(C29="","",IF(B29="",IF(ROW(C29)-1>99,C29&"F_Zone"&ROW(C29)-1,IF(ROW(C29)-1>9, C29&"F_Zone0"&ROW(C29)-1,C29&"F_Zone00"&ROW(C29)-1)),B29)),"")
A30: =IFERROR(IF(C30="","",IF(B30="",IF(ROW(C30)-1>99,C30&"F_Zone"&ROW(C30)-1,IF(ROW(C30)-1>9, C30&"F_Zone0"&ROW(C30)-1,C30&"F_Zone00"&ROW(C30)-1)),B30)),"")
A31: =IFERROR(IF(C31="","",IF(B31="",IF(ROW(C31)-1>99,C31&"F_Zone"&ROW(C31)-1,IF(ROW(C31)-1>9, C31&"F_Zone0"&ROW(C31)-1,C31&"F_Zone00"&ROW(C31)-1)),B31)),"")
A32: =IFERROR(IF(C32="","",IF(B32="",IF(ROW(C32)-1>99,C32&"F_Zone"&ROW(C32)-1,IF(ROW(C32)-1>9, C32&"F_Zone0"&ROW(C32)-1,C32&"F_Zone00"&ROW(C32)-1)),B32)),"")
A33: =IFERROR(IF(C33="","",IF(B33="",IF(ROW(C33)-1>99,C33&"F_Zone"&ROW(C33)-1,IF(ROW(C33)-1>9, C33&"F_Zone0"&ROW(C33)-1,C33&"F_Zone00"&ROW(C33)-1)),B33)),"")
... A501: =IFERROR(IF(C501="","",IF(B501="",IF(ROW(C501)-1>99,C501&"F_Zone"&ROW(C501)-1,IF(ROW(C501)-1>9, C501&"F_Zone0"&ROW(C501)-1,C501&"F_Zone00"&ROW(C501)-1)),B501)),"")

Sheet ZoneEnvelope_3D
A1: 번호 | B1: 외피번호 | C1: 층 | D1: 존 | E1: 외피유형 | F1: 커튼월부위 | G1: 면적 | H1: 인접존 | I1: 방위 | J1: 기울기 | K1: 우측면돌출각도 | L1: 좌측면돌출각도 | M1: 상부돌출각도 | N1: 주변요소음영각도 | O1: 우측면돌출길이 | P1: 좌측면돌출길이 | Q1: 상부돌출길이 | R1: 주변요소음영길이 | S1: 벽체길이 | T1: 창호너비 | U1: 창호높이
A2: =IFERROR(IF(E2="","",IF(B2="",D2&"_"& IF($E2=외피index!$B$3, 외피index!$C$3&"_"&COUNTIFS(E2:$E$2,외피index!$B$3,D2:$D$2,D2), IF($E2=외피index!$B$4, 외피index!$C$4&"_"&COUNTIFS(E2:$E$2,외피index!$B$4,D2:$D$2,D2), IF($E2=외피index!$B$5, 외피index!$C$5&"_"&COUNTIFS(E2:$E$2,외피index!$B$5,D2:$D$2,D2), IF($E2=외피index!$B$6, 외피index!$C$6&"_"&COUNTIFS(E2:$E$2,외피index!$B$6,D2:$D$2,D2), IF($E2=외피index!$B$7, 외피index!$C$7&"_"&COUNTIFS(E2:$E$2,외피index!$B$7,D2:$D$2,D2), IF($E2=외피index!$B$8, 외피index!$C$8&"_"&COUNTIFS(E2:$E$2,외피index!$B$8,D2:$D$2,D2), IF($E2=외피index!$B$9, 외피index!$C$9&"_"&COUNTIFS(E2:$E$2,외피index!$B$9,D2:$D$2,D2), IF($E2=외피index!$B$10, 외피index!$C$10&"_"&COUNTIFS(E2:$E$2,외피index!$B$10,D2:$D$2,D2), 0)))))))),B2)),"") -> 2F_Zone006_SL_9 | B2: 2F_Zone006_SL_9 | C2: 2F | D2: 2F_Zone006 | E2: 층간바닥 | G2: 28.080031 | H2: 3F_Zone014 | I2: 수평 | J2: 180 | K2: 0 | L2: 0 | M2: 0 | N2: 0 | O2: 0 | P2: 0 | Q2: 0 | R2: 0 | S2: 0 | T2: 0 | U2: 0
A3: =IFERROR(IF(E3="","",IF(B3="",D3&"_"& IF($E3=외피index!$B$3, 외피index!$C$3&"_"&COUNTIFS(E$2:$E3,외피index!$B$3,D$2:$D3,D3), IF($E3=외피index!$B$4, 외피index!$C$4&"_"&COUNTIFS(E$2:$E3,외피index!$B$4,D$2:$D3,D3), IF($E3=외피index!$B$5, 외피index!$C$5&"_"&COUNTIFS(E$2:$E3,외피index!$B$5,D$2:$D3,D3), IF($E3=외피index!$B$6, 외피index!$C$6&"_"&COUNTIFS(E$2:$E3,외피index!$B$6,D$2:$D3,D3), IF($E3=외피index!$B$7, 외피index!$C$7&"_"&COUNTIFS(E$2:$E3,외피index!$B$7,D$2:$D3,D3), IF($E3=외피index!$B$8, 외피index!$C$8&"_"&COUNTIFS(E$2:$E3,외피index!$B$8,D$2:$D3,D3), IF($E3=외피index!$B$9, 외피index!$C$9&"_"&COUNTIFS(E$2:$E3,외피index!$B$9,D$2:$D3,D3), IF($E3=외피index!$B$10, 외피index!$C$10&"_"&COUNTIFS(E$2:$E3,외피index!$B$10,D$2:$D3,D3), 0)))))))),B3)),"") -> 2F_Zone007_SL_7 | B3: 2F_Zone007_SL_7 | C3: 2F | D3: 2F_Zone007 | E3: 층간바닥 | G3: 22.879955 | H3: 3F_Zone015 | I3: 수평 | J3: 180 | K3: 0 | L3: 0 | M3: 0 | N3: 0 | O3: 0 | P3: 0 | Q3: 0 | R3: 0 | S3: 0 | T3: 0 | U3: 0
A4: =IFERROR(IF(E4="","",IF(B4="",D4&"_"& IF($E4=외피index!$B$3, 외피index!$C$3&"_"&COUNTIFS(E$2:$E4,외피index!$B$3,D$2:$D4,D4), IF($E4=외피index!$B$4, 외피index!$C$4&"_"&COUNTIFS(E$2:$E4,외피index!$B$4,D$2:$D4,D4), IF($E4=외피index!$B$5, 외피index!$C$5&"_"&COUNTIFS(E$2:$E4,외피index!$B$5,D$2:$D4,D4), IF($E4=외피index!$B$6, 외피index!$C$6&"_"&COUNTIFS(E$2:$E4,외피index!$B$6,D$2:$D4,D4), IF($E4=외피index!$B$7, 외피index!$C$7&"_"&COUNTIFS(E$2:$E4,외피index!$B$7,D$2:$D4,D4), IF($E4=외피index!$B$8, 외피index!$C$8&"_"&COUNTIFS(E$2:$E4,외피index!$B$8,D$2:$D4,D4), IF($E4=외피index!$B$9, 외피index!$C$9&"_"&COUNTIFS(E$2:$E4,외피index!$B$9,D$2:$D4,D4), IF($E4=외피index!$B$10, 외피index!$C$10&"_"&COUNTIFS(E$2:$E4,외피index!$B$10,D$2:$D4,D4), 0)))))))),B4)),"") -> 2F_Zone011_RF_6 | B4: 2F_Zone011_RF_6 | C4: 2F | D4: 2F_Zone011 | E4: 지붕 | G4: 18.200043 | I4: 수평 | J4: 0 | K4: 0 | L4: 0 | M4: 0 | N4: 0 | O4: 0 | P4: 0 | Q4: 0 | R4: 0 | S4: 0 | T4: 0 | U4: 0
A5: =IFERROR(IF(E5="","",IF(B5="",D5&"_"& IF($E5=외피index!$B$3, 외피index!$C$3&"_"&COUNTIFS(E$2:$E5,외피index!$B$3,D$2:$D5,D5), IF($E5=외피index!$B$4, 외피index!$C$4&"_"&COUNTIFS(E$2:$E5,외피index!$B$4,D$2:$D5,D5), IF($E5=외피index!$B$5, 외피index!$C$5&"_"&COUNTIFS(E$2:$E5,외피index!$B$5,D$2:$D5,D5), IF($E5=외피index!$B$6, 외피index!$C$6&"_"&COUNTIFS(E$2:$E5,외피index!$B$6,D$2:$D5,D5), IF($E5=외피index!$B$7, 외피index!$C$7&"_"&COUNTIFS(E$2:$E5,외피index!$B$7,D$2:$D5,D5), IF($E5=외피index!$B$8, 외피index!$C$8&"_"&COUNTIFS(E$2:$E5,외피index!$B$8,D$2:$D5,D5), IF($E5=외피index!$B$9, 외피index!$C$9&"_"&COUNTIFS(E$2:$E5,외피index!$B$9,D$2:$D5,D5), IF($E5=외피index!$B$10, 외피index!$C$10&"_"&COUNTIFS(E$2:$E5,외피index!$B$10,D$2:$D5,D5), 0)))))))),B5)),"") -> 2F_Zone008_SL_7 | B5: 2F_Zone008_SL_7 | C5: 2F | D5: 2F_Zone008 | E5: 층간바닥 | G5: 15.449966 | H5: 3F_Zone016 | I5: 수평 | J5: 0 | K5: 0 | L5: 0 | M5: 0 | N5: 0 | O5: 0 | P5: 0 | Q5: 0 | R5: 0 | S5: 0 | T5: 0 | U5: 0
A6: =IFERROR(IF(E6="","",IF(B6="",D6&"_"& IF($E6=외피index!$B$3, 외피index!$C$3&"_"&COUNTIFS(E$2:$E6,외피index!$B$3,D$2:$D6,D6), IF($E6=외피index!$B$4, 외피index!$C$4&"_"&COUNTIFS(E$2:$E6,외피index!$B$4,D$2:$D6,D6), IF($E6=외피index!$B$5, 외피index!$C$5&"_"&COUNTIFS(E$2:$E6,외피index!$B$5,D$2:$D6,D6), IF($E6=외피index!$B$6, 외피index!$C$6&"_"&COUNTIFS(E$2:$E6,외피index!$B$6,D$2:$D6,D6), IF($E6=외피index!$B$7, 외피index!$C$7&"_"&COUNTIFS(E$2:$E6,외피index!$B$7,D$2:$D6,D6), IF($E6=외피index!$B$8, 외피index!$C$8&"_"&COUNTIFS(E$2:$E6,외피index!$B$8,D$2:$D6,D6), IF($E6=외피index!$B$9, 외피index!$C$9&"_"&COUNTIFS(E$2:$E6,외피index!$B$9,D$2:$D6,D6), IF($E6=외피index!$B$10, 외피index!$C$10&"_"&COUNTIFS(E$2:$E6,외피index!$B$10,D$2:$D6,D6), 0)))))))),B6)),"") -> 2F_Zone009_SL_6 | B6: 2F_Zone009_SL_6 | C6: 2F | D6: 2F_Zone009 | E6: 층간바닥 | G6: 14.040055 | H6: 3F_Zone015 | I6: 수평 | J6: 180 | K6: 0 | L6: 0 | M6: 0 | N6: 0 | O6: 0 | P6: 0 | Q6: 0 | R6: 0 | S6: 0 | T6: 0 | U6: 0
A7: =IFERROR(IF(E7="","",IF(B7="",D7&"_"& IF($E7=외피index!$B$3, 외피index!$C$3&"_"&COUNTIFS(E$2:$E7,외피index!$B$3,D$2:$D7,D7), IF($E7=외피index!$B$4, 외피index!$C$4&"_"&COUNTIFS(E$2:$E7,외피index!$B$4,D$2:$D7,D7), IF($E7=외피index!$B$5, 외피index!$C$5&"_"&COUNTIFS(E$2:$E7,외피index!$B$5,D$2:$D7,D7), IF($E7=외피index!$B$6, 외피index!$C$6&"_"&COUNTIFS(E$2:$E7,외피index!$B$6,D$2:$D7,D7), IF($E7=외피index!$B$7, 외피index!$C$7&"_"&COUNTIFS(E$2:$E7,외피index!$B$7,D$2:$D7,D7), IF($E7=외피index!$B$8, 외피index!$C$8&"_"&COUNTIFS(E$2:$E7,외피index!$B$8,D$2:$D7,D7), IF($E7=외피index!$B$9, 외피index!$C$9&"_"&COUNTIFS(E$2:$E7,외피index!$B$9,D$2:$D7,D7), IF($E7=외피index!$B$10, 외피index!$C$10&"_"&COUNTIFS(E$2:$E7,외피index!$B$10,D$2:$D7,D7), 0)))))))),B7)),"") -> 2F_Zone010_RF_10 | B7: 2F_Zone010_RF_10 | C7: 2F | D7: 2F_Zone010 | E7: 지붕 | G7: 10.920018 | I7: 수평 | J7: 0 | K7: 0 | L7: 0 | M7: 0 | N7: 0 | O7: 0 | P7: 0 | Q7: 0 | R7: 0 | S7: 0 | T7: 0 | U7: 0
A8: =IFERROR(IF(E8="","",IF(B8="",D8&"_"& IF($E8=외피index!$B$3, 외피index!$C$3&"_"&COUNTIFS(E$2:$E8,외피index!$B$3,D$2:$D8,D8), IF($E8=외피index!$B$4, 외피index!$C$4&"_"&COUNTIFS(E$2:$E8,외피index!$B$4,D$2:$D8,D8), IF($E8=외피index!$B$5, 외피index!$C$5&"_"&COUNTIFS(E$2:$E8,외피index!$B$5,D$2:$D8,D8), IF($E8=외피index!$B$6, 외피index!$C$6&"_"&COUNTIFS(E$2:$E8,외피index!$B$6,D$2:$D8,D8), IF($E8=외피index!$B$7, 외피index!$C$7&"_"&COUNTIFS(E$2:$E8,외피index!$B$7,D$2:$D8,D8), IF($E8=외피index!$B$8, 외피index!$C$8&"_"&COUNTIFS(E$2:$E8,외피index!$B$8,D$2:$D8,D8), IF($E8=외피index!$B$9, 외피index!$C$9&"_"&COUNTIFS(E$2:$E8,외피index!$B$9,D$2:$D8,D8), IF($E8=외피index!$B$10, 외피index!$C$10&"_"&COUNTIFS(E$2:$E8,외피index!$B$10,D$2:$D8,D8), 0)))))))),B8)),"") -> 2F_Zone006_SL_8 | B8: 2F_Zone006_SL_8 | C8: 2F | D8: 2F_Zone006 | E8: 층간바닥 | G8: 8.6799365 | H8: 3F_Zone017 | I8: 수평 | J8: 180 | K8: 0 | L8: 0 | M8: 0 | N8: 0 | O8: 0 | P8: 0 | Q8: 0 | R8: 0 | S8: 0 | T8: 0 | U8: 0
A9: =IFERROR(IF(E9="","",IF(B9="",D9&"_"& IF($E9=외피index!$B$3, 외피index!$C$3&"_"&COUNTIFS(E$2:$E9,외피index!$B$3,D$2:$D9,D9), IF($E9=외피index!$B$4, 외피index!$C$4&"_"&COUNTIFS(E$2:$E9,외피index!$B$4,D$2:$D9,D9), IF($E9=외피index!$B$5, 외피index!$C$5&"_"&COUNTIFS(E$2:$E9,외피index!$B$5,D$2:$D9,D9), IF($E9=외피index!$B$6, 외피index!$C$6&"_"&COUNTIFS(E$2:$E9,외피index!$B$6,D$2:$D9,D9), IF($E9=외피index!$B$7, 외피index!$C$7&"_"&COUNTIFS(E$2:$E9,외피index!$B$7,D$2:$D9,D9), IF($E9=외피index!$B$8, 외피index!$C$8&"_"&COUNTIFS(E$2:$E9,외피index!$B$8,D$2:$D9,D9), IF($E9=외피index!$B$9, 외피index!$C$9&"_"&COUNTIFS(E$2:$E9,외피index!$B$9,D$2:$D9,D9), IF($E9=외피index!$B$10, 외피index!$C$10&"_"&COUNTIFS(E$2:$E9,외피index!$B$10,D$2:$D9,D9), 0)))))))),B9)),"") -> 2F_Zone012_RF_7 | B9: 2F_Zone012_RF_7 | C9: 2F | D9: 2F_Zone012 | E9: 지붕 | G9: 7.5400415 | I9: 수평 | J9: 0 | K9: 0 | L9: 0 | M9: 0 | N9: 0 | O9: 0 | P9: 0 | Q9: 0 | R9: 0 | S9: 0 | T9: 0 | U9: 0
A10: =IFERROR(IF(E10="","",IF(B10="",D10&"_"& IF($E10=외피index!$B$3, 외피index!$C$3&"_"&COUNTIFS(E$2:$E10,외피index!$B$3,D$2:$D10,D10), IF($E10=외피index!$B$4, 외피index!$C$4&"_"&COUNTIFS(E$2:$E10,외피index!$B$4,D$2:$D10,D10), IF($E10=외피index!$B$5, 외피index!$C$5&"_"&COUNTIFS(E$2:$E10,외피index!$B$5,D$2:$D10,D10), IF($E10=외피index!$B$6, 외피index!$C$6&"_"&COUNTIFS(E$2:$E10,외피index!$B$6,D$2:$D10,D10), IF($E10=외피index!$B$7, 외피index!$C$7&"_"&COUNTIFS(E$2:$E10,외피index!$B$7,D$2:$D10,D10), IF($E10=외피index!$B$8, 외피index!$C$8&"_"&COUNTIFS(E$2:$E10,외피index!$B$8,D$2:$D10,D10), IF($E10=외피index!$B$9, 외피index!$C$9&"_"&COUNTIFS(E$2:$E10,외피index!$B$9,D$2:$D10,D10), IF($E10=외피index!$B$10, 외피index!$C$10&"_"&COUNTIFS(E$2:$E10,외피index!$B$10,D$2:$D10,D10), 0)))))))),B10)),"") -> 2F_Zone006_SL_7 | B10: 2F_Zone006_SL_7 | C10: 2F | D10: 2F_Zone006 | E10: 층간바닥 | G10: 5.8799915 | H10: 3F_Zone016 | I10: 수평 | J10: 0 | K10: 0 | L10: 0 | M10: 0 | N10: 0 | O10: 0 | P10: 0 | Q10: 0 | R10: 0 | S10: 0 | T10: 0 | U10: 0
A11: =IFERROR(IF(E11="","",IF(B11="",D11&"_"& IF($E11=외피index!$B$3, 외피index!$C$3&"_"&COUNTIFS(E$2:$E11,외피index!$B$3,D$2:$D11,D11), IF($E11=외피index!$B$4, 외피index!$C$4&"_"&COUNTIFS(E$2:$E11,외피index!$B$4,D$2:$D11,D11), IF($E11=외피index!$B$5, 외피index!$C$5&"_"&COUNTIFS(E$2:$E11,외피index!$B$5,D$2:$D11,D11), IF($E11=외피index!$B$6, 외피index!$C$6&"_"&COUNTIFS(E$2:$E11,외피index!$B$6,D$2:$D11,D11), IF($E11=외피index!$B$7, 외피index!$C$7&"_"&COUNTIFS(E$2:$E11,외피index!$B$7,D$2:$D11,D11), IF($E11=외피index!$B$8, 외피index!$C$8&"_"&COUNTIFS(E$2:$E11,외피index!$B$8,D$2:$D11,D11), IF($E11=외피index!$B$9, 외피index!$C$9&"_"&COUNTIFS(E$2:$E11,외피index!$B$9,D$2:$D11,D11), IF($E11=외피index!$B$10, 외피index!$C$10&"_"&COUNTIFS(E$2:$E11,외피index!$B$10,D$2:$D11,D11), 0)))))))),B11)),"") -> 2F_Zone008_SL_15 | B11: 2F_Zone008_SL_15 | C11: 2F | D11: 2F_Zone008 | E11: 층간바닥 | G11: 5.5822345 | H11: 3F_Zone019 | I11: 수평 | J11: 0 | K11: 0 | L11: 0 | M11: 0 | N11: 0 | O11: 0 | P11: 0 | Q11: 0 | R11: 0 | S11: 0 | T11: 0 | U11: 0
A12: =IFERROR(IF(E12="","",IF(B12="",D12&"_"& IF($E12=외피index!$B$3, 외피index!$C$3&"_"&COUNTIFS(E$2:$E12,외피index!$B$3,D$2:$D12,D12), IF($E12=외피index!$B$4, 외피index!$C$4&"_"&COUNTIFS(E$2:$E12,외피index!$B$4,D$2:$D12,D12), IF($E12=외피index!$B$5, 외피index!$C$5&"_"&COUNTIFS(E$2:$E12,외피index!$B$5,D$2:$D12,D12), IF($E12=외피index!$B$6, 외피index!$C$6&"_"&COUNTIFS(E$2:$E12,외피index!$B$6,D$2:$D12,D12), IF($E12=외피index!$B$7, 외피index!$C$7&"_"&COUNTIFS(E$2:$E12,외피index!$B$7,D$2:$D12,D12), IF($E12=외피index!$B$8, 외피index!$C$8&"_"&COUNTIFS(E$2:$E12,외피index!$B$8,D$2:$D12,D12), IF($E12=외피index!$B$9, 외피index!$C$9&"_"&COUNTIFS(E$2:$E12,외피index!$B$9,D$2:$D12,D12), IF($E12=외피index!$B$10, 외피index!$C$10&"_"&COUNTIFS(E$2:$E12,외피index!$B$10,D$2:$D12,D12), 0)))))))),B12)),"") -> 2F_Zone013_SL_7 | B12: 2F_Zone013_SL_7 | C12: 2F | D12: 2F_Zone013 | E12: 층간바닥 | G12: 4.7999878 | H12: 3F_Zone020 | I12: 수평 | J12: 180 | K12: 0 | L12: 0 | M12: 0 | N12: 0 | O12: 0 | P12: 0 | Q12: 0 | R12: 0 | S12: 0 | T12: 0 | U12: 0
A13: =IFERROR(IF(E13="","",IF(B13="",D13&"_"& IF($E13=외피index!$B$3, 외피index!$C$3&"_"&COUNTIFS(E$2:$E13,외피index!$B$3,D$2:$D13,D13), IF($E13=외피index!$B$4, 외피index!$C$4&"_"&COUNTIFS(E$2:$E13,외피index!$B$4,D$2:$D13,D13), IF($E13=외피index!$B$5, 외피index!$C$5&"_"&COUNTIFS(E$2:$E13,외피index!$B$5,D$2:$D13,D13), IF($E13=외피index!$B$6, 외피index!$C$6&"_"&COUNTIFS(E$2:$E13,외피index!$B$6,D$2:$D13,D13), IF($E13=외피index!$B$7, 외피index!$C$7&"_"&COUNTIFS(E$2:$E13,외피index!$B$7,D$2:$D13,D13), IF($E13=외피index!$B$8, 외피index!$C$8&"_"&COUNTIFS(E$2:$E13,외피index!$B$8,D$2:$D13,D13), IF($E13=외피index!$B$9, 외피index!$C$9&"_"&COUNTIFS(E$2:$E13,외피index!$B$9,D$2:$D13,D13), IF($E13=외피index!$B$10, 외피index!$C$10&"_"&COUNTIFS(E$2:$E13,외피index!$B$10,D$2:$D13,D13), 0)))))))),B13)),"") -> 2F_Zone012_SL_9 | B13: 2F_Zone012_SL_9 | C13: 2F | D13: 2F_Zone012 | E13: 층간바닥 | G13: 1.8900087 | H13: 3F_Zone018 | I13: 수평 | J13: 0 | K13: 0 | L13: 0 | M13: 0 | N13: 0 | O13: 0 | P13: 0 | Q13: 0 | R13: 0 | S13: 0 | T13: 0 | U13: 0
A14: =IFERROR(IF(E14="","",IF(B14="",D14&"_"& IF($E14=외피index!$B$3, 외피index!$C$3&"_"&COUNTIFS(E$2:$E14,외피index!$B$3,D$2:$D14,D14), IF($E14=외피index!$B$4, 외피index!$C$4&"_"&COUNTIFS(E$2:$E14,외피index!$B$4,D$2:$D14,D14), IF($E14=외피index!$B$5, 외피index!$C$5&"_"&COUNTIFS(E$2:$E14,외피index!$B$5,D$2:$D14,D14), IF($E14=외피index!$B$6, 외피index!$C$6&"_"&COUNTIFS(E$2:$E14,외피index!$B$6,D$2:$D14,D14), IF($E14=외피index!$B$7, 외피index!$C$7&"_"&COUNTIFS(E$2:$E14,외피index!$B$7,D$2:$D14,D14), IF($E14=외피index!$B$8, 외피index!$C$8&"_"&COUNTIFS(E$2:$E14,외피index!$B$8,D$2:$D14,D14), IF($E14=외피index!$B$9, 외피index!$C$9&"_"&COUNTIFS(E$2:$E14,외피index!$B$9,D$2:$D14,D14), IF($E14=외피index!$B$10, 외피index!$C$10&"_"&COUNTIFS(E$2:$E14,외피index!$B$10,D$2:$D14,D14), 0)))))))),B14)),"") -> 2F_Zone010_SL_8 | B14: 2F_Zone010_SL_8 | C14: 2F | D14: 2F_Zone010 | E14: 층간바닥 | G14: 1.7167492 | H14: 3F_Zone019 | I14: 수평 | J14: 0 | K14: 0 | L14: 0 | M14: 0 | N14: 0 | O14: 0 | P14: 0 | Q14: 0 | R14: 0 | S14: 0 | T14: 0 | U14: 0
A15: =IFERROR(IF(E15="","",IF(B15="",D15&"_"& IF($E15=외피index!$B$3, 외피index!$C$3&"_"&COUNTIFS(E$2:$E15,외피index!$B$3,D$2:$D15,D15), IF($E15=외피index!$B$4, 외피index!$C$4&"_"&COUNTIFS(E$2:$E15,외피index!$B$4,D$2:$D15,D15), IF($E15=외피index!$B$5, 외피index!$C$5&"_"&COUNTIFS(E$2:$E15,외피index!$B$5,D$2:$D15,D15), IF($E15=외피index!$B$6, 외피index!$C$6&"_"&COUNTIFS(E$2:$E15,외피index!$B$6,D$2:$D15,D15), IF($E15=외피index!$B$7, 외피index!$C$7&"_"&COUNTIFS(E$2:$E15,외피index!$B$7,D$2:$D15,D15), IF($E15=외피index!$B$8, 외피index!$C$8&"_"&COUNTIFS(E$2:$E15,외피index!$B$8,D$2:$D15,D15), IF($E15=외피index!$B$9, 외피index!$C$9&"_"&COUNTIFS(E$2:$E15,외피index!$B$9,D$2:$D15,D15), IF($E15=외피index!$B$10, 외피index!$C$10&"_"&COUNTIFS(E$2:$E15,외피index!$B$10,D$2:$D15,D15), 0)))))))),B15)),"") -> 2F_Zone012_SL_8 | B15: 2F_Zone012_SL_8 | C15: 2F | D15: 2F_Zone012 | E15: 층간바닥 | G15: 1.1550098 | H15: 3F_Zone019 | I15: 수평 | J15: 0 | K15: 0 | L15: 0 | M15: 0 | N15: 0 | O15: 0 | P15: 0 | Q15: 0 | R15: 0 | S15: 0 | T15: 0 | U15: 0
A16: =IFERROR(IF(E16="","",IF(B16="",D16&"_"& IF($E16=외피index!$B$3, 외피index!$C$3&"_"&COUNTIFS(E$2:$E16,외피index!$B$3,D$2:$D16,D16), IF($E16=외피index!$B$4, 외피index!$C$4&"_"&COUNTIFS(E$2:$E16,외피index!$B$4,D$2:$D16,D16), IF($E16=외피index!$B$5, 외피index!$C$5&"_"&COUNTIFS(E$2:$E16,외피index!$B$5,D$2:$D16,D16), IF($E16=외피index!$B$6, 외피index!$C$6&"_"&COUNTIFS(E$2:$E16,외피index!$B$6,D$2:$D16,D16), IF($E16=외피index!$B$7, 외피index!$C$7&"_"&COUNTIFS(E$2:$E16,외피index!$B$7,D$2:$D16,D16), IF($E16=외피index!$B$8, 외피index!$C$8&"_"&COUNTIFS(E$2:$E16,외피index!$B$8,D$2:$D16,D16), IF($E16=외피index!$B$9, 외피index!$C$9&"_"&COUNTIFS(E$2:$E16,외피index!$B$9,D$2:$D16,D16), IF($E16=외피index!$B$10, 외피index!$C$10&"_"&COUNTIFS(E$2:$E16,외피index!$B$10,D$2:$D16,D16), 0)))))))),B16)),"") -> 2F_Zone008_SL_16 | B16: 2F_Zone008_SL_16 | C16: 2F | D16: 2F_Zone008 | E16: 층간바닥 | G16: 0.76274812 | H16: 3F_Zone020 | I16: 수평 | J16: 0 | K16: 0 | L16: 0 | M16: 0 | N16: 0 | O16: 0 | P16: 0 | Q16: 0 | R16: 0 | S16: 0 | T16: 0 | U16: 0
A17: =IFERROR(IF(E17="","",IF(B17="",D17&"_"& IF($E17=외피index!$B$3, 외피index!$C$3&"_"&COUNTIFS(E$2:$E17,외피index!$B$3,D$2:$D17,D17), IF($E17=외피index!$B$4, 외피index!$C$4&"_"&COUNTIFS(E$2:$E17,외피index!$B$4,D$2:$D17,D17), IF($E17=외피index!$B$5, 외피index!$C$5&"_"&COUNTIFS(E$2:$E17,외피index!$B$5,D$2:$D17,D17), IF($E17=외피index!$B$6, 외피index!$C$6&"_"&COUNTIFS(E$2:$E17,외피index!$B$6,D$2:$D17,D17), IF($E17=외피index!$B$7, 외피index!$C$7&"_"&COUNTIFS(E$2:$E17,외피index!$B$7,D$2:$D17,D17), IF($E17=외피index!$B$8, 외피index!$C$8&"_"&COUNTIFS(E$2:$E17,외피index!$B$8,D$2:$D17,D17), IF($E17=외피index!$B$9, 외피index!$C$9&"_"&COUNTIFS(E$2:$E17,외피index!$B$9,D$2:$D17,D17), IF($E17=외피index!$B$10, 외피index!$C$10&"_"&COUNTIFS(E$2:$E17,외피index!$B$10,D$2:$D17,D17), 0)))))))),B17)),"") -> 2F_Zone010_SL_9 | B17: 2F_Zone010_SL_9 | C17: 2F | D17: 2F_Zone010 | E17: 층간바닥 | G17: 0.59325429 | H17: 3F_Zone020 | I17: 수평 | J17: 0 | K17: 0 | L17: 0 | M17: 0 | N17: 0 | O17: 0 | P17: 0 | Q17: 0 | R17: 0 | S17: 0 | T17: 0 | U17: 0
A18: =IFERROR(IF(E18="","",IF(B18="",D18&"_"& IF($E18=외피index!$B$3, 외피index!$C$3&"_"&COUNTIFS(E$2:$E18,외피index!$B$3,D$2:$D18,D18), IF($E18=외피index!$B$4, 외피index!$C$4&"_"&COUNTIFS(E$2:$E18,외피index!$B$4,D$2:$D18,D18), IF($E18=외피index!$B$5, 외피index!$C$5&"_"&COUNTIFS(E$2:$E18,외피index!$B$5,D$2:$D18,D18), IF($E18=외피index!$B$6, 외피index!$C$6&"_"&COUNTIFS(E$2:$E18,외피index!$B$6,D$2:$D18,D18), IF($E18=외피index!$B$7, 외피index!$C$7&"_"&COUNTIFS(E$2:$E18,외피index!$B$7,D$2:$D18,D18), IF($E18=외피index!$B$8, 외피index!$C$8&"_"&COUNTIFS(E$2:$E18,외피index!$B$8,D$2:$D18,D18), IF($E18=외피index!$B$9, 외피index!$C$9&"_"&COUNTIFS(E$2:$E18,외피index!$B$9,D$2:$D18,D18), IF($E18=외피index!$B$10, 외피index!$C$10&"_"&COUNTIFS(E$2:$E18,외피index!$B$10,D$2:$D18,D18), 0)))))))),B18)),"") -> 3F_Zone015_RF_7 | B18: 3F_Zone015_RF_7 | C18: 3F | D18: 3F_Zone015 | E18: 지붕 | G18: 36.92001 | I18: 수평 | J18: 0 | K18: 0 | L18: 0 | M18: 0 | N18: 0 | O18: 0 | P18: 0 | Q18: 0 | R18: 0 | S18: 0 | T18: 0 | U18: 0
A19: =IFERROR(IF(E19="","",IF(B19="",D19&"_"& IF($E19=외피index!$B$3, 외피index!$C$3&"_"&COUNTIFS(E$2:$E19,외피index!$B$3,D$2:$D19,D19), IF($E19=외피index!$B$4, 외피index!$C$4&"_"&COUNTIFS(E$2:$E19,외피index!$B$4,D$2:$D19,D19), IF($E19=외피index!$B$5, 외피index!$C$5&"_"&COUNTIFS(E$2:$E19,외피index!$B$5,D$2:$D19,D19), IF($E19=외피index!$B$6, 외피index!$C$6&"_"&COUNTIFS(E$2:$E19,외피index!$B$6,D$2:$D19,D19), IF($E19=외피index!$B$7, 외피index!$C$7&"_"&COUNTIFS(E$2:$E19,외피index!$B$7,D$2:$D19,D19), IF($E19=외피index!$B$8, 외피index!$C$8&"_"&COUNTIFS(E$2:$E19,외피index!$B$8,D$2:$D19,D19), IF($E19=외피index!$B$9, 외피index!$C$9&"_"&COUNTIFS(E$2:$E19,외피index!$B$9,D$2:$D19,D19), IF($E19=외피index!$B$10, 외피index!$C$10&"_"&COUNTIFS(E$2:$E19,외피index!$B$10,D$2:$D19,D19), 0)))))))),B19)),"") -> 3F_Zone014_RF_8 | B19: 3F_Zone014_RF_8 | C19: 3F | D19: 3F_Zone014 | E19: 지붕 | G19: 28.080031 | I19: 수평 | J19: 0 | K19: 0 | L19: 0 | M19: 0 | N19: 0 | O19: 0 | P19: 0 | Q19: 0 | R19: 0 | S19: 0 | T19: 0 | U19: 0
A20: =IFERROR(IF(E20="","",IF(B20="",D20&"_"& IF($E20=외피index!$B$3, 외피index!$C$3&"_"&COUNTIFS(E$2:$E20,외피index!$B$3,D$2:$D20,D20), IF($E20=외피index!$B$4, 외피index!$C$4&"_"&COUNTIFS(E$2:$E20,외피index!$B$4,D$2:$D20,D20), IF($E20=외피index!$B$5, 외피index!$C$5&"_"&COUNTIFS(E$2:$E20,외피index!$B$5,D$2:$D20,D20), IF($E20=외피index!$B$6, 외피index!$C$6&"_"&COUNTIFS(E$2:$E20,외피index!$B$6,D$2:$D20,D20), IF($E20=외피index!$B$7, 외피index!$C$7&"_"&COUNTIFS(E$2:$E20,외피index!$B$7,D$2:$D20,D20), IF($E20=외피index!$B$8, 외피index!$C$8&"_"&COUNTIFS(E$2:$E20,외피index!$B$8,D$2:$D20,D20), IF($E20=외피index!$B$9, 외피index!$C$9&"_"&COUNTIFS(E$2:$E20,외피index!$B$9,D$2:$D20,D20), IF($E20=외피index!$B$10, 외피index!$C$10&"_"&COUNTIFS(E$2:$E20,외피index!$B$10,D$2:$D20,D20), 0)))))))),B20)),"") -> 3F_Zone016_SL_8 | B20: 3F_Zone016_SL_8 | C20: 3F | D20: 3F_Zone016 | E20: 층간바닥 | G20: 15.449966 | H20: 4F_Zone021 | I20: 수평 | J20: 180 | K20: 0 | L20: 0 | M20: 0 | N20: 0 | O20: 0 | P20: 0 | Q20: 0 | R20: 0 | S20: 0 | T20: 0 | U20: 0
A21: =IFERROR(IF(E21="","",IF(B21="",D21&"_"& IF($E21=외피index!$B$3, 외피index!$C$3&"_"&COUNTIFS(E$2:$E21,외피index!$B$3,D$2:$D21,D21), IF($E21=외피index!$B$4, 외피index!$C$4&"_"&COUNTIFS(E$2:$E21,외피index!$B$4,D$2:$D21,D21), IF($E21=외피index!$B$5, 외피index!$C$5&"_"&COUNTIFS(E$2:$E21,외피index!$B$5,D$2:$D21,D21), IF($E21=외피index!$B$6, 외피index!$C$6&"_"&COUNTIFS(E$2:$E21,외피index!$B$6,D$2:$D21,D21), IF($E21=외피index!$B$7, 외피index!$C$7&"_"&COUNTIFS(E$2:$E21,외피index!$B$7,D$2:$D21,D21), IF($E21=외피index!$B$8, 외피index!$C$8&"_"&COUNTIFS(E$2:$E21,외피index!$B$8,D$2:$D21,D21), IF($E21=외피index!$B$9, 외피index!$C$9&"_"&COUNTIFS(E$2:$E21,외피index!$B$9,D$2:$D21,D21), IF($E21=외피index!$B$10, 외피index!$C$10&"_"&COUNTIFS(E$2:$E21,외피index!$B$10,D$2:$D21,D21), 0)))))))),B21)),"") -> 3F_Zone017_RF_6 | B21: 3F_Zone017_RF_6 | C21: 3F | D21: 3F_Zone017 | E21: 지붕 | G21: 8.6799365 | I21: 수평 | J21: 0 | K21: 0 | L21: 0 | M21: 0 | N21: 0 | O21: 0 | P21: 0 | Q21: 0 | R21: 0 | S21: 0 | T21: 0 | U21: 0
A22: =IFERROR(IF(E22="","",IF(B22="",D22&"_"& IF($E22=외피index!$B$3, 외피index!$C$3&"_"&COUNTIFS(E$2:$E22,외피index!$B$3,D$2:$D22,D22), IF($E22=외피index!$B$4, 외피index!$C$4&"_"&COUNTIFS(E$2:$E22,외피index!$B$4,D$2:$D22,D22), IF($E22=외피index!$B$5, 외피index!$C$5&"_"&COUNTIFS(E$2:$E22,외피index!$B$5,D$2:$D22,D22), IF($E22=외피index!$B$6, 외피index!$C$6&"_"&COUNTIFS(E$2:$E22,외피index!$B$6,D$2:$D22,D22), IF($E22=외피index!$B$7, 외피index!$C$7&"_"&COUNTIFS(E$2:$E22,외피index!$B$7,D$2:$D22,D22), IF($E22=외피index!$B$8, 외피index!$C$8&"_"&COUNTIFS(E$2:$E22,외피index!$B$8,D$2:$D22,D22), IF($E22=외피index!$B$9, 외피index!$C$9&"_"&COUNTIFS(E$2:$E22,외피index!$B$9,D$2:$D22,D22), IF($E22=외피index!$B$10, 외피index!$C$10&"_"&COUNTIFS(E$2:$E22,외피index!$B$10,D$2:$D22,D22), 0)))))))),B22)),"") -> 3F_Zone019_RF_6 | B22: 3F_Zone019_RF_6 | C22: 3F | D22: 3F_Zone019 | E22: 지붕 | G22: 8.4539935 | I22: 수평 | J22: 0 | K22: 0 | L22: 0 | M22: 0 | N22: 0 | O22: 0 | P22: 0 | Q22: 0 | R22: 0 | S22: 0 | T22: 0 | U22: 0
A23: =IFERROR(IF(E23="","",IF(B23="",D23&"_"& IF($E23=외피index!$B$3, 외피index!$C$3&"_"&COUNTIFS(E$2:$E23,외피index!$B$3,D$2:$D23,D23), IF($E23=외피index!$B$4, 외피index!$C$4&"_"&COUNTIFS(E$2:$E23,외피index!$B$4,D$2:$D23,D23), IF($E23=외피index!$B$5, 외피index!$C$5&"_"&COUNTIFS(E$2:$E23,외피index!$B$5,D$2:$D23,D23), IF($E23=외피index!$B$6, 외피index!$C$6&"_"&COUNTIFS(E$2:$E23,외피index!$B$6,D$2:$D23,D23), IF($E23=외피index!$B$7, 외피index!$C$7&"_"&COUNTIFS(E$2:$E23,외피index!$B$7,D$2:$D23,D23), IF($E23=외피index!$B$8, 외피index!$C$8&"_"&COUNTIFS(E$2:$E23,외피index!$B$8,D$2:$D23,D23), IF($E23=외피index!$B$9, 외피index!$C$9&"_"&COUNTIFS(E$2:$E23,외피index!$B$9,D$2:$D23,D23), IF($E23=외피index!$B$10, 외피index!$C$10&"_"&COUNTIFS(E$2:$E23,외피index!$B$10,D$2:$D23,D23), 0)))))))),B23)),"") -> 3F_Zone020_RF_7 | B23: 3F_Zone020_RF_7 | C23: 3F | D23: 3F_Zone020 | E23: 지붕 | G23: 6.1559902 | I23: 수평 | J23: 0 | K23: 0 | L23: 0 | M23: 0 | N23: 0 | O23: 0 | P23: 0 | Q23: 0 | R23: 0 | S23: 0 | T23: 0 | U23: 0
A24: =IFERROR(IF(E24="","",IF(B24="",D24&"_"& IF($E24=외피index!$B$3, 외피index!$C$3&"_"&COUNTIFS(E$2:$E24,외피index!$B$3,D$2:$D24,D24), IF($E24=외피index!$B$4, 외피index!$C$4&"_"&COUNTIFS(E$2:$E24,외피index!$B$4,D$2:$D24,D24), IF($E24=외피index!$B$5, 외피index!$C$5&"_"&COUNTIFS(E$2:$E24,외피index!$B$5,D$2:$D24,D24), IF($E24=외피index!$B$6, 외피index!$C$6&"_"&COUNTIFS(E$2:$E24,외피index!$B$6,D$2:$D24,D24), IF($E24=외피index!$B$7, 외피index!$C$7&"_"&COUNTIFS(E$2:$E24,외피index!$B$7,D$2:$D24,D24), IF($E24=외피index!$B$8, 외피index!$C$8&"_"&COUNTIFS(E$2:$E24,외피index!$B$8,D$2:$D24,D24), IF($E24=외피index!$B$9, 외피index!$C$9&"_"&COUNTIFS(E$2:$E24,외피index!$B$9,D$2:$D24,D24), IF($E24=외피index!$B$10, 외피index!$C$10&"_"&COUNTIFS(E$2:$E24,외피index!$B$10,D$2:$D24,D24), 0)))))))),B24)),"") -> 3F_Zone016_RF_15 | B24: 3F_Zone016_RF_15 | C24: 3F | D24: 3F_Zone016 | E24: 지붕 | G24: 5.8799915 | I24: 수평 | J24: 0 | K24: 0 | L24: 0 | M24: 0 | N24: 0 | O24: 0 | P24: 0 | Q24: 0 | R24: 0 | S24: 0 | T24: 0 | U24: 0
A25: =IFERROR(IF(E25="","",IF(B25="",D25&"_"& IF($E25=외피index!$B$3, 외피index!$C$3&"_"&COUNTIFS(E$2:$E25,외피index!$B$3,D$2:$D25,D25), IF($E25=외피index!$B$4, 외피index!$C$4&"_"&COUNTIFS(E$2:$E25,외피index!$B$4,D$2:$D25,D25), IF($E25=외피index!$B$5, 외피index!$C$5&"_"&COUNTIFS(E$2:$E25,외피index!$B$5,D$2:$D25,D25), IF($E25=외피index!$B$6, 외피index!$C$6&"_"&COUNTIFS(E$2:$E25,외피index!$B$6,D$2:$D25,D25), IF($E25=외피index!$B$7, 외피index!$C$7&"_"&COUNTIFS(E$2:$E25,외피index!$B$7,D$2:$D25,D25), IF($E25=외피index!$B$8, 외피index!$C$8&"_"&COUNTIFS(E$2:$E25,외피index!$B$8,D$2:$D25,D25), IF($E25=외피index!$B$9, 외피index!$C$9&"_"&COUNTIFS(E$2:$E25,외피index!$B$9,D$2:$D25,D25), IF($E25=외피index!$B$10, 외피index!$C$10&"_"&COUNTIFS(E$2:$E25,외피index!$B$10,D$2:$D25,D25), 0)))))))),B25)),"") -> 3F_Zone018_RF_8 | B25: 3F_Zone018_RF_8 | C25: 3F | D25: 3F_Zone018 | E25: 지붕 | G25: 2.4299876 | I25: 수평 | J25: 0 | K25: 0 | L25: 0 | M25: 0 | N25: 0 | O25: 0 | P25: 0 | Q25: 0 | R25: 0 | S25: 0 | T25: 0 | U25: 0
A26: =IFERROR(IF(E26="","",IF(B26="",D26&"_"& IF($E26=외피index!$B$3, 외피index!$C$3&"_"&COUNTIFS(E$2:$E26,외피index!$B$3,D$2:$D26,D26), IF($E26=외피index!$B$4, 외피index!$C$4&"_"&COUNTIFS(E$2:$E26,외피index!$B$4,D$2:$D26,D26), IF($E26=외피index!$B$5, 외피index!$C$5&"_"&COUNTIFS(E$2:$E26,외피index!$B$5,D$2:$D26,D26), IF($E26=외피index!$B$6, 외피index!$C$6&"_"&COUNTIFS(E$2:$E26,외피index!$B$6,D$2:$D26,D26), IF($E26=외피index!$B$7, 외피index!$C$7&"_"&COUNTIFS(E$2:$E26,외피index!$B$7,D$2:$D26,D26), IF($E26=외피index!$B$8, 외피index!$C$8&"_"&COUNTIFS(E$2:$E26,외피index!$B$8,D$2:$D26,D26), IF($E26=외피index!$B$9, 외피index!$C$9&"_"&COUNTIFS(E$2:$E26,외피index!$B$9,D$2:$D26,D26), IF($E26=외피index!$B$10, 외피index!$C$10&"_"&COUNTIFS(E$2:$E26,외피index!$B$10,D$2:$D26,D26), 0)))))))),B26)),"") -> 3F_Zone018_SL_9 | B26: 3F_Zone018_SL_9 | C26: 3F | D26: 3F_Zone018 | E26: 층간바닥 | G26: 1.3499908 | H26: 4F_Zone021 | I26: 수평 | J26: 180 | K26: 0 | L26: 0 | M26: 0 | N26: 0 | O26: 0 | P26: 0 | Q26: 0 | R26: 0 | S26: 0 | T26: 0 | U26: 0
A27: =IFERROR(IF(E27="","",IF(B27="",D27&"_"& IF($E27=외피index!$B$3, 외피index!$C$3&"_"&COUNTIFS(E$2:$E27,외피index!$B$3,D$2:$D27,D27), IF($E27=외피index!$B$4, 외피index!$C$4&"_"&COUNTIFS(E$2:$E27,외피index!$B$4,D$2:$D27,D27), IF($E27=외피index!$B$5, 외피index!$C$5&"_"&COUNTIFS(E$2:$E27,외피index!$B$5,D$2:$D27,D27), IF($E27=외피index!$B$6, 외피index!$C$6&"_"&COUNTIFS(E$2:$E27,외피index!$B$6,D$2:$D27,D27), IF($E27=외피index!$B$7, 외피index!$C$7&"_"&COUNTIFS(E$2:$E27,외피index!$B$7,D$2:$D27,D27), IF($E27=외피index!$B$8, 외피index!$C$8&"_"&COUNTIFS(E$2:$E27,외피index!$B$8,D$2:$D27,D27), IF($E27=외피index!$B$9, 외피index!$C$9&"_"&COUNTIFS(E$2:$E27,외피index!$B$9,D$2:$D27,D27), IF($E27=외피index!$B$10, 외피index!$C$10&"_"&COUNTIFS(E$2:$E27,외피index!$B$10,D$2:$D27,D27), 0)))))))),B27)),"") -> 1F_Zone002_SL_9 | B27: 1F_Zone002_SL_9 | C27: 1F | D27: 1F_Zone002 | E27: 층간바닥 | G27: 42.639959 | H27: 2F_Zone006 | I27: 수평 | J27: 0 | K27: 0 | L27: 0 | M27: 0 | N27: 0 | O27: 0 | P27: 0 | Q27: 0 | R27: 0 | S27: 0 | T27: 0 | U27: 0
A28: =IFERROR(IF(E28="","",IF(B28="",D28&"_"& IF($E28=외피index!$B$3, 외피index!$C$3&"_"&COUNTIFS(E$2:$E28,외피index!$B$3,D$2:$D28,D28), IF($E28=외피index!$B$4, 외피index!$C$4&"_"&COUNTIFS(E$2:$E28,외피index!$B$4,D$2:$D28,D28), IF($E28=외피index!$B$5, 외피index!$C$5&"_"&COUNTIFS(E$2:$E28,외피index!$B$5,D$2:$D28,D28), IF($E28=외피index!$B$6, 외피index!$C$6&"_"&COUNTIFS(E$2:$E28,외피index!$B$6,D$2:$D28,D28), IF($E28=외피index!$B$7, 외피index!$C$7&"_"&COUNTIFS(E$2:$E28,외피index!$B$7,D$2:$D28,D28), IF($E28=외피index!$B$8, 외피index!$C$8&"_"&COUNTIFS(E$2:$E28,외피index!$B$8,D$2:$D28,D28), IF($E28=외피index!$B$9, 외피index!$C$9&"_"&COUNTIFS(E$2:$E28,외피index!$B$9,D$2:$D28,D28), IF($E28=외피index!$B$10, 외피index!$C$10&"_"&COUNTIFS(E$2:$E28,외피index!$B$10,D$2:$D28,D28), 0)))))))),B28)),"") -> 1F_Zone003_SL_11 | B28: 1F_Zone003_SL_11 | C28: 1F | D28: 1F_Zone003 | E28: 층간바닥 | G28: 16.799957 | H28: 2F_Zone008 | I28: 수평 | J28: 180 | K28: 0 | L28: 0 | M28: 0 | N28: 0 | O28: 0 | P28: 0 | Q28: 0 | R28: 0 | S28: 0 | T28: 0 | U28: 0
A29: =IFERROR(IF(E29="","",IF(B29="",D29&"_"& IF($E29=외피index!$B$3, 외피index!$C$3&"_"&COUNTIFS(E$2:$E29,외피index!$B$3,D$2:$D29,D29), IF($E29=외피index!$B$4, 외피index!$C$4&"_"&COUNTIFS(E$2:$E29,외피index!$B$4,D$2:$D29,D29), IF($E29=외피index!$B$5, 외피index!$C$5&"_"&COUNTIFS(E$2:$E29,외피index!$B$5,D$2:$D29,D29), IF($E29=외피index!$B$6, 외피index!$C$6&"_"&COUNTIFS(E$2:$E29,외피index!$B$6,D$2:$D29,D29), IF($E29=외피index!$B$7, 외피index!$C$7&"_"&COUNTIFS(E$2:$E29,외피index!$B$7,D$2:$D29,D29), IF($E29=외피index!$B$8, 외피index!$C$8&"_"&COUNTIFS(E$2:$E29,외피index!$B$8,D$2:$D29,D29), IF($E29=외피index!$B$9, 외피index!$C$9&"_"&COUNTIFS(E$2:$E29,외피index!$B$9,D$2:$D29,D29), IF($E29=외피index!$B$10, 외피index!$C$10&"_"&COUNTIFS(E$2:$E29,외피index!$B$10,D$2:$D29,D29), 0)))))))),B29)),"") -> 1F_Zone004_SL_6 | B29: 1F_Zone004_SL_6 | C29: 1F | D29: 1F_Zone004 | E29: 층간바닥 | G29: 10.920057 | H29: 2F_Zone011 | I29: 수평 | J29: 180 | K29: 0 | L29: 0 | M29: 0 | N29: 0 | O29: 0 | P29: 0 | Q29: 0 | R29: 0 | S29: 0 | T29: 0 | U29: 0
A30: =IFERROR(IF(E30="","",IF(B30="",D30&"_"& IF($E30=외피index!$B$3, 외피index!$C$3&"_"&COUNTIFS(E$2:$E30,외피index!$B$3,D$2:$D30,D30), IF($E30=외피index!$B$4, 외피index!$C$4&"_"&COUNTIFS(E$2:$E30,외피index!$B$4,D$2:$D30,D30), IF($E30=외피index!$B$5, 외피index!$C$5&"_"&COUNTIFS(E$2:$E30,외피index!$B$5,D$2:$D30,D30), IF($E30=외피index!$B$6, 외피index!$C$6&"_"&COUNTIFS(E$2:$E30,외피index!$B$6,D$2:$D30,D30), IF($E30=외피index!$B$7, 외피index!$C$7&"_"&COUNTIFS(E$2:$E30,외피index!$B$7,D$2:$D30,D30), IF($E30=외피index!$B$8, 외피index!$C$8&"_"&COUNTIFS(E$2:$E30,외피index!$B$8,D$2:$D30,D30), IF($E30=외피index!$B$9, 외피index!$C$9&"_"&COUNTIFS(E$2:$E30,외피index!$B$9,D$2:$D30,D30), IF($E30=외피index!$B$10, 외피index!$C$10&"_"&COUNTIFS(E$2:$E30,외피index!$B$10,D$2:$D30,D30), 0)))))))),B30)),"") -> 1F_Zone003_SL_13 | B30: 1F_Zone003_SL_13 | C30: 1F | D30: 1F_Zone003 | E30: 층간바닥 | G30: 7.2799854 | H30: 2F_Zone011 | I30: 수평 | J30: 180 | K30: 0 | L30: 0 | M30: 0 | N30: 0 | O30: 0 | P30: 0 | Q30: 0 | R30: 0 | S30: 0 | T30: 0 | U30: 0
A31: =IFERROR(IF(E31="","",IF(B31="",D31&"_"& IF($E31=외피index!$B$3, 외피index!$C$3&"_"&COUNTIFS(E$2:$E31,외피index!$B$3,D$2:$D31,D31), IF($E31=외피index!$B$4, 외피index!$C$4&"_"&COUNTIFS(E$2:$E31,외피index!$B$4,D$2:$D31,D31), IF($E31=외피index!$B$5, 외피index!$C$5&"_"&COUNTIFS(E$2:$E31,외피index!$B$5,D$2:$D31,D31), IF($E31=외피index!$B$6, 외피index!$C$6&"_"&COUNTIFS(E$2:$E31,외피index!$B$6,D$2:$D31,D31), IF($E31=외피index!$B$7, 외피index!$C$7&"_"&COUNTIFS(E$2:$E31,외피index!$B$7,D$2:$D31,D31), IF($E31=외피index!$B$8, 외피index!$C$8&"_"&COUNTIFS(E$2:$E31,외피index!$B$8,D$2:$D31,D31), IF($E31=외피index!$B$9, 외피index!$C$9&"_"&COUNTIFS(E$2:$E31,외피index!$B$9,D$2:$D31,D31), IF($E31=외피index!$B$10, 외피index!$C$10&"_"&COUNTIFS(E$2:$E31,외피index!$B$10,D$2:$D31,D31), 0)))))))),B31)),"") -> 4F_Zone021_RF_5 | B31: 4F_Zone021_RF_5 | C31: 4F | D31: 4F_Zone021 | E31: 지붕 | G31: 16.799957 | I31: 수평 | J31: 0 | K31: 0 | L31: 0 | M31: 0 | N31: 0 | O31: 0 | P31: 0 | Q31: 0 | R31: 0 | S31: 0 | T31: 0 | U31: 0
A32: =IFERROR(IF(E32="","",IF(B32="",D32&"_"& IF($E32=외피index!$B$3, 외피index!$C$3&"_"&COUNTIFS(E$2:$E32,외피index!$B$3,D$2:$D32,D32), IF($E32=외피index!$B$4, 외피index!$C$4&"_"&COUNTIFS(E$2:$E32,외피index!$B$4,D$2:$D32,D32), IF($E32=외피index!$B$5, 외피index!$C$5&"_"&COUNTIFS(E$2:$E32,외피index!$B$5,D$2:$D32,D32), IF($E32=외피index!$B$6, 외피index!$C$6&"_"&COUNTIFS(E$2:$E32,외피index!$B$6,D$2:$D32,D32), IF($E32=외피index!$B$7, 외피index!$C$7&"_"&COUNTIFS(E$2:$E32,외피index!$B$7,D$2:$D32,D32), IF($E32=외피index!$B$8, 외피index!$C$8&"_"&COUNTIFS(E$2:$E32,외피index!$B$8,D$2:$D32,D32), IF($E32=외피index!$B$9, 외피index!$C$9&"_"&COUNTIFS(E$2:$E32,외피index!$B$9,D$2:$D32,D32), IF($E32=외피index!$B$10, 외피index!$C$10&"_"&COUNTIFS(E$2:$E32,외피index!$B$10,D$2:$D32,D32), 0)))))))),B32)),"") -> 1F_Zone005_RF_6 | B32: 1F_Zone005_RF_6 | C32: 1F | D32: 1F_Zone005 | E32: 지붕 | G32: 3.7170383 | I32: 수평 | J32: 0 | K32: 0 | L32: 0 | M32: 0 | N32: 0 | O32: 0 | P32: 0 | Q32: 0 | R32: 0 | S32: 0 | T32: 0 | U32: 0
A33: =IFERROR(IF(E33="","",IF(B33="",D33&"_"& IF($E33=외피index!$B$3, 외피index!$C$3&"_"&COUNTIFS(E$2:$E33,외피index!$B$3,D$2:$D33,D33), IF($E33=외피index!$B$4, 외피index!$C$4&"_"&COUNTIFS(E$2:$E33,외피index!$B$4,D$2:$D33,D33), IF($E33=외피index!$B$5, 외피index!$C$5&"_"&COUNTIFS(E$2:$E33,외피index!$B$5,D$2:$D33,D33), IF($E33=외피index!$B$6, 외피index!$C$6&"_"&COUNTIFS(E$2:$E33,외피index!$B$6,D$2:$D33,D33), IF($E33=외피index!$B$7, 외피index!$C$7&"_"&COUNTIFS(E$2:$E33,외피index!$B$7,D$2:$D33,D33), IF($E33=외피index!$B$8, 외피index!$C$8&"_"&COUNTIFS(E$2:$E33,외피index!$B$8,D$2:$D33,D33), IF($E33=외피index!$B$9, 외피index!$C$9&"_"&COUNTIFS(E$2:$E33,외피index!$B$9,D$2:$D33,D33), IF($E33=외피index!$B$10, 외피index!$C$10&"_"&COUNTIFS(E$2:$E33,외피index!$B$10,D$2:$D33,D33), 0)))))))),B33)),"") -> 3F_Zone014_SL_1 | B33: 3F_Zone014_SL_1 | C33: 3F | D33: 3F_Zone014 | E33: 층간바닥 | G33: 28.080031 | H33: 2F_Zone006 | I33: 수평 | J33: 180 | K33: 0 | L33: 0 | M33: 0 | N33: 0 | O33: 0 | P33: 0 | Q33: 0 | R33: 0 | S33: 0 | T33: 0 | U33: 0
A34: =IFERROR(IF(E34="","",IF(B34="",D34&"_"& IF($E34=외피index!$B$3, 외피index!$C$3&"_"&COUNTIFS(E$2:$E34,외피index!$B$3,D$2:$D34,D34), IF($E34=외피index!$B$4, 외피index!$C$4&"_"&COUNTIFS(E$2:$E34,외피index!$B$4,D$2:$D34,D34), IF($E34=외피index!$B$5, 외피index!$C$5&"_"&COUNTIFS(E$2:$E34,외피index!$B$5,D$2:$D34,D34), IF($E34=외피index!$B$6, 외피index!$C$6&"_"&COUNTIFS(E$2:$E34,외피index!$B$6,D$2:$D34,D34), IF($E34=외피index!$B$7, 외피index!$C$7&"_"&COUNTIFS(E$2:$E34,외피index!$B$7,D$2:$D34,D34), IF($E34=외피index!$B$8, 외피index!$C$8&"_"&COUNTIFS(E$2:$E34,외피index!$B$8,D$2:$D34,D34), IF($E34=외피index!$B$9, 외피index!$C$9&"_"&COUNTIFS(E$2:$E34,외피index!$B$9,D$2:$D34,D34), IF($E34=외피index!$B$10, 외피index!$C$10&"_"&COUNTIFS(E$2:$E34,외피index!$B$10,D$2:$D34,D34), 0)))))))),B34)),"") -> 3F_Zone015_SL_1 | B34: 3F_Zone015_SL_1 | C34: 3F | D34: 3F_Zone015 | E34: 층간바닥 | G34: 22.879955 | H34: 2F_Zone007 | I34: 수평 | J34: 180 | K34: 0 | L34: 0 | M34: 0 | N34: 0 | O34: 0 | P34: 0 | Q34: 0 | R34: 0 | S34: 0 | T34: 0 | U34: 0
A35: =IFERROR(IF(E35="","",IF(B35="",D35&"_"& IF($E35=외피index!$B$3, 외피index!$C$3&"_"&COUNTIFS(E$2:$E35,외피index!$B$3,D$2:$D35,D35), IF($E35=외피index!$B$4, 외피index!$C$4&"_"&COUNTIFS(E$2:$E35,외피index!$B$4,D$2:$D35,D35), IF($E35=외피index!$B$5, 외피index!$C$5&"_"&COUNTIFS(E$2:$E35,외피index!$B$5,D$2:$D35,D35), IF($E35=외피index!$B$6, 외피index!$C$6&"_"&COUNTIFS(E$2:$E35,외피index!$B$6,D$2:$D35,D35), IF($E35=외피index!$B$7, 외피index!$C$7&"_"&COUNTIFS(E$2:$E35,외피index!$B$7,D$2:$D35,D35), IF($E35=외피index!$B$8, 외피index!$C$8&"_"&COUNTIFS(E$2:$E35,외피index!$B$8,D$2:$D35,D35), IF($E35=외피index!$B$9, 외피index!$C$9&"_"&COUNTIFS(E$2:$E35,외피index!$B$9,D$2:$D35,D35), IF($E35=외피index!$B$10, 외피index!$C$10&"_"&COUNTIFS(E$2:$E35,외피index!$B$10,D$2:$D35,D35), 0)))))))),B35)),"") -> 3F_Zone016_SL_1 | B35: 3F_Zone016_SL_1 | C35: 3F | D35: 3F_Zone016 | E35: 층간바닥 | G35: 15.449966 | H35: 2F_Zone008 | I35: 수평 | J35: 0 | K35: 0 | L35: 0 | M35: 0 | N35: 0 | O35: 0 | P35: 0 | Q35: 0 | R35: 0 | S35: 0 | T35: 0 | U35: 0
A36: =IFERROR(IF(E36="","",IF(B36="",D36&"_"& IF($E36=외피index!$B$3, 외피index!$C$3&"_"&COUNTIFS(E$2:$E36,외피index!$B$3,D$2:$D36,D36), IF($E36=외피index!$B$4, 외피index!$C$4&"_"&COUNTIFS(E$2:$E36,외피index!$B$4,D$2:$D36,D36), IF($E36=외피index!$B$5, 외피index!$C$5&"_"&COUNTIFS(E$2:$E36,외피index!$B$5,D$2:$D36,D36), IF($E36=외피index!$B$6, 외피index!$C$6&"_"&COUNTIFS(E$2:$E36,외피index!$B$6,D$2:$D36,D36), IF($E36=외피index!$B$7, 외피index!$C$7&"_"&COUNTIFS(E$2:$E36,외피index!$B$7,D$2:$D36,D36), IF($E36=외피index!$B$8, 외피index!$C$8&"_"&COUNTIFS(E$2:$E36,외피index!$B$8,D$2:$D36,D36), IF($E36=외피index!$B$9, 외피index!$C$9&"_"&COUNTIFS(E$2:$E36,외피index!$B$9,D$2:$D36,D36), IF($E36=외피index!$B$10, 외피index!$C$10&"_"&COUNTIFS(E$2:$E36,외피index!$B$10,D$2:$D36,D36), 0)))))))),B36)),"") -> 3F_Zone015_SL_2 | B36: 3F_Zone015_SL_2 | C36: 3F | D36: 3F_Zone015 | E36: 층간바닥 | G36: 14.040055 | H36: 2F_Zone009 | I36: 수평 | J36: 180 | K36: 0 | L36: 0 | M36: 0 | N36: 0 | O36: 0 | P36: 0 | Q36: 0 | R36: 0 | S36: 0 | T36: 0 | U36: 0
A37: =IFERROR(IF(E37="","",IF(B37="",D37&"_"& IF($E37=외피index!$B$3, 외피index!$C$3&"_"&COUNTIFS(E$2:$E37,외피index!$B$3,D$2:$D37,D37), IF($E37=외피index!$B$4, 외피index!$C$4&"_"&COUNTIFS(E$2:$E37,외피index!$B$4,D$2:$D37,D37), IF($E37=외피index!$B$5, 외피index!$C$5&"_"&COUNTIFS(E$2:$E37,외피index!$B$5,D$2:$D37,D37), IF($E37=외피index!$B$6, 외피index!$C$6&"_"&COUNTIFS(E$2:$E37,외피index!$B$6,D$2:$D37,D37), IF($E37=외피index!$B$7, 외피index!$C$7&"_"&COUNTIFS(E$2:$E37,외피index!$B$7,D$2:$D37,D37), IF($E37=외피index!$B$8, 외피index!$C$8&"_"&COUNTIFS(E$2:$E37,외피index!$B$8,D$2:$D37,D37), IF($E37=외피index!$B$9, 외피index!$C$9&"_"&COUNTIFS(E$2:$E37,외피index!$B$9,D$2:$D37,D37), IF($E37=외피index!$B$10, 외피index!$C$10&"_"&COUNTIFS(E$2:$E37,외피index!$B$10,D$2:$D37,D37), 0)))))))),B37)),"") -> 3F_Zone017_SL_1 | B37: 3F_Zone017_SL_1 | C37: 3F | D37: 3F_Zone017 | E37: 층간바닥 | G37: 8.6799365 | H37: 2F_Zone006 | I37: 수평 | J37: 180 | K37: 0 | L37: 0 | M37: 0 | N37: 0 | O37: 0 | P37: 0 | Q37: 0 | R37: 0 | S37: 0 | T37: 0 | U37: 0
A38: =IFERROR(IF(E38="","",IF(B38="",D38&"_"& IF($E38=외피index!$B$3, 외피index!$C$3&"_"&COUNTIFS(E$2:$E38,외피index!$B$3,D$2:$D38,D38), IF($E38=외피index!$B$4, 외피index!$C$4&"_"&COUNTIFS(E$2:$E38,외피index!$B$4,D$2:$D38,D38), IF($E38=외피index!$B$5, 외피index!$C$5&"_"&COUNTIFS(E$2:$E38,외피index!$B$5,D$2:$D38,D38), IF($E38=외피index!$B$6, 외피index!$C$6&"_"&COUNTIFS(E$2:$E38,외피index!$B$6,D$2:$D38,D38), IF($E38=외피index!$B$7, 외피index!$C$7&"_"&COUNTIFS(E$2:$E38,외피index!$B$7,D$2:$D38,D38), IF($E38=외피index!$B$8, 외피index!$C$8&"_"&COUNTIFS(E$2:$E38,외피index!$B$8,D$2:$D38,D38), IF($E38=외피index!$B$9, 외피index!$C$9&"_"&COUNTIFS(E$2:$E38,외피index!$B$9,D$2:$D38,D38), IF($E38=외피index!$B$10, 외피index!$C$10&"_"&COUNTIFS(E$2:$E38,외피index!$B$10,D$2:$D38,D38), 0)))))))),B38)),"") -> 3F_Zone016_SL_11 | B38: 3F_Zone016_SL_11 | C38: 3F | D38: 3F_Zone016 | E38: 층간바닥 | G38: 5.8799915 | H38: 2F_Zone006 | I38: 수평 | J38: 0 | K38: 0 | L38: 0 | M38: 0 | N38: 0 | O38: 0 | P38: 0 | Q38: 0 | R38: 0 | S38: 0 | T38: 0 | U38: 0
A39: =IFERROR(IF(E39="","",IF(B39="",D39&"_"& IF($E39=외피index!$B$3, 외피index!$C$3&"_"&COUNTIFS(E$2:$E39,외피index!$B$3,D$2:$D39,D39), IF($E39=외피index!$B$4, 외피index!$C$4&"_"&COUNTIFS(E$2:$E39,외피index!$B$4,D$2:$D39,D39), IF($E39=외피index!$B$5, 외피index!$C$5&"_"&COUNTIFS(E$2:$E39,외피index!$B$5,D$2:$D39,D39), IF($E39=외피index!$B$6, 외피index!$C$6&"_"&COUNTIFS(E$2:$E39,외피index!$B$6,D$2:$D39,D39), IF($E39=외피index!$B$7, 외피index!$C$7&"_"&COUNTIFS(E$2:$E39,외피index!$B$7,D$2:$D39,D39), IF($E39=외피index!$B$8, 외피index!$C$8&"_"&COUNTIFS(E$2:$E39,외피index!$B$8,D$2:$D39,D39), IF($E39=외피index!$B$9, 외피index!$C$9&"_"&COUNTIFS(E$2:$E39,외피index!$B$9,D$2:$D39,D39), IF($E39=외피index!$B$10, 외피index!$C$10&"_"&COUNTIFS(E$2:$E39,외피index!$B$10,D$2:$D39,D39), 0)))))))),B39)),"") -> 3F_Zone019_SL_2 | B39: 3F_Zone019_SL_2 | C39: 3F | D39: 3F_Zone019 | E39: 층간바닥 | G39: 5.5822345 | H39: 2F_Zone008 | I39: 수평 | J39: 0 | K39: 0 | L39: 0 | M39: 0 | N39: 0 | O39: 0 | P39: 0 | Q39: 0 | R39: 0 | S39: 0 | T39: 0 | U39: 0
A40: =IFERROR(IF(E40="","",IF(B40="",D40&"_"& IF($E40=외피index!$B$3, 외피index!$C$3&"_"&COUNTIFS(E$2:$E40,외피index!$B$3,D$2:$D40,D40), IF($E40=외피index!$B$4, 외피index!$C$4&"_"&COUNTIFS(E$2:$E40,외피index!$B$4,D$2:$D40,D40), IF($E40=외피index!$B$5, 외피index!$C$5&"_"&COUNTIFS(E$2:$E40,외피index!$B$5,D$2:$D40,D40), IF($E40=외피index!$B$6, 외피index!$C$6&"_"&COUNTIFS(E$2:$E40,외피index!$B$6,D$2:$D40,D40), IF($E40=외피index!$B$7, 외피index!$C$7&"_"&COUNTIFS(E$2:$E40,외피index!$B$7,D$2:$D40,D40), IF($E40=외피index!$B$8, 외피index!$C$8&"_"&COUNTIFS(E$2:$E40,외피index!$B$8,D$2:$D40,D40), IF($E40=외피index!$B$9, 외피index!$C$9&"_"&COUNTIFS(E$2:$E40,외피index!$B$9,D$2:$D40,D40), IF($E40=외피index!$B$10, 외피index!$C$10&"_"&COUNTIFS(E$2:$E40,외피index!$B$10,D$2:$D40,D40), 0)))))))),B40)),"") -> 3F_Zone020_SL_3 | B40: 3F_Zone020_SL_3 | C40: 3F | D40: 3F_Zone020 | E40: 층간바닥 | G40: 4.7999878 | H40: 2F_Zone013 | I40: 수평 | J40: 180 | K40: 0 | L40: 0 | M40: 0 | N40: 0 | O40: 0 | P40: 0 | Q40: 0 | R40: 0 | S40: 0 | T40: 0 | U40: 0
A41: =IFERROR(IF(E41="","",IF(B41="",D41&"_"& IF($E41=외피index!$B$3, 외피index!$C$3&"_"&COUNTIFS(E$2:$E41,외피index!$B$3,D$2:$D41,D41), IF($E41=외피index!$B$4, 외피index!$C$4&"_"&COUNTIFS(E$2:$E41,외피index!$B$4,D$2:$D41,D41), IF($E41=외피index!$B$5, 외피index!$C$5&"_"&COUNTIFS(E$2:$E41,외피index!$B$5,D$2:$D41,D41), IF($E41=외피index!$B$6, 외피index!$C$6&"_"&COUNTIFS(E$2:$E41,외피index!$B$6,D$2:$D41,D41), IF($E41=외피index!$B$7, 외피index!$C$7&"_"&COUNTIFS(E$2:$E41,외피index!$B$7,D$2:$D41,D41), IF($E41=외피index!$B$8, 외피index!$C$8&"_"&COUNTIFS(E$2:$E41,외피index!$B$8,D$2:$D41,D41), IF($E41=외피index!$B$9, 외피index!$C$9&"_"&COUNTIFS(E$2:$E41,외피index!$B$9,D$2:$D41,D41), IF($E41=외피index!$B$10, 외피index!$C$10&"_"&COUNTIFS(E$2:$E41,외피index!$B$10,D$2:$D41,D41), 0)))))))),B41)),"") -> 3F_Zone018_SL_1 | B41: 3F_Zone018_SL_1 | C41: 3F | D41: 3F_Zone018 | E41: 층간바닥 | G41: 1.8900087 | H41: 2F_Zone012 | I41: 수평 | J41: 0 | K41: 0 | L41: 0 | M41: 0 | N41: 0 | O41: 0 | P41: 0 | Q41: 0 | R41: 0 | S41: 0 | T41: 0 | U41: 0
A42: =IFERROR(IF(E42="","",IF(B42="",D42&"_"& IF($E42=외피index!$B$3, 외피index!$C$3&"_"&COUNTIFS(E$2:$E42,외피index!$B$3,D$2:$D42,D42), IF($E42=외피index!$B$4, 외피index!$C$4&"_"&COUNTIFS(E$2:$E42,외피index!$B$4,D$2:$D42,D42), IF($E42=외피index!$B$5, 외피index!$C$5&"_"&COUNTIFS(E$2:$E42,외피index!$B$5,D$2:$D42,D42), IF($E42=외피index!$B$6, 외피index!$C$6&"_"&COUNTIFS(E$2:$E42,외피index!$B$6,D$2:$D42,D42), IF($E42=외피index!$B$7, 외피index!$C$7&"_"&COUNTIFS(E$2:$E42,외피index!$B$7,D$2:$D42,D42), IF($E42=외피index!$B$8, 외피index!$C$8&"_"&COUNTIFS(E$2:$E42,외피index!$B$8,D$2:$D42,D42), IF($E42=외피index!$B$9, 외피index!$C$9&"_"&COUNTIFS(E$2:$E42,외피index!$B$9,D$2:$D42,D42), IF($E42=외피index!$B$10, 외피index!$C$10&"_"&COUNTIFS(E$2:$E42,외피index!$B$10,D$2:$D42,D42), 0)))))))),B42)),"") -> 3F_Zone018_SL_2 | B42: 3F_Zone018_SL_2 | C42: 3F | D42: 3F_Zone018 | E42: 층간바닥 | G42: 1.8899698 | H42: 1F_Zone001 | I42: 수평 | J42: 0 | K42: 0 | L42: 0 | M42: 0 | N42: 0 | O42: 0 | P42: 0 | Q42: 0 | R42: 0 | S42: 0 | T42: 0 | U42: 0
A43: =IFERROR(IF(E43="","",IF(B43="",D43&"_"& IF($E43=외피index!$B$3, 외피index!$C$3&"_"&COUNTIFS(E$2:$E43,외피index!$B$3,D$2:$D43,D43), IF($E43=외피index!$B$4, 외피index!$C$4&"_"&COUNTIFS(E$2:$E43,외피index!$B$4,D$2:$D43,D43), IF($E43=외피index!$B$5, 외피index!$C$5&"_"&COUNTIFS(E$2:$E43,외피index!$B$5,D$2:$D43,D43), IF($E43=외피index!$B$6, 외피index!$C$6&"_"&COUNTIFS(E$2:$E43,외피index!$B$6,D$2:$D43,D43), IF($E43=외피index!$B$7, 외피index!$C$7&"_"&COUNTIFS(E$2:$E43,외피index!$B$7,D$2:$D43,D43), IF($E43=외피index!$B$8, 외피index!$C$8&"_"&COUNTIFS(E$2:$E43,외피index!$B$8,D$2:$D43,D43), IF($E43=외피index!$B$9, 외피index!$C$9&"_"&COUNTIFS(E$2:$E43,외피index!$B$9,D$2:$D43,D43), IF($E43=외피index!$B$10, 외피index!$C$10&"_"&COUNTIFS(E$2:$E43,외피index!$B$10,D$2:$D43,D43), 0)))))))),B43)),"") -> 3F_Zone019_SL_1 | B43: 3F_Zone019_SL_1 | C43: 3F | D43: 3F_Zone019 | E43: 층간바닥 | G43: 1.7167492 | H43: 2F_Zone010 | I43: 수평 | J43: 0 | K43: 0 | L43: 0 | M43: 0 | N43: 0 | O43: 0 | P43: 0 | Q43: 0 | R43: 0 | S43: 0 | T43: 0 | U43: 0
A44: =IFERROR(IF(E44="","",IF(B44="",D44&"_"& IF($E44=외피index!$B$3, 외피index!$C$3&"_"&COUNTIFS(E$2:$E44,외피index!$B$3,D$2:$D44,D44), IF($E44=외피index!$B$4, 외피index!$C$4&"_"&COUNTIFS(E$2:$E44,외피index!$B$4,D$2:$D44,D44), IF($E44=외피index!$B$5, 외피index!$C$5&"_"&COUNTIFS(E$2:$E44,외피index!$B$5,D$2:$D44,D44), IF($E44=외피index!$B$6, 외피index!$C$6&"_"&COUNTIFS(E$2:$E44,외피index!$B$6,D$2:$D44,D44), IF($E44=외피index!$B$7, 외피index!$C$7&"_"&COUNTIFS(E$2:$E44,외피index!$B$7,D$2:$D44,D44), IF($E44=외피index!$B$8, 외피index!$C$8&"_"&COUNTIFS(E$2:$E44,외피index!$B$8,D$2:$D44,D44), IF($E44=외피index!$B$9, 외피index!$C$9&"_"&COUNTIFS(E$2:$E44,외피index!$B$9,D$2:$D44,D44), IF($E44=외피index!$B$10, 외피index!$C$10&"_"&COUNTIFS(E$2:$E44,외피index!$B$10,D$2:$D44,D44), 0)))))))),B44)),"") -> 3F_Zone019_SL_3 | B44: 3F_Zone019_SL_3 | C44: 3F | D44: 3F_Zone019 | E44: 층간바닥 | G44: 1.1550098 | H44: 2F_Zone012 | I44: 수평 | J44: 0 | K44: 0 | L44: 0 | M44: 0 | N44: 0 | O44: 0 | P44: 0 | Q44: 0 | R44: 0 | S44: 0 | T44: 0 | U44: 0
... A49: =IFERROR(IF(E49="","",IF(B49="",D49&"_"& IF($E49=외피index!$B$3, 외피index!$C$3&"_"&COUNTIFS(E$2:$E49,외피index!$B$3,D$2:$D49,D49), IF($E49=외피index!$B$4, 외피index!$C$4&"_"&COUNTIFS(E$2:$E49,외피index!$B$4,D$2:$D49,D49), IF($E49=외피index!$B$5, 외피index!$C$5&"_"&COUNTIFS(E$2:$E49,외피index!$B$5,D$2:$D49,D49), IF($E49=외피index!$B$6, 외피index!$C$6&"_"&COUNTIFS(E$2:$E49,외피index!$B$6,D$2:$D49,D49), IF($E49=외피index!$B$7, 외피index!$C$7&"_"&COUNTIFS(E$2:$E49,외피index!$B$7,D$2:$D49,D49), IF($E49=외피index!$B$8, 외피index!$C$8&"_"&COUNTIFS(E$2:$E49,외피index!$B$8,D$2:$D49,D49), IF($E49=외피index!$B$9, 외피index!$C$9&"_"&COUNTIFS(E$2:$E49,외피index!$B$9,D$2:$D49,D49), IF($E49=외피index!$B$10, 외피index!$C$10&"_"&COUNTIFS(E$2:$E49,외피index!$B$10,D$2:$D49,D49), 0)))))))),B49)),"") -> 2F_Zone006_SL_1 | B49: 2F_Zone006_SL_1 | C49: 2F | D49: 2F_Zone006 | E49: 층간바닥 | G49: 42.639959 | H49: 1F_Zone002 | I49: 수평 | J49: 0 | K49: 0 | L49: 0 | M49: 0 | N49: 0 | O49: 0 | P49: 0 | Q49: 0 | R49: 0 | S49: 0 | T49: 0 | U49: 0
A50: =IFERROR(IF(E50="","",IF(B50="",D50&"_"& IF($E50=외피index!$B$3, 외피index!$C$3&"_"&COUNTIFS(E$2:$E50,외피index!$B$3,D$2:$D50,D50), IF($E50=외피index!$B$4, 외피index!$C$4&"_"&COUNTIFS(E$2:$E50,외피index!$B$4,D$2:$D50,D50), IF($E50=외피index!$B$5, 외피index!$C$5&"_"&COUNTIFS(E$2:$E50,외피index!$B$5,D$2:$D50,D50), IF($E50=외피index!$B$6, 외피index!$C$6&"_"&COUNTIFS(E$2:$E50,외피index!$B$6,D$2:$D50,D50), IF($E50=외피index!$B$7, 외피index!$C$7&"_"&COUNTIFS(E$2:$E50,외피index!$B$7,D$2:$D50,D50), IF($E50=외피index!$B$8, 외피index!$C$8&"_"&COUNTIFS(E$2:$E50,외피index!$B$8,D$2:$D50,D50), IF($E50=외피index!$B$9, 외피index!$C$9&"_"&COUNTIFS(E$2:$E50,외피index!$B$9,D$2:$D50,D50), IF($E50=외피index!$B$10, 외피index!$C$10&"_"&COUNTIFS(E$2:$E50,외피index!$B$10,D$2:$D50,D50), 0)))))))),B50)),"") -> 2F_Zone007_FR_1 | B50: 2F_Zone007_FR_1 | C50: 2F | D50: 2F_Zone007 | E50: 최하층바닥 | G50: 22.879955 | I50: 수평 | J50: 180 | K50: 0 | L50: 0 | M50: 0 | N50: 0 | O50: 0 | P50: 0 | Q50: 0 | R50: 0 | S50: 0 | T50: 0 | U50: 0
A51: =IFERROR(IF(E51="","",IF(B51="",D51&"_"& IF($E51=외피index!$B$3, 외피index!$C$3&"_"&COUNTIFS(E$2:$E51,외피index!$B$3,D$2:$D51,D51), IF($E51=외피index!$B$4, 외피index!$C$4&"_"&COUNTIFS(E$2:$E51,외피index!$B$4,D$2:$D51,D51), IF($E51=외피index!$B$5, 외피index!$C$5&"_"&COUNTIFS(E$2:$E51,외피index!$B$5,D$2:$D51,D51), IF($E51=외피index!$B$6, 외피index!$C$6&"_"&COUNTIFS(E$2:$E51,외피index!$B$6,D$2:$D51,D51), IF($E51=외피index!$B$7, 외피index!$C$7&"_"&COUNTIFS(E$2:$E51,외피index!$B$7,D$2:$D51,D51), IF($E51=외피index!$B$8, 외피index!$C$8&"_"&COUNTIFS(E$2:$E51,외피index!$B$8,D$2:$D51,D51), IF($E51=외피index!$B$9, 외피index!$C$9&"_"&COUNTIFS(E$2:$E51,외피index!$B$9,D$2:$D51,D51), IF($E51=외피index!$B$10, 외피index!$C$10&"_"&COUNTIFS(E$2:$E51,외피index!$B$10,D$2:$D51,D51), 0)))))))),B51)),"") -> 2F_Zone008_SL_1 | B51: 2F_Zone008_SL_1 | C51: 2F | D51: 2F_Zone008 | E51: 층간바닥 | G51: 16.799957 | H51: 1F_Zone003 | I51: 수평 | J51: 180 | K51: 0 | L51: 0 | M51: 0 | N51: 0 | O51: 0 | P51: 0 | Q51: 0 | R51: 0 | S51: 0 | T51: 0 | U51: 0
A52: =IFERROR(IF(E52="","",IF(B52="",D52&"_"& IF($E52=외피index!$B$3, 외피index!$C$3&"_"&COUNTIFS(E$2:$E52,외피index!$B$3,D$2:$D52,D52), IF($E52=외피index!$B$4, 외피index!$C$4&"_"&COUNTIFS(E$2:$E52,외피index!$B$4,D$2:$D52,D52), IF($E52=외피index!$B$5, 외피index!$C$5&"_"&COUNTIFS(E$2:$E52,외피index!$B$5,D$2:$D52,D52), IF($E52=외피index!$B$6, 외피index!$C$6&"_"&COUNTIFS(E$2:$E52,외피index!$B$6,D$2:$D52,D52), IF($E52=외피index!$B$7, 외피index!$C$7&"_"&COUNTIFS(E$2:$E52,외피index!$B$7,D$2:$D52,D52), IF($E52=외피index!$B$8, 외피index!$C$8&"_"&COUNTIFS(E$2:$E52,외피index!$B$8,D$2:$D52,D52), IF($E52=외피index!$B$9, 외피index!$C$9&"_"&COUNTIFS(E$2:$E52,외피index!$B$9,D$2:$D52,D52), IF($E52=외피index!$B$10, 외피index!$C$10&"_"&COUNTIFS(E$2:$E52,외피index!$B$10,D$2:$D52,D52), 0)))))))),B52)),"") -> 2F_Zone009_FR_1 | B52: 2F_Zone009_FR_1 | C52: 2F | D52: 2F_Zone009 | E52: 최하층바닥 | G52: 14.040055 | I52: 수평 | J52: 180 | K52: 0 | L52: 0 | M52: 0 | N52: 0 | O52: 0 | P52: 0 | Q52: 0 | R52: 0 | S52: 0 | T52: 0 | U52: 0
A53: =IFERROR(IF(E53="","",IF(B53="",D53&"_"& IF($E53=외피index!$B$3, 외피index!$C$3&"_"&COUNTIFS(E$2:$E53,외피index!$B$3,D$2:$D53,D53), IF($E53=외피index!$B$4, 외피index!$C$4&"_"&COUNTIFS(E$2:$E53,외피index!$B$4,D$2:$D53,D53), IF($E53=외피index!$B$5, 외피index!$C$5&"_"&COUNTIFS(E$2:$E53,외피index!$B$5,D$2:$D53,D53), IF($E53=외피index!$B$6, 외피index!$C$6&"_"&COUNTIFS(E$2:$E53,외피index!$B$6,D$2:$D53,D53), IF($E53=외피index!$B$7, 외피index!$C$7&"_"&COUNTIFS(E$2:$E53,외피index!$B$7,D$2:$D53,D53), IF($E53=외피index!$B$8, 외피index!$C$8&"_"&COUNTIFS(E$2:$E53,외피index!$B$8,D$2:$D53,D53), IF($E53=외피index!$B$9, 외피index!$C$9&"_"&COUNTIFS(E$2:$E53,외피index!$B$9,D$2:$D53,D53), IF($E53=외피index!$B$10, 외피index!$C$10&"_"&COUNTIFS(E$2:$E53,외피index!$B$10,D$2:$D53,D53), 0)))))))),B53)),"") -> 2F_Zone010_FR_1 | B53: 2F_Zone010_FR_1 | C53: 2F | D53: 2F_Zone010 | E53: 최하층바닥 | G53: 13.230021 | I53: 수평 | J53: 180 | K53: 0 | L53: 0 | M53: 0 | N53: 0 | O53: 0 | P53: 0 | Q53: 0 | R53: 0 | S53: 0 | T53: 0 | U53: 0
A54: =IFERROR(IF(E54="","",IF(B54="",D54&"_"& IF($E54=외피index!$B$3, 외피index!$C$3&"_"&COUNTIFS(E$2:$E54,외피index!$B$3,D$2:$D54,D54), IF($E54=외피index!$B$4, 외피index!$C$4&"_"&COUNTIFS(E$2:$E54,외피index!$B$4,D$2:$D54,D54), IF($E54=외피index!$B$5, 외피index!$C$5&"_"&COUNTIFS(E$2:$E54,외피index!$B$5,D$2:$D54,D54), IF($E54=외피index!$B$6, 외피index!$C$6&"_"&COUNTIFS(E$2:$E54,외피index!$B$6,D$2:$D54,D54), IF($E54=외피index!$B$7, 외피index!$C$7&"_"&COUNTIFS(E$2:$E54,외피index!$B$7,D$2:$D54,D54), IF($E54=외피index!$B$8, 외피index!$C$8&"_"&COUNTIFS(E$2:$E54,외피index!$B$8,D$2:$D54,D54), IF($E54=외피index!$B$9, 외피index!$C$9&"_"&COUNTIFS(E$2:$E54,외피index!$B$9,D$2:$D54,D54), IF($E54=외피index!$B$10, 외피index!$C$10&"_"&COUNTIFS(E$2:$E54,외피index!$B$10,D$2:$D54,D54), 0)))))))),B54)),"") -> 2F_Zone011_SL_1 | B54: 2F_Zone011_SL_1 | C54: 2F | D54: 2F_Zone011 | E54: 층간바닥 | G54: 10.920057 | H54: 1F_Zone004 | I54: 수평 | J54: 180 | K54: 0 | L54: 0 | M54: 0 | N54: 0 | O54: 0 | P54: 0 | Q54: 0 | R54: 0 | S54: 0 | T54: 0 | U54: 0
A55: =IFERROR(IF(E55="","",IF(B55="",D55&"_"& IF($E55=외피index!$B$3, 외피index!$C$3&"_"&COUNTIFS(E$2:$E55,외피index!$B$3,D$2:$D55,D55), IF($E55=외피index!$B$4, 외피index!$C$4&"_"&COUNTIFS(E$2:$E55,외피index!$B$4,D$2:$D55,D55), IF($E55=외피index!$B$5, 외피index!$C$5&"_"&COUNTIFS(E$2:$E55,외피index!$B$5,D$2:$D55,D55), IF($E55=외피index!$B$6, 외피index!$C$6&"_"&COUNTIFS(E$2:$E55,외피index!$B$6,D$2:$D55,D55), IF($E55=외피index!$B$7, 외피index!$C$7&"_"&COUNTIFS(E$2:$E55,외피index!$B$7,D$2:$D55,D55), IF($E55=외피index!$B$8, 외피index!$C$8&"_"&COUNTIFS(E$2:$E55,외피index!$B$8,D$2:$D55,D55), IF($E55=외피index!$B$9, 외피index!$C$9&"_"&COUNTIFS(E$2:$E55,외피index!$B$9,D$2:$D55,D55), IF($E55=외피index!$B$10, 외피index!$C$10&"_"&COUNTIFS(E$2:$E55,외피index!$B$10,D$2:$D55,D55), 0)))))))),B55)),"") -> 2F_Zone012_FR_1 | B55: 2F_Zone012_FR_1 | C55: 2F | D55: 2F_Zone012 | E55: 최하층바닥 | G55: 10.58506 | I55: 수평 | J55: 180 | K55: 0 | L55: 0 | M55: 0 | N55: 0 | O55: 0 | P55: 0 | Q55: 0 | R55: 0 | S55: 0 | T55: 0 | U55: 0
A56: =IFERROR(IF(E56="","",IF(B56="",D56&"_"& IF($E56=외피index!$B$3, 외피index!$C$3&"_"&COUNTIFS(E$2:$E56,외피index!$B$3,D$2:$D56,D56), IF($E56=외피index!$B$4, 외피index!$C$4&"_"&COUNTIFS(E$2:$E56,외피index!$B$4,D$2:$D56,D56), IF($E56=외피index!$B$5, 외피index!$C$5&"_"&COUNTIFS(E$2:$E56,외피index!$B$5,D$2:$D56,D56), IF($E56=외피index!$B$6, 외피index!$C$6&"_"&COUNTIFS(E$2:$E56,외피index!$B$6,D$2:$D56,D56), IF($E56=외피index!$B$7, 외피index!$C$7&"_"&COUNTIFS(E$2:$E56,외피index!$B$7,D$2:$D56,D56), IF($E56=외피index!$B$8, 외피index!$C$8&"_"&COUNTIFS(E$2:$E56,외피index!$B$8,D$2:$D56,D56), IF($E56=외피index!$B$9, 외피index!$C$9&"_"&COUNTIFS(E$2:$E56,외피index!$B$9,D$2:$D56,D56), IF($E56=외피index!$B$10, 외피index!$C$10&"_"&COUNTIFS(E$2:$E56,외피index!$B$10,D$2:$D56,D56), 0)))))))),B56)),"") -> 2F_Zone011_SL_2 | B56: 2F_Zone011_SL_2 | C56: 2F | D56: 2F_Zone011 | E56: 층간바닥 | G56: 7.2799854 | H56: 1F_Zone003 | I56: 수평 | J56: 180 | K56: 0 | L56: 0 | M56: 0 | N56: 0 | O56: 0 | P56: 0 | Q56: 0 | R56: 0 | S56: 0 | T56: 0 | U56: 0
A57: =IFERROR(IF(E57="","",IF(B57="",D57&"_"& IF($E57=외피index!$B$3, 외피index!$C$3&"_"&COUNTIFS(E$2:$E57,외피index!$B$3,D$2:$D57,D57), IF($E57=외피index!$B$4, 외피index!$C$4&"_"&COUNTIFS(E$2:$E57,외피index!$B$4,D$2:$D57,D57), IF($E57=외피index!$B$5, 외피index!$C$5&"_"&COUNTIFS(E$2:$E57,외피index!$B$5,D$2:$D57,D57), IF($E57=외피index!$B$6, 외피index!$C$6&"_"&COUNTIFS(E$2:$E57,외피index!$B$6,D$2:$D57,D57), IF($E57=외피index!$B$7, 외피index!$C$7&"_"&COUNTIFS(E$2:$E57,외피index!$B$7,D$2:$D57,D57), IF($E57=외피index!$B$8, 외피index!$C$8&"_"&COUNTIFS(E$2:$E57,외피index!$B$8,D$2:$D57,D57), IF($E57=외피index!$B$9, 외피index!$C$9&"_"&COUNTIFS(E$2:$E57,외피index!$B$9,D$2:$D57,D57), IF($E57=외피index!$B$10, 외피index!$C$10&"_"&COUNTIFS(E$2:$E57,외피index!$B$10,D$2:$D57,D57), 0)))))))),B57)),"") -> 2F_Zone008_FR_9 | B57: 2F_Zone008_FR_9 | C57: 2F | D57: 2F_Zone008 | E57: 최하층바닥 | G57: 6.8849615 | I57: 수평 | J57: 180 | K57: 0 | L57: 0 | M57: 0 | N57: 0 | O57: 0 | P57: 0 | Q57: 0 | R57: 0 | S57: 0 | T57: 0 | U57: 0
A58: =IFERROR(IF(E58="","",IF(B58="",D58&"_"& IF($E58=외피index!$B$3, 외피index!$C$3&"_"&COUNTIFS(E$2:$E58,외피index!$B$3,D$2:$D58,D58), IF($E58=외피index!$B$4, 외피index!$C$4&"_"&COUNTIFS(E$2:$E58,외피index!$B$4,D$2:$D58,D58), IF($E58=외피index!$B$5, 외피index!$C$5&"_"&COUNTIFS(E$2:$E58,외피index!$B$5,D$2:$D58,D58), IF($E58=외피index!$B$6, 외피index!$C$6&"_"&COUNTIFS(E$2:$E58,외피index!$B$6,D$2:$D58,D58), IF($E58=외피index!$B$7, 외피index!$C$7&"_"&COUNTIFS(E$2:$E58,외피index!$B$7,D$2:$D58,D58), IF($E58=외피index!$B$8, 외피index!$C$8&"_"&COUNTIFS(E$2:$E58,외피index!$B$8,D$2:$D58,D58), IF($E58=외피index!$B$9, 외피index!$C$9&"_"&COUNTIFS(E$2:$E58,외피index!$B$9,D$2:$D58,D58), IF($E58=외피index!$B$10, 외피index!$C$10&"_"&COUNTIFS(E$2:$E58,외피index!$B$10,D$2:$D58,D58), 0)))))))),B58)),"") -> 2F_Zone013_FR_1 | B58: 2F_Zone013_FR_1 | C58: 2F | D58: 2F_Zone013 | E58: 최하층바닥 | G58: 4.7999878 | I58: 수평 | J58: 180 | K58: 0 | L58: 0 | M58: 0 | N58: 0 | O58: 0 | P58: 0 | Q58: 0 | R58: 0 | S58: 0 | T58: 0 | U58: 0
A59: =IFERROR(IF(E59="","",IF(B59="",D59&"_"& IF($E59=외피index!$B$3, 외피index!$C$3&"_"&COUNTIFS(E$2:$E59,외피index!$B$3,D$2:$D59,D59), IF($E59=외피index!$B$4, 외피index!$C$4&"_"&COUNTIFS(E$2:$E59,외피index!$B$4,D$2:$D59,D59), IF($E59=외피index!$B$5, 외피index!$C$5&"_"&COUNTIFS(E$2:$E59,외피index!$B$5,D$2:$D59,D59), IF($E59=외피index!$B$6, 외피index!$C$6&"_"&COUNTIFS(E$2:$E59,외피index!$B$6,D$2:$D59,D59), IF($E59=외피index!$B$7, 외피index!$C$7&"_"&COUNTIFS(E$2:$E59,외피index!$B$7,D$2:$D59,D59), IF($E59=외피index!$B$8, 외피index!$C$8&"_"&COUNTIFS(E$2:$E59,외피index!$B$8,D$2:$D59,D59), IF($E59=외피index!$B$9, 외피index!$C$9&"_"&COUNTIFS(E$2:$E59,외피index!$B$9,D$2:$D59,D59), IF($E59=외피index!$B$10, 외피index!$C$10&"_"&COUNTIFS(E$2:$E59,외피index!$B$10,D$2:$D59,D59), 0)))))))),B59)),"") -> 1F_Zone002_FR_1 | B59: 1F_Zone002_FR_1 | C59: 1F | D59: 1F_Zone002 | E59: 최하층바닥 | G59: 42.639959 | I59: 수평 | J59: 180 | K59: 0 | L59: 0 | M59: 0 | N59: 0 | O59: 0 | P59: 0 | Q59: 0 | R59: 0 | S59: 0 | T59: 0 | U59: 0
A60: =IFERROR(IF(E60="","",IF(B60="",D60&"_"& IF($E60=외피index!$B$3, 외피index!$C$3&"_"&COUNTIFS(E$2:$E60,외피index!$B$3,D$2:$D60,D60), IF($E60=외피index!$B$4, 외피index!$C$4&"_"&COUNTIFS(E$2:$E60,외피index!$B$4,D$2:$D60,D60), IF($E60=외피index!$B$5, 외피index!$C$5&"_"&COUNTIFS(E$2:$E60,외피index!$B$5,D$2:$D60,D60), IF($E60=외피index!$B$6, 외피index!$C$6&"_"&COUNTIFS(E$2:$E60,외피index!$B$6,D$2:$D60,D60), IF($E60=외피index!$B$7, 외피index!$C$7&"_"&COUNTIFS(E$2:$E60,외피index!$B$7,D$2:$D60,D60), IF($E60=외피index!$B$8, 외피index!$C$8&"_"&COUNTIFS(E$2:$E60,외피index!$B$8,D$2:$D60,D60), IF($E60=외피index!$B$9, 외피index!$C$9&"_"&COUNTIFS(E$2:$E60,외피index!$B$9,D$2:$D60,D60), IF($E60=외피index!$B$10, 외피index!$C$10&"_"&COUNTIFS(E$2:$E60,외피index!$B$10,D$2:$D60,D60), 0)))))))),B60)),"") -> 1F_Zone003_FR_1 | B60: 1F_Zone003_FR_1 | C60: 1F | D60: 1F_Zone003 | E60: 최하층바닥 | G60: 24.079943 | I60: 수평 | J60: 180 | K60: 0 | L60: 0 | M60: 0 | N60: 0 | O60: 0 | P60: 0 | Q60: 0 | R60: 0 | S60: 0 | T60: 0 | U60: 0
A61: =IFERROR(IF(E61="","",IF(B61="",D61&"_"& IF($E61=외피index!$B$3, 외피index!$C$3&"_"&COUNTIFS(E$2:$E61,외피index!$B$3,D$2:$D61,D61), IF($E61=외피index!$B$4, 외피index!$C$4&"_"&COUNTIFS(E$2:$E61,외피index!$B$4,D$2:$D61,D61), IF($E61=외피index!$B$5, 외피index!$C$5&"_"&COUNTIFS(E$2:$E61,외피index!$B$5,D$2:$D61,D61), IF($E61=외피index!$B$6, 외피index!$C$6&"_"&COUNTIFS(E$2:$E61,외피index!$B$6,D$2:$D61,D61), IF($E61=외피index!$B$7, 외피index!$C$7&"_"&COUNTIFS(E$2:$E61,외피index!$B$7,D$2:$D61,D61), IF($E61=외피index!$B$8, 외피index!$C$8&"_"&COUNTIFS(E$2:$E61,외피index!$B$8,D$2:$D61,D61), IF($E61=외피index!$B$9, 외피index!$C$9&"_"&COUNTIFS(E$2:$E61,외피index!$B$9,D$2:$D61,D61), IF($E61=외피index!$B$10, 외피index!$C$10&"_"&COUNTIFS(E$2:$E61,외피index!$B$10,D$2:$D61,D61), 0)))))))),B61)),"") -> 1F_Zone004_FR_1 | B61: 1F_Zone004_FR_1 | C61: 1F | D61: 1F_Zone004 | E61: 최하층바닥 | G61: 10.920057 | I61: 수평 | J61: 180 | K61: 0 | L61: 0 | M61: 0 | N61: 0 | O61: 0 | P61: 0 | Q61: 0 | R61: 0 | S61: 0 | T61: 0 | U61: 0
A62: =IFERROR(IF(E62="","",IF(B62="",D62&"_"& IF($E62=외피index!$B$3, 외피index!$C$3&"_"&COUNTIFS(E$2:$E62,외피index!$B$3,D$2:$D62,D62), IF($E62=외피index!$B$4, 외피index!$C$4&"_"&COUNTIFS(E$2:$E62,외피index!$B$4,D$2:$D62,D62), IF($E62=외피index!$B$5, 외피index!$C$5&"_"&COUNTIFS(E$2:$E62,외피index!$B$5,D$2:$D62,D62), IF($E62=외피index!$B$6, 외피index!$C$6&"_"&COUNTIFS(E$2:$E62,외피index!$B$6,D$2:$D62,D62), IF($E62=외피index!$B$7, 외피index!$C$7&"_"&COUNTIFS(E$2:$E62,외피index!$B$7,D$2:$D62,D62), IF($E62=외피index!$B$8, 외피index!$C$8&"_"&COUNTIFS(E$2:$E62,외피index!$B$8,D$2:$D62,D62), IF($E62=외피index!$B$9, 외피index!$C$9&"_"&COUNTIFS(E$2:$E62,외피index!$B$9,D$2:$D62,D62), IF($E62=외피index!$B$10, 외피index!$C$10&"_"&COUNTIFS(E$2:$E62,외피index!$B$10,D$2:$D62,D62), 0)))))))),B62)),"") -> 1F_Zone005_FR_1 | B62: 1F_Zone005_FR_1 | C62: 1F | D62: 1F_Zone005 | E62: 최하층바닥 | G62: 3.7170383 | I62: 수평 | J62: 180 | K62: 0 | L62: 0 | M62: 0 | N62: 0 | O62: 0 | P62: 0 | Q62: 0 | R62: 0 | S62: 0 | T62: 0 | U62: 0
A63: =IFERROR(IF(E63="","",IF(B63="",D63&"_"& IF($E63=외피index!$B$3, 외피index!$C$3&"_"&COUNTIFS(E$2:$E63,외피index!$B$3,D$2:$D63,D63), IF($E63=외피index!$B$4, 외피index!$C$4&"_"&COUNTIFS(E$2:$E63,외피index!$B$4,D$2:$D63,D63), IF($E63=외피index!$B$5, 외피index!$C$5&"_"&COUNTIFS(E$2:$E63,외피index!$B$5,D$2:$D63,D63), IF($E63=외피index!$B$6, 외피index!$C$6&"_"&COUNTIFS(E$2:$E63,외피index!$B$6,D$2:$D63,D63), IF($E63=외피index!$B$7, 외피index!$C$7&"_"&COUNTIFS(E$2:$E63,외피index!$B$7,D$2:$D63,D63), IF($E63=외피index!$B$8, 외피index!$C$8&"_"&COUNTIFS(E$2:$E63,외피index!$B$8,D$2:$D63,D63), IF($E63=외피index!$B$9, 외피index!$C$9&"_"&COUNTIFS(E$2:$E63,외피index!$B$9,D$2:$D63,D63), IF($E63=외피index!$B$10, 외피index!$C$10&"_"&COUNTIFS(E$2:$E63,외피index!$B$10,D$2:$D63,D63), 0)))))))),B63)),"") -> 3F_Zone019_IW_7 | B63: 3F_Zone019_IW_7 | C63: 3F | D63: 3F_Zone019 | E63: 내벽 | G63: 7.6799812 | H63: 3F_Zone020 | I63: 서 | J63: 90 | K63: 0 | L63: 0 | M63: 0 | N63: 0 | O63: 0 | P63: 0 | Q63: 0 | R63: 0 | S63: 2.3999939 | T63: 0 | U63: 0
A64: =IFERROR(IF(E64="","",IF(B64="",D64&"_"& IF($E64=외피index!$B$3, 외피index!$C$3&"_"&COUNTIFS(E$2:$E64,외피index!$B$3,D$2:$D64,D64), IF($E64=외피index!$B$4, 외피index!$C$4&"_"&COUNTIFS(E$2:$E64,외피index!$B$4,D$2:$D64,D64), IF($E64=외피index!$B$5, 외피index!$C$5&"_"&COUNTIFS(E$2:$E64,외피index!$B$5,D$2:$D64,D64), IF($E64=외피index!$B$6, 외피index!$C$6&"_"&COUNTIFS(E$2:$E64,외피index!$B$6,D$2:$D64,D64), IF($E64=외피index!$B$7, 외피index!$C$7&"_"&COUNTIFS(E$2:$E64,외피index!$B$7,D$2:$D64,D64), IF($E64=외피index!$B$8, 외피index!$C$8&"_"&COUNTIFS(E$2:$E64,외피index!$B$8,D$2:$D64,D64), IF($E64=외피index!$B$9, 외피index!$C$9&"_"&COUNTIFS(E$2:$E64,외피index!$B$9,D$2:$D64,D64), IF($E64=외피index!$B$10, 외피index!$C$10&"_"&COUNTIFS(E$2:$E64,외피index!$B$10,D$2:$D64,D64), 0)))))))),B64)),"") -> 1F_Zone002_WL_6 | B64: 1F_Zone002_WL_6 | C64: 1F | D64: 1F_Zone002 | E64: 외벽 | G64: 19.514583 | I64: 서 | J64: 90 | K64: 0 | L64: 0 | M64: 0 | N64: 0 | O64: 0 | P64: 0 | Q64: 0 | R64: 0 | S64: 5.1999969 | T64: 0 | U64: 0
A65: =IFERROR(IF(E65="","",IF(B65="",D65&"_"& IF($E65=외피index!$B$3, 외피index!$C$3&"_"&COUNTIFS(E$2:$E65,외피index!$B$3,D$2:$D65,D65), IF($E65=외피index!$B$4, 외피index!$C$4&"_"&COUNTIFS(E$2:$E65,외피index!$B$4,D$2:$D65,D65), IF($E65=외피index!$B$5, 외피index!$C$5&"_"&COUNTIFS(E$2:$E65,외피index!$B$5,D$2:$D65,D65), IF($E65=외피index!$B$6, 외피index!$C$6&"_"&COUNTIFS(E$2:$E65,외피index!$B$6,D$2:$D65,D65), IF($E65=외피index!$B$7, 외피index!$C$7&"_"&COUNTIFS(E$2:$E65,외피index!$B$7,D$2:$D65,D65), IF($E65=외피index!$B$8, 외피index!$C$8&"_"&COUNTIFS(E$2:$E65,외피index!$B$8,D$2:$D65,D65), IF($E65=외피index!$B$9, 외피index!$C$9&"_"&COUNTIFS(E$2:$E65,외피index!$B$9,D$2:$D65,D65), IF($E65=외피index!$B$10, 외피index!$C$10&"_"&COUNTIFS(E$2:$E65,외피index!$B$10,D$2:$D65,D65), 0)))))))),B65)),"") -> 1F_Zone003_WL_4 | B65: 1F_Zone003_WL_4 | C65: 1F | D65: 1F_Zone003 | E65: 외벽 | G65: 16.699897 | I65: 서 | J65: 90 | K65: 0 | L65: 0 | M65: 0 | N65: 0 | O65: 0 | P65: 0 | Q65: 0 | R65: 0 | S65: 5 | T65: 0 | U65: 0
A66: =IFERROR(IF(E66="","",IF(B66="",D66&"_"& IF($E66=외피index!$B$3, 외피index!$C$3&"_"&COUNTIFS(E$2:$E66,외피index!$B$3,D$2:$D66,D66), IF($E66=외피index!$B$4, 외피index!$C$4&"_"&COUNTIFS(E$2:$E66,외피index!$B$4,D$2:$D66,D66), IF($E66=외피index!$B$5, 외피index!$C$5&"_"&COUNTIFS(E$2:$E66,외피index!$B$5,D$2:$D66,D66), IF($E66=외피index!$B$6, 외피index!$C$6&"_"&COUNTIFS(E$2:$E66,외피index!$B$6,D$2:$D66,D66), IF($E66=외피index!$B$7, 외피index!$C$7&"_"&COUNTIFS(E$2:$E66,외피index!$B$7,D$2:$D66,D66), IF($E66=외피index!$B$8, 외피index!$C$8&"_"&COUNTIFS(E$2:$E66,외피index!$B$8,D$2:$D66,D66), IF($E66=외피index!$B$9, 외피index!$C$9&"_"&COUNTIFS(E$2:$E66,외피index!$B$9,D$2:$D66,D66), IF($E66=외피index!$B$10, 외피index!$C$10&"_"&COUNTIFS(E$2:$E66,외피index!$B$10,D$2:$D66,D66), 0)))))))),B66)),"") -> 2F_Zone006_IW_2 | B66: 2F_Zone006_IW_2 | C66: 2F | D66: 2F_Zone006 | E66: 내벽 | G66: 16.639989 | H66: 2F_Zone009 | I66: 서 | J66: 90 | K66: 0 | L66: 0 | M66: 0 | N66: 0 | O66: 0 | P66: 0 | Q66: 0 | R66: 0 | S66: 5.1999969 | T66: 0 | U66: 0
A67: =IFERROR(IF(E67="","",IF(B67="",D67&"_"& IF($E67=외피index!$B$3, 외피index!$C$3&"_"&COUNTIFS(E$2:$E67,외피index!$B$3,D$2:$D67,D67), IF($E67=외피index!$B$4, 외피index!$C$4&"_"&COUNTIFS(E$2:$E67,외피index!$B$4,D$2:$D67,D67), IF($E67=외피index!$B$5, 외피index!$C$5&"_"&COUNTIFS(E$2:$E67,외피index!$B$5,D$2:$D67,D67), IF($E67=외피index!$B$6, 외피index!$C$6&"_"&COUNTIFS(E$2:$E67,외피index!$B$6,D$2:$D67,D67), IF($E67=외피index!$B$7, 외피index!$C$7&"_"&COUNTIFS(E$2:$E67,외피index!$B$7,D$2:$D67,D67), IF($E67=외피index!$B$8, 외피index!$C$8&"_"&COUNTIFS(E$2:$E67,외피index!$B$8,D$2:$D67,D67), IF($E67=외피index!$B$9, 외피index!$C$9&"_"&COUNTIFS(E$2:$E67,외피index!$B$9,D$2:$D67,D67), IF($E67=외피index!$B$10, 외피index!$C$10&"_"&COUNTIFS(E$2:$E67,외피index!$B$10,D$2:$D67,D67), 0)))))))),B67)),"") -> 3F_Zone017_IW_3 | B67: 3F_Zone017_IW_3 | C67: 3F | D67: 3F_Zone017 | E67: 내벽 | G67: 9.9199716 | H67: 3F_Zone015 | I67: 서 | J67: 90 | K67: 0 | L67: 0 | M67: 0 | N67: 0 | O67: 0 | P67: 0 | Q67: 0 | R67: 0 | S67: 3.0999908 | T67: 0 | U67: 0
A68: =IFERROR(IF(E68="","",IF(B68="",D68&"_"& IF($E68=외피index!$B$3, 외피index!$C$3&"_"&COUNTIFS(E$2:$E68,외피index!$B$3,D$2:$D68,D68), IF($E68=외피index!$B$4, 외피index!$C$4&"_"&COUNTIFS(E$2:$E68,외피index!$B$4,D$2:$D68,D68), IF($E68=외피index!$B$5, 외피index!$C$5&"_"&COUNTIFS(E$2:$E68,외피index!$B$5,D$2:$D68,D68), IF($E68=외피index!$B$6, 외피index!$C$6&"_"&COUNTIFS(E$2:$E68,외피index!$B$6,D$2:$D68,D68), IF($E68=외피index!$B$7, 외피index!$C$7&"_"&COUNTIFS(E$2:$E68,외피index!$B$7,D$2:$D68,D68), IF($E68=외피index!$B$8, 외피index!$C$8&"_"&COUNTIFS(E$2:$E68,외피index!$B$8,D$2:$D68,D68), IF($E68=외피index!$B$9, 외피index!$C$9&"_"&COUNTIFS(E$2:$E68,외피index!$B$9,D$2:$D68,D68), IF($E68=외피index!$B$10, 외피index!$C$10&"_"&COUNTIFS(E$2:$E68,외피index!$B$10,D$2:$D68,D68), 0)))))))),B68)),"") -> 2F_Zone011_IW_3 | B68: 2F_Zone011_IW_3 | C68: 2F | D68: 2F_Zone011 | E68: 내벽 | G68: 8.320019 | H68: 2F_Zone012 | I68: 서 | J68: 90 | K68: 0 | L68: 0 | M68: 0 | N68: 0 | O68: 0 | P68: 0 | Q68: 0 | R68: 0 | S68: 2.6000061 | T68: 0 | U68: 0
A69: =IFERROR(IF(E69="","",IF(B69="",D69&"_"& IF($E69=외피index!$B$3, 외피index!$C$3&"_"&COUNTIFS(E$2:$E69,외피index!$B$3,D$2:$D69,D69), IF($E69=외피index!$B$4, 외피index!$C$4&"_"&COUNTIFS(E$2:$E69,외피index!$B$4,D$2:$D69,D69), IF($E69=외피index!$B$5, 외피index!$C$5&"_"&COUNTIFS(E$2:$E69,외피index!$B$5,D$2:$D69,D69), IF($E69=외피index!$B$6, 외피index!$C$6&"_"&COUNTIFS(E$2:$E69,외피index!$B$6,D$2:$D69,D69), IF($E69=외피index!$B$7, 외피index!$C$7&"_"&COUNTIFS(E$2:$E69,외피index!$B$7,D$2:$D69,D69), IF($E69=외피index!$B$8, 외피index!$C$8&"_"&COUNTIFS(E$2:$E69,외피index!$B$8,D$2:$D69,D69), IF($E69=외피index!$B$9, 외피index!$C$9&"_"&COUNTIFS(E$2:$E69,외피index!$B$9,D$2:$D69,D69), IF($E69=외피index!$B$10, 외피index!$C$10&"_"&COUNTIFS(E$2:$E69,외피index!$B$10,D$2:$D69,D69), 0)))))))),B69)),"") -> 3F_Zone016_IW_12 | B69: 3F_Zone016_IW_12 | C69: 3F | D69: 3F_Zone016 | E69: 내벽 | G69: 6.7200201 | H69: 3F_Zone015 | I69: 서 | J69: 90 | K69: 0 | L69: 0 | M69: 0 | N69: 0 | O69: 0 | P69: 0 | Q69: 0 | R69: 0 | S69: 2.1000061 | T69: 0 | U69: 0
A70: =IFERROR(IF(E70="","",IF(B70="",D70&"_"& IF($E70=외피index!$B$3, 외피index!$C$3&"_"&COUNTIFS(E$2:$E70,외피index!$B$3,D$2:$D70,D70), IF($E70=외피index!$B$4, 외피index!$C$4&"_"&COUNTIFS(E$2:$E70,외피index!$B$4,D$2:$D70,D70), IF($E70=외피index!$B$5, 외피index!$C$5&"_"&COUNTIFS(E$2:$E70,외피index!$B$5,D$2:$D70,D70), IF($E70=외피index!$B$6, 외피index!$C$6&"_"&COUNTIFS(E$2:$E70,외피index!$B$6,D$2:$D70,D70), IF($E70=외피index!$B$7, 외피index!$C$7&"_"&COUNTIFS(E$2:$E70,외피index!$B$7,D$2:$D70,D70), IF($E70=외피index!$B$8, 외피index!$C$8&"_"&COUNTIFS(E$2:$E70,외피index!$B$8,D$2:$D70,D70), IF($E70=외피index!$B$9, 외피index!$C$9&"_"&COUNTIFS(E$2:$E70,외피index!$B$9,D$2:$D70,D70), IF($E70=외피index!$B$10, 외피index!$C$10&"_"&COUNTIFS(E$2:$E70,외피index!$B$10,D$2:$D70,D70), 0)))))))),B70)),"") -> 4F_Zone021_WL_8 | B70: 4F_Zone021_WL_8 | C70: 4F | D70: 4F_Zone021 | E70: 외벽 | G70: 6.7199834 | I70: 서 | J70: 90 | K70: 0 | L70: 0 | M70: 0 | N70: 0 | O70: 0 | P70: 0 | Q70: 0 | R70: 0 | S70: 2.3999939 | T70: 0 | U70: 0
A71: =IFERROR(IF(E71="","",IF(B71="",D71&"_"& IF($E71=외피index!$B$3, 외피index!$C$3&"_"&COUNTIFS(E$2:$E71,외피index!$B$3,D$2:$D71,D71), IF($E71=외피index!$B$4, 외피index!$C$4&"_"&COUNTIFS(E$2:$E71,외피index!$B$4,D$2:$D71,D71), IF($E71=외피index!$B$5, 외피index!$C$5&"_"&COUNTIFS(E$2:$E71,외피index!$B$5,D$2:$D71,D71), IF($E71=외피index!$B$6, 외피index!$C$6&"_"&COUNTIFS(E$2:$E71,외피index!$B$6,D$2:$D71,D71), IF($E71=외피index!$B$7, 외피index!$C$7&"_"&COUNTIFS(E$2:$E71,외피index!$B$7,D$2:$D71,D71), IF($E71=외피index!$B$8, 외피index!$C$8&"_"&COUNTIFS(E$2:$E71,외피index!$B$8,D$2:$D71,D71), IF($E71=외피index!$B$9, 외피index!$C$9&"_"&COUNTIFS(E$2:$E71,외피index!$B$9,D$2:$D71,D71), IF($E71=외피index!$B$10, 외피index!$C$10&"_"&COUNTIFS(E$2:$E71,외피index!$B$10,D$2:$D71,D71), 0)))))))),B71)),"") -> 3F_Zone016_IW_2 | B71: 3F_Zone016_IW_2 | C71: 3F | D71: 3F_Zone016 | E71: 내벽 | G71: 3.3600101 | H71: 3F_Zone019 | I71: 서 | J71: 90 | K71: 0 | L71: 0 | M71: 0 | N71: 0 | O71: 0 | P71: 0 | Q71: 0 | R71: 0 | S71: 1.0500031 | T71: 0 | U71: 0
A72: =IFERROR(IF(E72="","",IF(B72="",D72&"_"& IF($E72=외피index!$B$3, 외피index!$C$3&"_"&COUNTIFS(E$2:$E72,외피index!$B$3,D$2:$D72,D72), IF($E72=외피index!$B$4, 외피index!$C$4&"_"&COUNTIFS(E$2:$E72,외피index!$B$4,D$2:$D72,D72), IF($E72=외피index!$B$5, 외피index!$C$5&"_"&COUNTIFS(E$2:$E72,외피index!$B$5,D$2:$D72,D72), IF($E72=외피index!$B$6, 외피index!$C$6&"_"&COUNTIFS(E$2:$E72,외피index!$B$6,D$2:$D72,D72), IF($E72=외피index!$B$7, 외피index!$C$7&"_"&COUNTIFS(E$2:$E72,외피index!$B$7,D$2:$D72,D72), IF($E72=외피index!$B$8, 외피index!$C$8&"_"&COUNTIFS(E$2:$E72,외피index!$B$8,D$2:$D72,D72), IF($E72=외피index!$B$9, 외피index!$C$9&"_"&COUNTIFS(E$2:$E72,외피index!$B$9,D$2:$D72,D72), IF($E72=외피index!$B$10, 외피index!$C$10&"_"&COUNTIFS(E$2:$E72,외피index!$B$10,D$2:$D72,D72), 0)))))))),B72)),"") -> 2F_Zone008_IW_6 | B72: 2F_Zone008_IW_6 | C72: 2F | D72: 2F_Zone008 | E72: 내벽 | G72: 3.3600096 | H72: 2F_Zone012 | I72: 서 | J72: 90 | K72: 0 | L72: 0 | M72: 0 | N72: 0 | O72: 0 | P72: 0 | Q72: 0 | R72: 0 | S72: 1.0500031 | T72: 0 | U72: 0
A73: =IFERROR(IF(E73="","",IF(B73="",D73&"_"& IF($E73=외피index!$B$3, 외피index!$C$3&"_"&COUNTIFS(E$2:$E73,외피index!$B$3,D$2:$D73,D73), IF($E73=외피index!$B$4, 외피index!$C$4&"_"&COUNTIFS(E$2:$E73,외피index!$B$4,D$2:$D73,D73), IF($E73=외피index!$B$5, 외피index!$C$5&"_"&COUNTIFS(E$2:$E73,외피index!$B$5,D$2:$D73,D73), IF($E73=외피index!$B$6, 외피index!$C$6&"_"&COUNTIFS(E$2:$E73,외피index!$B$6,D$2:$D73,D73), IF($E73=외피index!$B$7, 외피index!$C$7&"_"&COUNTIFS(E$2:$E73,외피index!$B$7,D$2:$D73,D73), IF($E73=외피index!$B$8, 외피index!$C$8&"_"&COUNTIFS(E$2:$E73,외피index!$B$8,D$2:$D73,D73), IF($E73=외피index!$B$9, 외피index!$C$9&"_"&COUNTIFS(E$2:$E73,외피index!$B$9,D$2:$D73,D73), IF($E73=외피index!$B$10, 외피index!$C$10&"_"&COUNTIFS(E$2:$E73,외피index!$B$10,D$2:$D73,D73), 0)))))))),B73)),"") -> 2F_Zone009_IW_3 | B73: 2F_Zone009_IW_3 | C73: 2F | D73: 2F_Zone009 | E73: 내벽 | G73: 16.639989 | H73: 2F_Zone007 | I73: 서 | J73: 90 | K73: 0 | L73: 0 | M73: 0 | N73: 0 | O73: 0 | P73: 0 | Q73: 0 | R73: 0 | S73: 5.1999969 | T73: 0 | U73: 0
A74: =IFERROR(IF(E74="","",IF(B74="",D74&"_"& IF($E74=외피index!$B$3, 외피index!$C$3&"_"&COUNTIFS(E$2:$E74,외피index!$B$3,D$2:$D74,D74), IF($E74=외피index!$B$4, 외피index!$C$4&"_"&COUNTIFS(E$2:$E74,외피index!$B$4,D$2:$D74,D74), IF($E74=외피index!$B$5, 외피index!$C$5&"_"&COUNTIFS(E$2:$E74,외피index!$B$5,D$2:$D74,D74), IF($E74=외피index!$B$6, 외피index!$C$6&"_"&COUNTIFS(E$2:$E74,외피index!$B$6,D$2:$D74,D74), IF($E74=외피index!$B$7, 외피index!$C$7&"_"&COUNTIFS(E$2:$E74,외피index!$B$7,D$2:$D74,D74), IF($E74=외피index!$B$8, 외피index!$C$8&"_"&COUNTIFS(E$2:$E74,외피index!$B$8,D$2:$D74,D74), IF($E74=외피index!$B$9, 외피index!$C$9&"_"&COUNTIFS(E$2:$E74,외피index!$B$9,D$2:$D74,D74), IF($E74=외피index!$B$10, 외피index!$C$10&"_"&COUNTIFS(E$2:$E74,외피index!$B$10,D$2:$D74,D74), 0)))))))),B74)),"") -> 3F_Zone018_IW_3 | B74: 3F_Zone018_IW_3 | C74: 3F | D74: 3F_Zone018 | E74: 내벽 | G74: 4.3199711 | H74: 3F_Zone019 | I74: 서 | J74: 90 | K74: 0 | L74: 0 | M74: 0 | N74: 0 | O74: 0 | P74: 0 | Q74: 0 | R74: 0 | S74: 1.3499908 | T74: 0 | U74: 0
A75: =IFERROR(IF(E75="","",IF(B75="",D75&"_"& IF($E75=외피index!$B$3, 외피index!$C$3&"_"&COUNTIFS(E$2:$E75,외피index!$B$3,D$2:$D75,D75), IF($E75=외피index!$B$4, 외피index!$C$4&"_"&COUNTIFS(E$2:$E75,외피index!$B$4,D$2:$D75,D75), IF($E75=외피index!$B$5, 외피index!$C$5&"_"&COUNTIFS(E$2:$E75,외피index!$B$5,D$2:$D75,D75), IF($E75=외피index!$B$6, 외피index!$C$6&"_"&COUNTIFS(E$2:$E75,외피index!$B$6,D$2:$D75,D75), IF($E75=외피index!$B$7, 외피index!$C$7&"_"&COUNTIFS(E$2:$E75,외피index!$B$7,D$2:$D75,D75), IF($E75=외피index!$B$8, 외피index!$C$8&"_"&COUNTIFS(E$2:$E75,외피index!$B$8,D$2:$D75,D75), IF($E75=외피index!$B$9, 외피index!$C$9&"_"&COUNTIFS(E$2:$E75,외피index!$B$9,D$2:$D75,D75), IF($E75=외피index!$B$10, 외피index!$C$10&"_"&COUNTIFS(E$2:$E75,외피index!$B$10,D$2:$D75,D75), 0)))))))),B75)),"") -> 1F_Zone004_IW_2 | B75: 1F_Zone004_IW_2 | C75: 1F | D75: 1F_Zone004 | E75: 내벽 | G75: 11.440027 | H75: 1F_Zone003 | I75: 서 | J75: 90 | K75: 0 | L75: 0 | M75: 0 | N75: 0 | O75: 0 | P75: 0 | Q75: 0 | R75: 0 | S75: 2.6000061 | T75: 0 | U75: 0
A76: =IFERROR(IF(E76="","",IF(B76="",D76&"_"& IF($E76=외피index!$B$3, 외피index!$C$3&"_"&COUNTIFS(E$2:$E76,외피index!$B$3,D$2:$D76,D76), IF($E76=외피index!$B$4, 외피index!$C$4&"_"&COUNTIFS(E$2:$E76,외피index!$B$4,D$2:$D76,D76), IF($E76=외피index!$B$5, 외피index!$C$5&"_"&COUNTIFS(E$2:$E76,외피index!$B$5,D$2:$D76,D76), IF($E76=외피index!$B$6, 외피index!$C$6&"_"&COUNTIFS(E$2:$E76,외피index!$B$6,D$2:$D76,D76), IF($E76=외피index!$B$7, 외피index!$C$7&"_"&COUNTIFS(E$2:$E76,외피index!$B$7,D$2:$D76,D76), IF($E76=외피index!$B$8, 외피index!$C$8&"_"&COUNTIFS(E$2:$E76,외피index!$B$8,D$2:$D76,D76), IF($E76=외피index!$B$9, 외피index!$C$9&"_"&COUNTIFS(E$2:$E76,외피index!$B$9,D$2:$D76,D76), IF($E76=외피index!$B$10, 외피index!$C$10&"_"&COUNTIFS(E$2:$E76,외피index!$B$10,D$2:$D76,D76), 0)))))))),B76)),"") -> 3F_Zone014_IW_7 | B76: 3F_Zone014_IW_7 | C76: 3F | D76: 3F_Zone014 | E76: 내벽 | G76: 9.9199716 | H76: 3F_Zone017 | I76: 서 | J76: 90 | K76: 0 | L76: 0 | M76: 0 | N76: 0 | O76: 0 | P76: 0 | Q76: 0 | R76: 0 | S76: 3.0999908 | T76: 0 | U76: 0
A77: =IFERROR(IF(E77="","",IF(B77="",D77&"_"& IF($E77=외피index!$B$3, 외피index!$C$3&"_"&COUNTIFS(E$2:$E77,외피index!$B$3,D$2:$D77,D77), IF($E77=외피index!$B$4, 외피index!$C$4&"_"&COUNTIFS(E$2:$E77,외피index!$B$4,D$2:$D77,D77), IF($E77=외피index!$B$5, 외피index!$C$5&"_"&COUNTIFS(E$2:$E77,외피index!$B$5,D$2:$D77,D77), IF($E77=외피index!$B$6, 외피index!$C$6&"_"&COUNTIFS(E$2:$E77,외피index!$B$6,D$2:$D77,D77), IF($E77=외피index!$B$7, 외피index!$C$7&"_"&COUNTIFS(E$2:$E77,외피index!$B$7,D$2:$D77,D77), IF($E77=외피index!$B$8, 외피index!$C$8&"_"&COUNTIFS(E$2:$E77,외피index!$B$8,D$2:$D77,D77), IF($E77=외피index!$B$9, 외피index!$C$9&"_"&COUNTIFS(E$2:$E77,외피index!$B$9,D$2:$D77,D77), IF($E77=외피index!$B$10, 외피index!$C$10&"_"&COUNTIFS(E$2:$E77,외피index!$B$10,D$2:$D77,D77), 0)))))))),B77)),"") -> 3F_Zone014_IW_2 | B77: 3F_Zone014_IW_2 | C77: 3F | D77: 3F_Zone014 | E77: 내벽 | G77: 6.7200201 | H77: 3F_Zone016 | I77: 서 | J77: 90 | K77: 0 | L77: 0 | M77: 0 | N77: 0 | O77: 0 | P77: 0 | Q77: 0 | R77: 0 | S77: 2.1000061 | T77: 0 | U77: 0
A78: =IFERROR(IF(E78="","",IF(B78="",D78&"_"& IF($E78=외피index!$B$3, 외피index!$C$3&"_"&COUNTIFS(E$2:$E78,외피index!$B$3,D$2:$D78,D78), IF($E78=외피index!$B$4, 외피index!$C$4&"_"&COUNTIFS(E$2:$E78,외피index!$B$4,D$2:$D78,D78), IF($E78=외피index!$B$5, 외피index!$C$5&"_"&COUNTIFS(E$2:$E78,외피index!$B$5,D$2:$D78,D78), IF($E78=외피index!$B$6, 외피index!$C$6&"_"&COUNTIFS(E$2:$E78,외피index!$B$6,D$2:$D78,D78), IF($E78=외피index!$B$7, 외피index!$C$7&"_"&COUNTIFS(E$2:$E78,외피index!$B$7,D$2:$D78,D78), IF($E78=외피index!$B$8, 외피index!$C$8&"_"&COUNTIFS(E$2:$E78,외피index!$B$8,D$2:$D78,D78), IF($E78=외피index!$B$9, 외피index!$C$9&"_"&COUNTIFS(E$2:$E78,외피index!$B$9,D$2:$D78,D78), IF($E78=외피index!$B$10, 외피index!$C$10&"_"&COUNTIFS(E$2:$E78,외피index!$B$10,D$2:$D78,D78), 0)))))))),B78)),"") -> 3F_Zone016_IW_6 | B78: 3F_Zone016_IW_6 | C78: 3F | D78: 3F_Zone016 | E78: 내벽 | G78: 4.3199711 | H78: 3F_Zone018 | I78: 서 | J78: 90 | K78: 0 | L78: 0 | M78: 0 | N78: 0 | O78: 0 | P78: 0 | Q78: 0 | R78: 0 | S78: 1.3499908 | T78: 0 | U78: 0
A79: =IFERROR(IF(E79="","",IF(B79="",D79&"_"& IF($E79=외피index!$B$3, 외피index!$C$3&"_"&COUNTIFS(E$2:$E79,외피index!$B$3,D$2:$D79,D79), IF($E79=외피index!$B$4, 외피index!$C$4&"_"&COUNTIFS(E$2:$E79,외피index!$B$4,D$2:$D79,D79), IF($E79=외피index!$B$5, 외피index!$C$5&"_"&COUNTIFS(E$2:$E79,외피index!$B$5,D$2:$D79,D79), IF($E79=외피index!$B$6, 외피index!$C$6&"_"&COUNTIFS(E$2:$E79,외피index!$B$6,D$2:$D79,D79), IF($E79=외피index!$B$7, 외피index!$C$7&"_"&COUNTIFS(E$2:$E79,외피index!$B$7,D$2:$D79,D79), IF($E79=외피index!$B$8, 외피index!$C$8&"_"&COUNTIFS(E$2:$E79,외피index!$B$8,D$2:$D79,D79), IF($E79=외피index!$B$9, 외피index!$C$9&"_"&COUNTIFS(E$2:$E79,외피index!$B$9,D$2:$D79,D79), IF($E79=외피index!$B$10, 외피index!$C$10&"_"&COUNTIFS(E$2:$E79,외피index!$B$10,D$2:$D79,D79), 0)))))))),B79)),"") -> 2F_Zone008_IW_10 | B79: 2F_Zone008_IW_10 | C79: 2F | D79: 2F_Zone008 | E79: 내벽 | G79: 4.3199704 | H79: 2F_Zone013 | I79: 서 | J79: 90 | K79: 0 | L79: 0 | M79: 0 | N79: 0 | O79: 0 | P79: 0 | Q79: 0 | R79: 0 | S79: 1.3499908 | T79: 0 | U79: 0
A80: =IFERROR(IF(E80="","",IF(B80="",D80&"_"& IF($E80=외피index!$B$3, 외피index!$C$3&"_"&COUNTIFS(E$2:$E80,외피index!$B$3,D$2:$D80,D80), IF($E80=외피index!$B$4, 외피index!$C$4&"_"&COUNTIFS(E$2:$E80,외피index!$B$4,D$2:$D80,D80), IF($E80=외피index!$B$5, 외피index!$C$5&"_"&COUNTIFS(E$2:$E80,외피index!$B$5,D$2:$D80,D80), IF($E80=외피index!$B$6, 외피index!$C$6&"_"&COUNTIFS(E$2:$E80,외피index!$B$6,D$2:$D80,D80), IF($E80=외피index!$B$7, 외피index!$C$7&"_"&COUNTIFS(E$2:$E80,외피index!$B$7,D$2:$D80,D80), IF($E80=외피index!$B$8, 외피index!$C$8&"_"&COUNTIFS(E$2:$E80,외피index!$B$8,D$2:$D80,D80), IF($E80=외피index!$B$9, 외피index!$C$9&"_"&COUNTIFS(E$2:$E80,외피index!$B$9,D$2:$D80,D80), IF($E80=외피index!$B$10, 외피index!$C$10&"_"&COUNTIFS(E$2:$E80,외피index!$B$10,D$2:$D80,D80), 0)))))))),B80)),"") -> 2F_Zone010_IW_2 | B80: 2F_Zone010_IW_2 | C80: 2F | D80: 2F_Zone010 | E80: 내벽 | G80: 3.3600096 | H80: 2F_Zone013 | I80: 서 | J80: 90 | K80: 0 | L80: 0 | M80: 0 | N80: 0 | O80: 0 | P80: 0 | Q80: 0 | R80: 0 | S80: 1.0500031 | T80: 0 | U80: 0
A81: =IFERROR(IF(E81="","",IF(B81="",D81&"_"& IF($E81=외피index!$B$3, 외피index!$C$3&"_"&COUNTIFS(E$2:$E81,외피index!$B$3,D$2:$D81,D81), IF($E81=외피index!$B$4, 외피index!$C$4&"_"&COUNTIFS(E$2:$E81,외피index!$B$4,D$2:$D81,D81), IF($E81=외피index!$B$5, 외피index!$C$5&"_"&COUNTIFS(E$2:$E81,외피index!$B$5,D$2:$D81,D81), IF($E81=외피index!$B$6, 외피index!$C$6&"_"&COUNTIFS(E$2:$E81,외피index!$B$6,D$2:$D81,D81), IF($E81=외피index!$B$7, 외피index!$C$7&"_"&COUNTIFS(E$2:$E81,외피index!$B$7,D$2:$D81,D81), IF($E81=외피index!$B$8, 외피index!$C$8&"_"&COUNTIFS(E$2:$E81,외피index!$B$8,D$2:$D81,D81), IF($E81=외피index!$B$9, 외피index!$C$9&"_"&COUNTIFS(E$2:$E81,외피index!$B$9,D$2:$D81,D81), IF($E81=외피index!$B$10, 외피index!$C$10&"_"&COUNTIFS(E$2:$E81,외피index!$B$10,D$2:$D81,D81), 0)))))))),B81)),"") -> 3F_Zone015_WL_9 | B81: 3F_Zone015_WL_9 | C81: 3F | D81: 3F_Zone015 | E81: 외벽 | G81: 12.739842 | I81: 서 | J81: 90 | K81: 0 | L81: 0 | M81: 0 | N81: 0 | O81: 0 | P81: 0 | Q81: 0 | R81: 0 | S81: 5.1999969 | T81: 0 | U81: 0
A82: =IFERROR(IF(E82="","",IF(B82="",D82&"_"& IF($E82=외피index!$B$3, 외피index!$C$3&"_"&COUNTIFS(E$2:$E82,외피index!$B$3,D$2:$D82,D82), IF($E82=외피index!$B$4, 외피index!$C$4&"_"&COUNTIFS(E$2:$E82,외피index!$B$4,D$2:$D82,D82), IF($E82=외피index!$B$5, 외피index!$C$5&"_"&COUNTIFS(E$2:$E82,외피index!$B$5,D$2:$D82,D82), IF($E82=외피index!$B$6, 외피index!$C$6&"_"&COUNTIFS(E$2:$E82,외피index!$B$6,D$2:$D82,D82), IF($E82=외피index!$B$7, 외피index!$C$7&"_"&COUNTIFS(E$2:$E82,외피index!$B$7,D$2:$D82,D82), IF($E82=외피index!$B$8, 외피index!$C$8&"_"&COUNTIFS(E$2:$E82,외피index!$B$8,D$2:$D82,D82), IF($E82=외피index!$B$9, 외피index!$C$9&"_"&COUNTIFS(E$2:$E82,외피index!$B$9,D$2:$D82,D82), IF($E82=외피index!$B$10, 외피index!$C$10&"_"&COUNTIFS(E$2:$E82,외피index!$B$10,D$2:$D82,D82), 0)))))))),B82)),"") -> 2F_Zone007_WL_4 | B82: 2F_Zone007_WL_4 | C82: 2F | D82: 2F_Zone007 | E82: 외벽 | G82: 12.73999 | I82: 서 | J82: 90 | K82: 0 | L82: 0 | M82: 0 | N82: 0 | O82: 0 | P82: 0 | Q82: 0 | R82: 0 | S82: 5.1999969 | T82: 0 | U82: 0
A83: =IFERROR(IF(E83="","",IF(B83="",D83&"_"& IF($E83=외피index!$B$3, 외피index!$C$3&"_"&COUNTIFS(E$2:$E83,외피index!$B$3,D$2:$D83,D83), IF($E83=외피index!$B$4, 외피index!$C$4&"_"&COUNTIFS(E$2:$E83,외피index!$B$4,D$2:$D83,D83), IF($E83=외피index!$B$5, 외피index!$C$5&"_"&COUNTIFS(E$2:$E83,외피index!$B$5,D$2:$D83,D83), IF($E83=외피index!$B$6, 외피index!$C$6&"_"&COUNTIFS(E$2:$E83,외피index!$B$6,D$2:$D83,D83), IF($E83=외피index!$B$7, 외피index!$C$7&"_"&COUNTIFS(E$2:$E83,외피index!$B$7,D$2:$D83,D83), IF($E83=외피index!$B$8, 외피index!$C$8&"_"&COUNTIFS(E$2:$E83,외피index!$B$8,D$2:$D83,D83), IF($E83=외피index!$B$9, 외피index!$C$9&"_"&COUNTIFS(E$2:$E83,외피index!$B$9,D$2:$D83,D83), IF($E83=외피index!$B$10, 외피index!$C$10&"_"&COUNTIFS(E$2:$E83,외피index!$B$10,D$2:$D83,D83), 0)))))))),B83)),"") -> 2F_Zone010_WL_6 | B83: 2F_Zone010_WL_6 | C83: 2F | D83: 2F_Zone010 | E83: 외벽 | G83: 8.320019 | I83: 서 | J83: 90 | K83: 0 | L83: 0 | M83: 0 | N83: 0 | O83: 0 | P83: 0 | Q83: 0 | R83: 0 | S83: 2.6000061 | T83: 0 | U83: 0
A84: =IFERROR(IF(E84="","",IF(B84="",D84&"_"& IF($E84=외피index!$B$3, 외피index!$C$3&"_"&COUNTIFS(E$2:$E84,외피index!$B$3,D$2:$D84,D84), IF($E84=외피index!$B$4, 외피index!$C$4&"_"&COUNTIFS(E$2:$E84,외피index!$B$4,D$2:$D84,D84), IF($E84=외피index!$B$5, 외피index!$C$5&"_"&COUNTIFS(E$2:$E84,외피index!$B$5,D$2:$D84,D84), IF($E84=외피index!$B$6, 외피index!$C$6&"_"&COUNTIFS(E$2:$E84,외피index!$B$6,D$2:$D84,D84), IF($E84=외피index!$B$7, 외피index!$C$7&"_"&COUNTIFS(E$2:$E84,외피index!$B$7,D$2:$D84,D84), IF($E84=외피index!$B$8, 외피index!$C$8&"_"&COUNTIFS(E$2:$E84,외피index!$B$8,D$2:$D84,D84), IF($E84=외피index!$B$9, 외피index!$C$9&"_"&COUNTIFS(E$2:$E84,외피index!$B$9,D$2:$D84,D84), IF($E84=외피index!$B$10, 외피index!$C$10&"_"&COUNTIFS(E$2:$E84,외피index!$B$10,D$2:$D84,D84), 0)))))))),B84)),"") -> 3F_Zone020_WL_4 | B84: 3F_Zone020_WL_4 | C84: 3F | D84: 3F_Zone020 | E84: 외벽 | G84: 5.7299065 | I84: 서 | J84: 90 | K84: 0 | L84: 0 | M84: 0 | N84: 0 | O84: 0 | P84: 0 | Q84: 0 | R84: 0 | S84: 2.3999939 | T84: 0 | U84: 0
A85: =IFERROR(IF(E85="","",IF(B85="",D85&"_"& IF($E85=외피index!$B$3, 외피index!$C$3&"_"&COUNTIFS(E$2:$E85,외피index!$B$3,D$2:$D85,D85), IF($E85=외피index!$B$4, 외피index!$C$4&"_"&COUNTIFS(E$2:$E85,외피index!$B$4,D$2:$D85,D85), IF($E85=외피index!$B$5, 외피index!$C$5&"_"&COUNTIFS(E$2:$E85,외피index!$B$5,D$2:$D85,D85), IF($E85=외피index!$B$6, 외피index!$C$6&"_"&COUNTIFS(E$2:$E85,외피index!$B$6,D$2:$D85,D85), IF($E85=외피index!$B$7, 외피index!$C$7&"_"&COUNTIFS(E$2:$E85,외피index!$B$7,D$2:$D85,D85), IF($E85=외피index!$B$8, 외피index!$C$8&"_"&COUNTIFS(E$2:$E85,외피index!$B$8,D$2:$D85,D85), IF($E85=외피index!$B$9, 외피index!$C$9&"_"&COUNTIFS(E$2:$E85,외피index!$B$9,D$2:$D85,D85), IF($E85=외피index!$B$10, 외피index!$C$10&"_"&COUNTIFS(E$2:$E85,외피index!$B$10,D$2:$D85,D85), 0)))))))),B85)),"") -> 2F_Zone013_WL_4 | B85: 2F_Zone013_WL_4 | C85: 2F | D85: 2F_Zone013 | E85: 외벽 | G85: 7.67998 | I85: 서 | J85: 90 | K85: 0 | L85: 0 | M85: 0 | N85: 0 | O85: 0 | P85: 0 | Q85: 0 | R85: 0 | S85: 2.3999939 | T85: 0 | U85: 0
A86: =IFERROR(IF(E86="","",IF(B86="",D86&"_"& IF($E86=외피index!$B$3, 외피index!$C$3&"_"&COUNTIFS(E$2:$E86,외피index!$B$3,D$2:$D86,D86), IF($E86=외피index!$B$4, 외피index!$C$4&"_"&COUNTIFS(E$2:$E86,외피index!$B$4,D$2:$D86,D86), IF($E86=외피index!$B$5, 외피index!$C$5&"_"&COUNTIFS(E$2:$E86,외피index!$B$5,D$2:$D86,D86), IF($E86=외피index!$B$6, 외피index!$C$6&"_"&COUNTIFS(E$2:$E86,외피index!$B$6,D$2:$D86,D86), IF($E86=외피index!$B$7, 외피index!$C$7&"_"&COUNTIFS(E$2:$E86,외피index!$B$7,D$2:$D86,D86), IF($E86=외피index!$B$8, 외피index!$C$8&"_"&COUNTIFS(E$2:$E86,외피index!$B$8,D$2:$D86,D86), IF($E86=외피index!$B$9, 외피index!$C$9&"_"&COUNTIFS(E$2:$E86,외피index!$B$9,D$2:$D86,D86), IF($E86=외피index!$B$10, 외피index!$C$10&"_"&COUNTIFS(E$2:$E86,외피index!$B$10,D$2:$D86,D86), 0)))))))),B86)),"") -> 2F_Zone012_IW_5 | B86: 2F_Zone012_IW_5 | C86: 2F | D86: 2F_Zone012 | E86: 내벽 | G86: 11.680029 | H86: 2F_Zone010 | I86: 서 | J86: 90 | K86: 0 | L86: 0 | M86: 0 | N86: 0 | O86: 0 | P86: 0 | Q86: 0 | R86: 0 | S86: 3.6500092 | T86: 0 | U86: 0
A87: =IFERROR(IF(E87="","",IF(B87="",D87&"_"& IF($E87=외피index!$B$3, 외피index!$C$3&"_"&COUNTIFS(E$2:$E87,외피index!$B$3,D$2:$D87,D87), IF($E87=외피index!$B$4, 외피index!$C$4&"_"&COUNTIFS(E$2:$E87,외피index!$B$4,D$2:$D87,D87), IF($E87=외피index!$B$5, 외피index!$C$5&"_"&COUNTIFS(E$2:$E87,외피index!$B$5,D$2:$D87,D87), IF($E87=외피index!$B$6, 외피index!$C$6&"_"&COUNTIFS(E$2:$E87,외피index!$B$6,D$2:$D87,D87), IF($E87=외피index!$B$7, 외피index!$C$7&"_"&COUNTIFS(E$2:$E87,외피index!$B$7,D$2:$D87,D87), IF($E87=외피index!$B$8, 외피index!$C$8&"_"&COUNTIFS(E$2:$E87,외피index!$B$8,D$2:$D87,D87), IF($E87=외피index!$B$9, 외피index!$C$9&"_"&COUNTIFS(E$2:$E87,외피index!$B$9,D$2:$D87,D87), IF($E87=외피index!$B$10, 외피index!$C$10&"_"&COUNTIFS(E$2:$E87,외피index!$B$10,D$2:$D87,D87), 0)))))))),B87)),"") -> 1F_Zone005_WL_4 | B87: 1F_Zone005_WL_4 | C87: 1F | D87: 1F_Zone005 | E87: 외벽 | G87: 1.4297775 | I87: 서 | J87: 90 | K87: 0 | L87: 0 | M87: 0 | N87: 0 | O87: 0 | P87: 0 | Q87: 0 | R87: 0 | S87: 0.88500977 | T87: 0 | U87: 0
A88: =IFERROR(IF(E88="","",IF(B88="",D88&"_"& IF($E88=외피index!$B$3, 외피index!$C$3&"_"&COUNTIFS(E$2:$E88,외피index!$B$3,D$2:$D88,D88), IF($E88=외피index!$B$4, 외피index!$C$4&"_"&COUNTIFS(E$2:$E88,외피index!$B$4,D$2:$D88,D88), IF($E88=외피index!$B$5, 외피index!$C$5&"_"&COUNTIFS(E$2:$E88,외피index!$B$5,D$2:$D88,D88), IF($E88=외피index!$B$6, 외피index!$C$6&"_"&COUNTIFS(E$2:$E88,외피index!$B$6,D$2:$D88,D88), IF($E88=외피index!$B$7, 외피index!$C$7&"_"&COUNTIFS(E$2:$E88,외피index!$B$7,D$2:$D88,D88), IF($E88=외피index!$B$8, 외피index!$C$8&"_"&COUNTIFS(E$2:$E88,외피index!$B$8,D$2:$D88,D88), IF($E88=외피index!$B$9, 외피index!$C$9&"_"&COUNTIFS(E$2:$E88,외피index!$B$9,D$2:$D88,D88), IF($E88=외피index!$B$10, 외피index!$C$10&"_"&COUNTIFS(E$2:$E88,외피index!$B$10,D$2:$D88,D88), 0)))))))),B88)),"") -> 2F_Zone007_WIN_1 | B88: 2F_Zone007_WIN_1 | C88: 2F | D88: 2F_Zone007 | E88: 창호 | F88: 창호 | G88: 1.9499996 | I88: 서 | J88: 90 | K88: 0 | L88: 0 | M88: 0 | N88: 57.929563 | O88: 0 | P88: 0 | Q88: 0 | R88: 12.417519 | S88: 0 | T88: 1.5 | U88: 1.9849431
A89: =IFERROR(IF(E89="","",IF(B89="",D89&"_"& IF($E89=외피index!$B$3, 외피index!$C$3&"_"&COUNTIFS(E$2:$E89,외피index!$B$3,D$2:$D89,D89), IF($E89=외피index!$B$4, 외피index!$C$4&"_"&COUNTIFS(E$2:$E89,외피index!$B$4,D$2:$D89,D89), IF($E89=외피index!$B$5, 외피index!$C$5&"_"&COUNTIFS(E$2:$E89,외피index!$B$5,D$2:$D89,D89), IF($E89=외피index!$B$6, 외피index!$C$6&"_"&COUNTIFS(E$2:$E89,외피index!$B$6,D$2:$D89,D89), IF($E89=외피index!$B$7, 외피index!$C$7&"_"&COUNTIFS(E$2:$E89,외피index!$B$7,D$2:$D89,D89), IF($E89=외피index!$B$8, 외피index!$C$8&"_"&COUNTIFS(E$2:$E89,외피index!$B$8,D$2:$D89,D89), IF($E89=외피index!$B$9, 외피index!$C$9&"_"&COUNTIFS(E$2:$E89,외피index!$B$9,D$2:$D89,D89), IF($E89=외피index!$B$10, 외피index!$C$10&"_"&COUNTIFS(E$2:$E89,외피index!$B$10,D$2:$D89,D89), 0)))))))),B89)),"") -> 2F_Zone007_WIN_2 | B89: 2F_Zone007_WIN_2 | C89: 2F | D89: 2F_Zone007 | E89: 창호 | F89: 창호 | G89: 1.9499996 | I89: 서 | J89: 90 | K89: 0 | L89: 0 | M89: 0 | N89: 57.841677 | O89: 0 | P89: 0 | Q89: 0 | R89: 12.417519 | S89: 0 | T89: 1.5 | U89: 1.9849431
A90: =IFERROR(IF(E90="","",IF(B90="",D90&"_"& IF($E90=외피index!$B$3, 외피index!$C$3&"_"&COUNTIFS(E$2:$E90,외피index!$B$3,D$2:$D90,D90), IF($E90=외피index!$B$4, 외피index!$C$4&"_"&COUNTIFS(E$2:$E90,외피index!$B$4,D$2:$D90,D90), IF($E90=외피index!$B$5, 외피index!$C$5&"_"&COUNTIFS(E$2:$E90,외피index!$B$5,D$2:$D90,D90), IF($E90=외피index!$B$6, 외피index!$C$6&"_"&COUNTIFS(E$2:$E90,외피index!$B$6,D$2:$D90,D90), IF($E90=외피index!$B$7, 외피index!$C$7&"_"&COUNTIFS(E$2:$E90,외피index!$B$7,D$2:$D90,D90), IF($E90=외피index!$B$8, 외피index!$C$8&"_"&COUNTIFS(E$2:$E90,외피index!$B$8,D$2:$D90,D90), IF($E90=외피index!$B$9, 외피index!$C$9&"_"&COUNTIFS(E$2:$E90,외피index!$B$9,D$2:$D90,D90), IF($E90=외피index!$B$10, 외피index!$C$10&"_"&COUNTIFS(E$2:$E90,외피index!$B$10,D$2:$D90,D90), 0)))))))),B90)),"") -> 3F_Zone020_WIN_1 | B90: 3F_Zone020_WIN_1 | C90: 3F | D90: 3F_Zone020 | E90: 창호 | F90: 창호 | G90: 1.9500747 | I90: 서 | J90: 90 | K90: 0 | L90: 0 | M90: 0 | N90: 49.755769 | O90: 0 | P90: 0 | Q90: 0 | R90: 9.161149 | S90: 0 | T90: 1.5 | U90: 1.9849759
A91: =IFERROR(IF(E91="","",IF(B91="",D91&"_"& IF($E91=외피index!$B$3, 외피index!$C$3&"_"&COUNTIFS(E$2:$E91,외피index!$B$3,D$2:$D91,D91), IF($E91=외피index!$B$4, 외피index!$C$4&"_"&COUNTIFS(E$2:$E91,외피index!$B$4,D$2:$D91,D91), IF($E91=외피index!$B$5, 외피index!$C$5&"_"&COUNTIFS(E$2:$E91,외피index!$B$5,D$2:$D91,D91), IF($E91=외피index!$B$6, 외피index!$C$6&"_"&COUNTIFS(E$2:$E91,외피index!$B$6,D$2:$D91,D91), IF($E91=외피index!$B$7, 외피index!$C$7&"_"&COUNTIFS(E$2:$E91,외피index!$B$7,D$2:$D91,D91), IF($E91=외피index!$B$8, 외피index!$C$8&"_"&COUNTIFS(E$2:$E91,외피index!$B$8,D$2:$D91,D91), IF($E91=외피index!$B$9, 외피index!$C$9&"_"&COUNTIFS(E$2:$E91,외피index!$B$9,D$2:$D91,D91), IF($E91=외피index!$B$10, 외피index!$C$10&"_"&COUNTIFS(E$2:$E91,외피index!$B$10,D$2:$D91,D91), 0)))))))),B91)),"") -> 1F_Zone005_CW_2 | B91: 1F_Zone005_CW_2 | C91: 1F | D91: 1F_Zone005 | E91: 커튼월창 | F91: 유리부분 | G91: 1.8447587 | I91: 서 | J91: 90 | K91: 0 | L91: 0 | M91: 0 | N91: 44.772546 | O91: 0 | P91: 0 | Q91: 0 | R91: 17.881999 | S91: 0 | T91: 0.78500366 | U91: 2.4776463
A92: =IFERROR(IF(E92="","",IF(B92="",D92&"_"& IF($E92=외피index!$B$3, 외피index!$C$3&"_"&COUNTIFS(E$2:$E92,외피index!$B$3,D$2:$D92,D92), IF($E92=외피index!$B$4, 외피index!$C$4&"_"&COUNTIFS(E$2:$E92,외피index!$B$4,D$2:$D92,D92), IF($E92=외피index!$B$5, 외피index!$C$5&"_"&COUNTIFS(E$2:$E92,외피index!$B$5,D$2:$D92,D92), IF($E92=외피index!$B$6, 외피index!$C$6&"_"&COUNTIFS(E$2:$E92,외피index!$B$6,D$2:$D92,D92), IF($E92=외피index!$B$7, 외피index!$C$7&"_"&COUNTIFS(E$2:$E92,외피index!$B$7,D$2:$D92,D92), IF($E92=외피index!$B$8, 외피index!$C$8&"_"&COUNTIFS(E$2:$E92,외피index!$B$8,D$2:$D92,D92), IF($E92=외피index!$B$9, 외피index!$C$9&"_"&COUNTIFS(E$2:$E92,외피index!$B$9,D$2:$D92,D92), IF($E92=외피index!$B$10, 외피index!$C$10&"_"&COUNTIFS(E$2:$E92,외피index!$B$10,D$2:$D92,D92), 0)))))))),B92)),"") -> 3F_Zone015_WIN_3 | B92: 3F_Zone015_WIN_3 | C92: 3F | D92: 3F_Zone015 | E92: 창호 | F92: 창호 | G92: 1.9500747 | I92: 서 | J92: 90 | K92: 0 | L92: 0 | M92: 0 | N92: 49.580145 | O92: 0 | P92: 0 | Q92: 0 | R92: 9.161149 | S92: 0 | T92: 1.5 | U92: 1.9849759
A93: =IFERROR(IF(E93="","",IF(B93="",D93&"_"& IF($E93=외피index!$B$3, 외피index!$C$3&"_"&COUNTIFS(E$2:$E93,외피index!$B$3,D$2:$D93,D93), IF($E93=외피index!$B$4, 외피index!$C$4&"_"&COUNTIFS(E$2:$E93,외피index!$B$4,D$2:$D93,D93), IF($E93=외피index!$B$5, 외피index!$C$5&"_"&COUNTIFS(E$2:$E93,외피index!$B$5,D$2:$D93,D93), IF($E93=외피index!$B$6, 외피index!$C$6&"_"&COUNTIFS(E$2:$E93,외피index!$B$6,D$2:$D93,D93), IF($E93=외피index!$B$7, 외피index!$C$7&"_"&COUNTIFS(E$2:$E93,외피index!$B$7,D$2:$D93,D93), IF($E93=외피index!$B$8, 외피index!$C$8&"_"&COUNTIFS(E$2:$E93,외피index!$B$8,D$2:$D93,D93), IF($E93=외피index!$B$9, 외피index!$C$9&"_"&COUNTIFS(E$2:$E93,외피index!$B$9,D$2:$D93,D93), IF($E93=외피index!$B$10, 외피index!$C$10&"_"&COUNTIFS(E$2:$E93,외피index!$B$10,D$2:$D93,D93), 0)))))))),B93)),"") -> 3F_Zone015_WIN_4 | B93: 3F_Zone015_WIN_4 | C93: 3F | D93: 3F_Zone015 | E93: 창호 | F93: 창호 | G93: 1.9500747 | I93: 서 | J93: 90 | K93: 0 | L93: 0 | M93: 0 | N93: 49.664948 | O93: 0 | P93: 0 | Q93: 0 | R93: 9.161149 | S93: 0 | T93: 1.5 | U93: 1.9849759
A94: =IFERROR(IF(E94="","",IF(B94="",D94&"_"& IF($E94=외피index!$B$3, 외피index!$C$3&"_"&COUNTIFS(E$2:$E94,외피index!$B$3,D$2:$D94,D94), IF($E94=외피index!$B$4, 외피index!$C$4&"_"&COUNTIFS(E$2:$E94,외피index!$B$4,D$2:$D94,D94), IF($E94=외피index!$B$5, 외피index!$C$5&"_"&COUNTIFS(E$2:$E94,외피index!$B$5,D$2:$D94,D94), IF($E94=외피index!$B$6, 외피index!$C$6&"_"&COUNTIFS(E$2:$E94,외피index!$B$6,D$2:$D94,D94), IF($E94=외피index!$B$7, 외피index!$C$7&"_"&COUNTIFS(E$2:$E94,외피index!$B$7,D$2:$D94,D94), IF($E94=외피index!$B$8, 외피index!$C$8&"_"&COUNTIFS(E$2:$E94,외피index!$B$8,D$2:$D94,D94), IF($E94=외피index!$B$9, 외피index!$C$9&"_"&COUNTIFS(E$2:$E94,외피index!$B$9,D$2:$D94,D94), IF($E94=외피index!$B$10, 외피index!$C$10&"_"&COUNTIFS(E$2:$E94,외피index!$B$10,D$2:$D94,D94), 0)))))))),B94)),"") -> 1F_Zone003_DR_3 | B94: 1F_Zone003_DR_3 | C94: 1F | D94: 1F_Zone003 | E94: 외부출입문 | F94: 외부출입문 | G94: 1.6361951 | I94: 서 | J94: 90 | K94: 0 | L94: 0 | M94: 64.477186 | N94: 0 | O94: 0 | P94: 0 | Q94: 7.1000061 | R94: 0 | S94: 0 | T94: 0.80999756 | U94: 2.1763492
A95: =IFERROR(IF(E95="","",IF(B95="",D95&"_"& IF($E95=외피index!$B$3, 외피index!$C$3&"_"&COUNTIFS(E$2:$E95,외피index!$B$3,D$2:$D95,D95), IF($E95=외피index!$B$4, 외피index!$C$4&"_"&COUNTIFS(E$2:$E95,외피index!$B$4,D$2:$D95,D95), IF($E95=외피index!$B$5, 외피index!$C$5&"_"&COUNTIFS(E$2:$E95,외피index!$B$5,D$2:$D95,D95), IF($E95=외피index!$B$6, 외피index!$C$6&"_"&COUNTIFS(E$2:$E95,외피index!$B$6,D$2:$D95,D95), IF($E95=외피index!$B$7, 외피index!$C$7&"_"&COUNTIFS(E$2:$E95,외피index!$B$7,D$2:$D95,D95), IF($E95=외피index!$B$8, 외피index!$C$8&"_"&COUNTIFS(E$2:$E95,외피index!$B$8,D$2:$D95,D95), IF($E95=외피index!$B$9, 외피index!$C$9&"_"&COUNTIFS(E$2:$E95,외피index!$B$9,D$2:$D95,D95), IF($E95=외피index!$B$10, 외피index!$C$10&"_"&COUNTIFS(E$2:$E95,외피index!$B$10,D$2:$D95,D95), 0)))))))),B95)),"") -> 1F_Zone003_WIN_4 | B95: 1F_Zone003_WIN_4 | C95: 1F | D95: 1F_Zone003 | E95: 창호 | F95: 창호 | G95: 3.6639087 | I95: 서 | J95: 90 | K95: 0 | L95: 0 | M95: 64.641702 | N95: 0 | O95: 0 | P95: 0 | Q95: 7.1000061 | R95: 0 | S95: 0 | T95: 1.7700043 | U95: 2.7235666
A96: =IFERROR(IF(E96="","",IF(B96="",D96&"_"& IF($E96=외피index!$B$3, 외피index!$C$3&"_"&COUNTIFS(E$2:$E96,외피index!$B$3,D$2:$D96,D96), IF($E96=외피index!$B$4, 외피index!$C$4&"_"&COUNTIFS(E$2:$E96,외피index!$B$4,D$2:$D96,D96), IF($E96=외피index!$B$5, 외피index!$C$5&"_"&COUNTIFS(E$2:$E96,외피index!$B$5,D$2:$D96,D96), IF($E96=외피index!$B$6, 외피index!$C$6&"_"&COUNTIFS(E$2:$E96,외피index!$B$6,D$2:$D96,D96), IF($E96=외피index!$B$7, 외피index!$C$7&"_"&COUNTIFS(E$2:$E96,외피index!$B$7,D$2:$D96,D96), IF($E96=외피index!$B$8, 외피index!$C$8&"_"&COUNTIFS(E$2:$E96,외피index!$B$8,D$2:$D96,D96), IF($E96=외피index!$B$9, 외피index!$C$9&"_"&COUNTIFS(E$2:$E96,외피index!$B$9,D$2:$D96,D96), IF($E96=외피index!$B$10, 외피index!$C$10&"_"&COUNTIFS(E$2:$E96,외피index!$B$10,D$2:$D96,D96), 0)))))))),B96)),"") -> 1F_Zone002_WIN_3 | B96: 1F_Zone002_WIN_3 | C96: 1F | D96: 1F_Zone002 | E96: 창호 | F96: 창호 | G96: 3.3654041 | I96: 서 | J96: 90 | K96: 0 | L96: 0 | M96: 64.839715 | N96: 0 | O96: 0 | P96: 0 | Q96: 7.1000061 | R96: 0 | S96: 0 | T96: 1.5800018 | U96: 2.6520381
A97: =IFERROR(IF(E97="","",IF(B97="",D97&"_"& IF($E97=외피index!$B$3, 외피index!$C$3&"_"&COUNTIFS(E$2:$E97,외피index!$B$3,D$2:$D97,D97), IF($E97=외피index!$B$4, 외피index!$C$4&"_"&COUNTIFS(E$2:$E97,외피index!$B$4,D$2:$D97,D97), IF($E97=외피index!$B$5, 외피index!$C$5&"_"&COUNTIFS(E$2:$E97,외피index!$B$5,D$2:$D97,D97), IF($E97=외피index!$B$6, 외피index!$C$6&"_"&COUNTIFS(E$2:$E97,외피index!$B$6,D$2:$D97,D97), IF($E97=외피index!$B$7, 외피index!$C$7&"_"&COUNTIFS(E$2:$E97,외피index!$B$7,D$2:$D97,D97), IF($E97=외피index!$B$8, 외피index!$C$8&"_"&COUNTIFS(E$2:$E97,외피index!$B$8,D$2:$D97,D97), IF($E97=외피index!$B$9, 외피index!$C$9&"_"&COUNTIFS(E$2:$E97,외피index!$B$9,D$2:$D97,D97), IF($E97=외피index!$B$10, 외피index!$C$10&"_"&COUNTIFS(E$2:$E97,외피index!$B$10,D$2:$D97,D97), 0)))))))),B97)),"") -> 3F_Zone020_IW_8 | B97: 3F_Zone020_IW_8 | C97: 3F | D97: 3F_Zone020 | E97: 내벽 | G97: 7.6799812 | H97: 3F_Zone019 | I97: 동 | J97: 90 | K97: 0 | L97: 0 | M97: 0 | N97: 0 | O97: 0 | P97: 0 | Q97: 0 | R97: 0 | S97: 2.3999939 | T97: 0 | U97: 0
A98: =IFERROR(IF(E98="","",IF(B98="",D98&"_"& IF($E98=외피index!$B$3, 외피index!$C$3&"_"&COUNTIFS(E$2:$E98,외피index!$B$3,D$2:$D98,D98), IF($E98=외피index!$B$4, 외피index!$C$4&"_"&COUNTIFS(E$2:$E98,외피index!$B$4,D$2:$D98,D98), IF($E98=외피index!$B$5, 외피index!$C$5&"_"&COUNTIFS(E$2:$E98,외피index!$B$5,D$2:$D98,D98), IF($E98=외피index!$B$6, 외피index!$C$6&"_"&COUNTIFS(E$2:$E98,외피index!$B$6,D$2:$D98,D98), IF($E98=외피index!$B$7, 외피index!$C$7&"_"&COUNTIFS(E$2:$E98,외피index!$B$7,D$2:$D98,D98), IF($E98=외피index!$B$8, 외피index!$C$8&"_"&COUNTIFS(E$2:$E98,외피index!$B$8,D$2:$D98,D98), IF($E98=외피index!$B$9, 외피index!$C$9&"_"&COUNTIFS(E$2:$E98,외피index!$B$9,D$2:$D98,D98), IF($E98=외피index!$B$10, 외피index!$C$10&"_"&COUNTIFS(E$2:$E98,외피index!$B$10,D$2:$D98,D98), 0)))))))),B98)),"") -> 2F_Zone009_IW_2 | B98: 2F_Zone009_IW_2 | C98: 2F | D98: 2F_Zone009 | E98: 내벽 | G98: 16.639989 | H98: 2F_Zone006 | I98: 동 | J98: 90 | K98: 0 | L98: 0 | M98: 0 | N98: 0 | O98: 0 | P98: 0 | Q98: 0 | R98: 0 | S98: 5.1999969 | T98: 0 | U98: 0
A99: =IFERROR(IF(E99="","",IF(B99="",D99&"_"& IF($E99=외피index!$B$3, 외피index!$C$3&"_"&COUNTIFS(E$2:$E99,외피index!$B$3,D$2:$D99,D99), IF($E99=외피index!$B$4, 외피index!$C$4&"_"&COUNTIFS(E$2:$E99,외피index!$B$4,D$2:$D99,D99), IF($E99=외피index!$B$5, 외피index!$C$5&"_"&COUNTIFS(E$2:$E99,외피index!$B$5,D$2:$D99,D99), IF($E99=외피index!$B$6, 외피index!$C$6&"_"&COUNTIFS(E$2:$E99,외피index!$B$6,D$2:$D99,D99), IF($E99=외피index!$B$7, 외피index!$C$7&"_"&COUNTIFS(E$2:$E99,외피index!$B$7,D$2:$D99,D99), IF($E99=외피index!$B$8, 외피index!$C$8&"_"&COUNTIFS(E$2:$E99,외피index!$B$8,D$2:$D99,D99), IF($E99=외피index!$B$9, 외피index!$C$9&"_"&COUNTIFS(E$2:$E99,외피index!$B$9,D$2:$D99,D99), IF($E99=외피index!$B$10, 외피index!$C$10&"_"&COUNTIFS(E$2:$E99,외피index!$B$10,D$2:$D99,D99), 0)))))))),B99)),"") -> 3F_Zone015_IW_5 | B99: 3F_Zone015_IW_5 | C99: 3F | D99: 3F_Zone015 | E99: 내벽 | G99: 9.9199716 | H99: 3F_Zone017 | I99: 동 | J99: 90 | K99: 0 | L99: 0 | M99: 0 | N99: 0 | O99: 0 | P99: 0 | Q99: 0 | R99: 0 | S99: 3.0999908 | T99: 0 | U99: 0
A100: =IFERROR(IF(E100="","",IF(B100="",D100&"_"& IF($E100=외피index!$B$3, 외피index!$C$3&"_"&COUNTIFS(E$2:$E100,외피index!$B$3,D$2:$D100,D100), IF($E100=외피index!$B$4, 외피index!$C$4&"_"&COUNTIFS(E$2:$E100,외피index!$B$4,D$2:$D100,D100), IF($E100=외피index!$B$5, 외피index!$C$5&"_"&COUNTIFS(E$2:$E100,외피index!$B$5,D$2:$D100,D100), IF($E100=외피index!$B$6, 외피index!$C$6&"_"&COUNTIFS(E$2:$E100,외피index!$B$6,D$2:$D100,D100), IF($E100=외피index!$B$7, 외피index!$C$7&"_"&COUNTIFS(E$2:$E100,외피index!$B$7,D$2:$D100,D100), IF($E100=외피index!$B$8, 외피index!$C$8&"_"&COUNTIFS(E$2:$E100,외피index!$B$8,D$2:$D100,D100), IF($E100=외피index!$B$9, 외피index!$C$9&"_"&COUNTIFS(E$2:$E100,외피index!$B$9,D$2:$D100,D100), IF($E100=외피index!$B$10, 외피index!$C$10&"_"&COUNTIFS(E$2:$E100,외피index!$B$10,D$2:$D100,D100), 0)))))))),B100)),"") -> 2F_Zone012_IW_2 | B100: 2F_Zone012_IW_2 | C100: 2F | D100: 2F_Zone012 | E100: 내벽 | G100: 8.320019 | H100: 2F_Zone011 | I100: 동 | J100: 90 | K100: 0 | L100: 0 | M100: 0 | N100: 0 | O100: 0 | P100: 0 | Q100: 0 | R100: 0 | S100: 2.6000061 | T100: 0 | U100: 0
A101: =IFERROR(IF(E101="","",IF(B101="",D101&"_"& IF($E101=외피index!$B$3, 외피index!$C$3&"_"&COUNTIFS(E$2:$E101,외피index!$B$3,D$2:$D101,D101), IF($E101=외피index!$B$4, 외피index!$C$4&"_"&COUNTIFS(E$2:$E101,외피index!$B$4,D$2:$D101,D101), IF($E101=외피index!$B$5, 외피index!$C$5&"_"&COUNTIFS(E$2:$E101,외피index!$B$5,D$2:$D101,D101), IF($E101=외피index!$B$6, 외피index!$C$6&"_"&COUNTIFS(E$2:$E101,외피index!$B$6,D$2:$D101,D101), IF($E101=외피index!$B$7, 외피index!$C$7&"_"&COUNTIFS(E$2:$E101,외피index!$B$7,D$2:$D101,D101), IF($E101=외피index!$B$8, 외피index!$C$8&"_"&COUNTIFS(E$2:$E101,외피index!$B$8,D$2:$D101,D101), IF($E101=외피index!$B$9, 외피index!$C$9&"_"&COUNTIFS(E$2:$E101,외피index!$B$9,D$2:$D101,D101), IF($E101=외피index!$B$10, 외피index!$C$10&"_"&COUNTIFS(E$2:$E101,외피index!$B$10,D$2:$D101,D101), 0)))))))),B101)),"") -> 3F_Zone015_IW_4 | B101: 3F_Zone015_IW_4 | C101: 3F | D101: 3F_Zone015 | E101: 내벽 | G101: 6.7200201 | H101: 3F_Zone016 | I101: 동 | J101: 90 | K101: 0 | L101: 0 | M101: 0 | N101: 0 | O101: 0 | P101: 0 | Q101: 0 | R101: 0 | S101: 2.1000061 | T101: 0 | U101: 0
A102: =IFERROR(IF(E102="","",IF(B102="",D102&"_"& IF($E102=외피index!$B$3, 외피index!$C$3&"_"&COUNTIFS(E$2:$E102,외피index!$B$3,D$2:$D102,D102), IF($E102=외피index!$B$4, 외피index!$C$4&"_"&COUNTIFS(E$2:$E102,외피index!$B$4,D$2:$D102,D102), IF($E102=외피index!$B$5, 외피index!$C$5&"_"&COUNTIFS(E$2:$E102,외피index!$B$5,D$2:$D102,D102), IF($E102=외피index!$B$6, 외피index!$C$6&"_"&COUNTIFS(E$2:$E102,외피index!$B$6,D$2:$D102,D102), IF($E102=외피index!$B$7, 외피index!$C$7&"_"&COUNTIFS(E$2:$E102,외피index!$B$7,D$2:$D102,D102), IF($E102=외피index!$B$8, 외피index!$C$8&"_"&COUNTIFS(E$2:$E102,외피index!$B$8,D$2:$D102,D102), IF($E102=외피index!$B$9, 외피index!$C$9&"_"&COUNTIFS(E$2:$E102,외피index!$B$9,D$2:$D102,D102), IF($E102=외피index!$B$10, 외피index!$C$10&"_"&COUNTIFS(E$2:$E102,외피index!$B$10,D$2:$D102,D102), 0)))))))),B102)),"") -> 3F_Zone019_IW_9 | B102: 3F_Zone019_IW_9 | C102: 3F | D102: 3F_Zone019 | E102: 내벽 | G102: 3.3600101 | H102: 3F_Zone016 | I102: 동 | J102: 90 | K102: 0 | L102: 0 | M102: 0 | N102: 0 | O102: 0 | P102: 0 | Q102: 0 | R102: 0 | S102: 1.0500031 | T102: 0 | U102: 0
A103: =IFERROR(IF(E103="","",IF(B103="",D103&"_"& IF($E103=외피index!$B$3, 외피index!$C$3&"_"&COUNTIFS(E$2:$E103,외피index!$B$3,D$2:$D103,D103), IF($E103=외피index!$B$4, 외피index!$C$4&"_"&COUNTIFS(E$2:$E103,외피index!$B$4,D$2:$D103,D103), IF($E103=외피index!$B$5, 외피index!$C$5&"_"&COUNTIFS(E$2:$E103,외피index!$B$5,D$2:$D103,D103), IF($E103=외피index!$B$6, 외피index!$C$6&"_"&COUNTIFS(E$2:$E103,외피index!$B$6,D$2:$D103,D103), IF($E103=외피index!$B$7, 외피index!$C$7&"_"&COUNTIFS(E$2:$E103,외피index!$B$7,D$2:$D103,D103), IF($E103=외피index!$B$8, 외피index!$C$8&"_"&COUNTIFS(E$2:$E103,외피index!$B$8,D$2:$D103,D103), IF($E103=외피index!$B$9, 외피index!$C$9&"_"&COUNTIFS(E$2:$E103,외피index!$B$9,D$2:$D103,D103), IF($E103=외피index!$B$10, 외피index!$C$10&"_"&COUNTIFS(E$2:$E103,외피index!$B$10,D$2:$D103,D103), 0)))))))),B103)),"") -> 2F_Zone012_IW_3 | B103: 2F_Zone012_IW_3 | C103: 2F | D103: 2F_Zone012 | E103: 내벽 | G103: 3.3600096 | H103: 2F_Zone008 | I103: 동 | J103: 90 | K103: 0 | L103: 0 | M103: 0 | N103: 0 | O103: 0 | P103: 0 | Q103: 0 | R103: 0 | S103: 1.0500031 | T103: 0 | U103: 0
A104: =IFERROR(IF(E104="","",IF(B104="",D104&"_"& IF($E104=외피index!$B$3, 외피index!$C$3&"_"&COUNTIFS(E$2:$E104,외피index!$B$3,D$2:$D104,D104), IF($E104=외피index!$B$4, 외피index!$C$4&"_"&COUNTIFS(E$2:$E104,외피index!$B$4,D$2:$D104,D104), IF($E104=외피index!$B$5, 외피index!$C$5&"_"&COUNTIFS(E$2:$E104,외피index!$B$5,D$2:$D104,D104), IF($E104=외피index!$B$6, 외피index!$C$6&"_"&COUNTIFS(E$2:$E104,외피index!$B$6,D$2:$D104,D104), IF($E104=외피index!$B$7, 외피index!$C$7&"_"&COUNTIFS(E$2:$E104,외피index!$B$7,D$2:$D104,D104), IF($E104=외피index!$B$8, 외피index!$C$8&"_"&COUNTIFS(E$2:$E104,외피index!$B$8,D$2:$D104,D104), IF($E104=외피index!$B$9, 외피index!$C$9&"_"&COUNTIFS(E$2:$E104,외피index!$B$9,D$2:$D104,D104), IF($E104=외피index!$B$10, 외피index!$C$10&"_"&COUNTIFS(E$2:$E104,외피index!$B$10,D$2:$D104,D104), 0)))))))),B104)),"") -> 2F_Zone007_IW_3 | B104: 2F_Zone007_IW_3 | C104: 2F | D104: 2F_Zone007 | E104: 내벽 | G104: 16.639989 | H104: 2F_Zone009 | I104: 동 | J104: 90 | K104: 0 | L104: 0 | M104: 0 | N104: 0 | O104: 0 | P104: 0 | Q104: 0 | R104: 0 | S104: 5.1999969 | T104: 0 | U104: 0
...

Sheet ThermalBridge_3D
A1: 번호 | B1: 구분1 | C1: 구분2 | D1: 열교항목 | E1: 열교길이
A2: =IF(D2="","",INDEX(외피index!$C$75:$C$87,MATCH(D2,외피index!$B$75:$B$87,0),1)&"_"& IF(D2=외피index!$B$75,COUNTIF($D$2:D2,외피index!$B$75), IF(D2=외피index!$B$76,COUNTIF($D$2:D2,외피index!$B$76), IF(D2=외피index!$B$77,COUNTIF($D$2:D2,외피index!$B$77), IF(D2=외피index!$B$78,COUNTIF($D$2:D2,외피index!$B$78), IF(D2=외피index!$B$79,COUNTIF($D$2:D2,외피index!$B$79), IF(D2=외피index!$B$80,COUNTIF($D$2:D2,외피index!$B$80), IF(D2=외피index!$B$82,COUNTIF($D$2:D2,외피index!$B$82), IF(D2=외피index!$B$83,COUNTIF($D$2:D2,외피index!$B$83), IF(D2=외피index!$B$84,COUNTIF($D$2:D2,외피index!$B$84), IF(D2=외피index!$B$85,COUNTIF($D$2:D2,외피index!$B$85), IF(D2=외피index!$B$86,COUNTIF($D$2:D2,외피index!$B$86), IF(D2=외피index!$B$87,COUNTIF($D$2:D2,외피index!$B$87)))))))))))))) -> RTB1_1 | B2: 지붕 | C2: 평지붕 | D2: 평지붕+외벽[90] | E2: 168.09
A3: =IF(D3="","",INDEX(외피index!$C$75:$C$87,MATCH(D3,외피index!$B$75:$B$87,0),1)&"_"& IF(D3=외피index!$B$75,COUNTIF($D$2:D3,외피index!$B$75), IF(D3=외피index!$B$76,COUNTIF($D$2:D3,외피index!$B$76), IF(D3=외피index!$B$77,COUNTIF($D$2:D3,외피index!$B$77), IF(D3=외피index!$B$78,COUNTIF($D$2:D3,외피index!$B$78), IF(D3=외피index!$B$79,COUNTIF($D$2:D3,외피index!$B$79), IF(D3=외피index!$B$80,COUNTIF($D$2:D3,외피index!$B$80), IF(D3=외피index!$B$82,COUNTIF($D$2:D3,외피index!$B$82), IF(D3=외피index!$B$83,COUNTIF($D$2:D3,외피index!$B$83), IF(D3=외피index!$B$84,COUNTIF($D$2:D3,외피index!$B$84), IF(D3=외피index!$B$85,COUNTIF($D$2:D3,외피index!$B$85), IF(D3=외피index!$B$86,COUNTIF($D$2:D3,외피index!$B$86), IF(D3=외피index!$B$87,COUNTIF($D$2:D3,외피index!$B$87)))))))))))))) -> RTB3_1 | B3: 지붕 | C3: 평지붕 | D3: 평지붕+내벽 | E3: 41.25
A4: =IF(D4="","",INDEX(외피index!$C$75:$C$87,MATCH(D4,외피index!$B$75:$B$87,0),1)&"_"& IF(D4=외피index!$B$75,COUNTIF($D$2:D4,외피index!$B$75), IF(D4=외피index!$B$76,COUNTIF($D$2:D4,외피index!$B$76), IF(D4=외피index!$B$77,COUNTIF($D$2:D4,외피index!$B$77), IF(D4=외피index!$B$78,COUNTIF($D$2:D4,외피index!$B$78), IF(D4=외피index!$B$79,COUNTIF($D$2:D4,외피index!$B$79), IF(D4=외피index!$B$80,COUNTIF($D$2:D4,외피index!$B$80), IF(D4=외피index!$B$82,COUNTIF($D$2:D4,외피index!$B$82), IF(D4=외피index!$B$83,COUNTIF($D$2:D4,외피index!$B$83), IF(D4=외피index!$B$84,COUNTIF($D$2:D4,외피index!$B$84), IF(D4=외피index!$B$85,COUNTIF($D$2:D4,외피index!$B$85), IF(D4=외피index!$B$86,COUNTIF($D$2:D4,외피index!$B$86), IF(D4=외피index!$B$87,COUNTIF($D$2:D4,외피index!$B$87)))))))))))))) -> RTB4_1 | B4: 지붕 | C4: 경사지붕 | D4: 경사지붕 | E4: 0
A5: =IF(D5="","",INDEX(외피index!$C$75:$C$87,MATCH(D5,외피index!$B$75:$B$87,0),1)&"_"& IF(D5=외피index!$B$75,COUNTIF($D$2:D5,외피index!$B$75), IF(D5=외피index!$B$76,COUNTIF($D$2:D5,외피index!$B$76), IF(D5=외피index!$B$77,COUNTIF($D$2:D5,외피index!$B$77), IF(D5=외피index!$B$78,COUNTIF($D$2:D5,외피index!$B$78), IF(D5=외피index!$B$79,COUNTIF($D$2:D5,외피index!$B$79), IF(D5=외피index!$B$80,COUNTIF($D$2:D5,외피index!$B$80), IF(D5=외피index!$B$82,COUNTIF($D$2:D5,외피index!$B$82), IF(D5=외피index!$B$83,COUNTIF($D$2:D5,외피index!$B$83), IF(D5=외피index!$B$84,COUNTIF($D$2:D5,외피index!$B$84), IF(D5=외피index!$B$85,COUNTIF($D$2:D5,외피index!$B$85), IF(D5=외피index!$B$86,COUNTIF($D$2:D5,외피index!$B$86), IF(D5=외피index!$B$87,COUNTIF($D$2:D5,외피index!$B$87)))))))))))))) -> #N/A | D5: 경사지붕+벽 | E5: 0
A6: =IF(D6="","",INDEX(외피index!$C$75:$C$87,MATCH(D6,외피index!$B$75:$B$87,0),1)&"_"& IF(D6=외피index!$B$75,COUNTIF($D$2:D6,외피index!$B$75), IF(D6=외피index!$B$76,COUNTIF($D$2:D6,외피index!$B$76), IF(D6=외피index!$B$77,COUNTIF($D$2:D6,외피index!$B$77), IF(D6=외피index!$B$78,COUNTIF($D$2:D6,외피index!$B$78), IF(D6=외피index!$B$79,COUNTIF($D$2:D6,외피index!$B$79), IF(D6=외피index!$B$80,COUNTIF($D$2:D6,외피index!$B$80), IF(D6=외피index!$B$82,COUNTIF($D$2:D6,외피index!$B$82), IF(D6=외피index!$B$83,COUNTIF($D$2:D6,외피index!$B$83), IF(D6=외피index!$B$84,COUNTIF($D$2:D6,외피index!$B$84), IF(D6=외피index!$B$85,COUNTIF($D$2:D6,외피index!$B$85), IF(D6=외피index!$B$86,COUNTIF($D$2:D6,외피index!$B$86), IF(D6=외피index!$B$87,COUNTIF($D$2:D6,외피index!$B$87)))))))))))))) -> #N/A | D6: 경사지붕+경사벽 | E6: 0
A7: =IF(D7="","",INDEX(외피index!$C$75:$C$87,MATCH(D7,외피index!$B$75:$B$87,0),1)&"_"& IF(D7=외피index!$B$75,COUNTIF($D$2:D7,외피index!$B$75), IF(D7=외피index!$B$76,COUNTIF($D$2:D7,외피index!$B$76), IF(D7=외피index!$B$77,COUNTIF($D$2:D7,외피index!$B$77), IF(D7=외피index!$B$78,COUNTIF($D$2:D7,외피index!$B$78), IF(D7=외피index!$B$79,COUNTIF($D$2:D7,외피index!$B$79), IF(D7=외피index!$B$80,COUNTIF($D$2:D7,외피index!$B$80), IF(D7=외피index!$B$82,COUNTIF($D$2:D7,외피index!$B$82), IF(D7=외피index!$B$83,COUNTIF($D$2:D7,외피index!$B$83), IF(D7=외피index!$B$84,COUNTIF($D$2:D7,외피index!$B$84), IF(D7=외피index!$B$85,COUNTIF($D$2:D7,외피index!$B$85), IF(D7=외피index!$B$86,COUNTIF($D$2:D7,외피index!$B$86), IF(D7=외피index!$B$87,COUNTIF($D$2:D7,외피index!$B$87)))))))))))))) -> #N/A | D7: 슬라브+벽 | E7: 67.7
A8: =IF(D8="","",INDEX(외피index!$C$75:$C$87,MATCH(D8,외피index!$B$75:$B$87,0),1)&"_"& IF(D8=외피index!$B$75,COUNTIF($D$2:D8,외피index!$B$75), IF(D8=외피index!$B$76,COUNTIF($D$2:D8,외피index!$B$76), IF(D8=외피index!$B$77,COUNTIF($D$2:D8,외피index!$B$77), IF(D8=외피index!$B$78,COUNTIF($D$2:D8,외피index!$B$78), IF(D8=외피index!$B$79,COUNTIF($D$2:D8,외피index!$B$79), IF(D8=외피index!$B$80,COUNTIF($D$2:D8,외피index!$B$80), IF(D8=외피index!$B$82,COUNTIF($D$2:D8,외피index!$B$82), IF(D8=외피index!$B$83,COUNTIF($D$2:D8,외피index!$B$83), IF(D8=외피index!$B$84,COUNTIF($D$2:D8,외피index!$B$84), IF(D8=외피index!$B$85,COUNTIF($D$2:D8,외피index!$B$85), IF(D8=외피index!$B$86,COUNTIF($D$2:D8,외피index!$B$86), IF(D8=외피index!$B$87,COUNTIF($D$2:D8,외피index!$B$87)))))))))))))) -> #N/A | D8: 내벽+외벽 | E8: 54.8
A9: =IF(D9="","",INDEX(외피index!$C$75:$C$87,MATCH(D9,외피index!$B$75:$B$87,0),1)&"_"& IF(D9=외피index!$B$75,COUNTIF($D$2:D9,외피index!$B$75), IF(D9=외피index!$B$76,COUNTIF($D$2:D9,외피index!$B$76), IF(D9=외피index!$B$77,COUNTIF($D$2:D9,외피index!$B$77), IF(D9=외피index!$B$78,COUNTIF($D$2:D9,외피index!$B$78), IF(D9=외피index!$B$79,COUNTIF($D$2:D9,외피index!$B$79), IF(D9=외피index!$B$80,COUNTIF($D$2:D9,외피index!$B$80), IF(D9=외피index!$B$82,COUNTIF($D$2:D9,외피index!$B$82), IF(D9=외피index!$B$83,COUNTIF($D$2:D9,외피index!$B$83), IF(D9=외피index!$B$84,COUNTIF($D$2:D9,외피index!$B$84), IF(D9=외피index!$B$85,COUNTIF($D$2:D9,외피index!$B$85), IF(D9=외피index!$B$86,COUNTIF($D$2:D9,외피index!$B$86), IF(D9=외피index!$B$87,COUNTIF($D$2:D9,외피index!$B$87)))))))))))))) -> #N/A | D9: 외벽+외벽 | E9: 144.33
A10: =IF(D10="","",INDEX(외피index!$C$75:$C$87,MATCH(D10,외피index!$B$75:$B$87,0),1)&"_"& IF(D10=외피index!$B$75,COUNTIF($D$2:D10,외피index!$B$75), IF(D10=외피index!$B$76,COUNTIF($D$2:D10,외피index!$B$76), IF(D10=외피index!$B$77,COUNTIF($D$2:D10,외피index!$B$77), IF(D10=외피index!$B$78,COUNTIF($D$2:D10,외피index!$B$78), IF(D10=외피index!$B$79,COUNTIF($D$2:D10,외피index!$B$79), IF(D10=외피index!$B$80,COUNTIF($D$2:D10,외피index!$B$80), IF(D10=외피index!$B$82,COUNTIF($D$2:D10,외피index!$B$82), IF(D10=외피index!$B$83,COUNTIF($D$2:D10,외피index!$B$83), IF(D10=외피index!$B$84,COUNTIF($D$2:D10,외피index!$B$84), IF(D10=외피index!$B$85,COUNTIF($D$2:D10,외피index!$B$85), IF(D10=외피index!$B$86,COUNTIF($D$2:D10,외피index!$B$86), IF(D10=외피index!$B$87,COUNTIF($D$2:D10,외피index!$B$87)))))))))))))) -> #N/A | D10: 외벽+내벽+외벽 | E10: 18.2
A11: =IF(D11="","",INDEX(외피index!$C$75:$C$87,MATCH(D11,외피index!$B$75:$B$87,0),1)&"_"& IF(D11=외피index!$B$75,COUNTIF($D$2:D11,외피index!$B$75), IF(D11=외피index!$B$76,COUNTIF($D$2:D11,외피index!$B$76), IF(D11=외피index!$B$77,COUNTIF($D$2:D11,외피index!$B$77), IF(D11=외피index!$B$78,COUNTIF($D$2:D11,외피index!$B$78), IF(D11=외피index!$B$79,COUNTIF($D$2:D11,외피index!$B$79), IF(D11=외피index!$B$80,COUNTIF($D$2:D11,외피index!$B$80), IF(D11=외피index!$B$82,COUNTIF($D$2:D11,외피index!$B$82), IF(D11=외피index!$B$83,COUNTIF($D$2:D11,외피index!$B$83), IF(D11=외피index!$B$84,COUNTIF($D$2:D11,외피index!$B$84), IF(D11=외피index!$B$85,COUNTIF($D$2:D11,외피index!$B$85), IF(D11=외피index!$B$86,COUNTIF($D$2:D11,외피index!$B$86), IF(D11=외피index!$B$87,COUNTIF($D$2:D11,외피index!$B$87)))))))))))))) -> #N/A | D11: --- | E11: 244.18
A12: =IF(D12="","",INDEX(외피index!$C$75:$C$87,MATCH(D12,외피index!$B$75:$B$87,0),1)&"_"& IF(D12=외피index!$B$75,COUNTIF($D$2:D12,외피index!$B$75), IF(D12=외피index!$B$76,COUNTIF($D$2:D12,외피index!$B$76), IF(D12=외피index!$B$77,COUNTIF($D$2:D12,외피index!$B$77), IF(D12=외피index!$B$78,COUNTIF($D$2:D12,외피index!$B$78), IF(D12=외피index!$B$79,COUNTIF($D$2:D12,외피index!$B$79), IF(D12=외피index!$B$80,COUNTIF($D$2:D12,외피index!$B$80), IF(D12=외피index!$B$82,COUNTIF($D$2:D12,외피index!$B$82), IF(D12=외피index!$B$83,COUNTIF($D$2:D12,외피index!$B$83), IF(D12=외피index!$B$84,COUNTIF($D$2:D12,외피index!$B$84), IF(D12=외피index!$B$85,COUNTIF($D$2:D12,외피index!$B$85), IF(D12=외피index!$B$86,COUNTIF($D$2:D12,외피index!$B$86), IF(D12=외피index!$B$87,COUNTIF($D$2:D12,외피index!$B$87)))))))))))))) -> #N/A | D12: 평지붕+벽[270] | E12: 9.25
A13: =IF(D13="","",INDEX(외피index!$C$75:$C$87,MATCH(D13,외피index!$B$75:$B$87,0),1)&"_"& IF(D13=외피index!$B$75,COUNTIF($D$2:D13,외피index!$B$75), IF(D13=외피index!$B$76,COUNTIF($D$2:D13,외피index!$B$76), IF(D13=외피index!$B$77,COUNTIF($D$2:D13,외피index!$B$77), IF(D13=외피index!$B$78,COUNTIF($D$2:D13,외피index!$B$78), IF(D13=외피index!$B$79,COUNTIF($D$2:D13,외피index!$B$79), IF(D13=외피index!$B$80,COUNTIF($D$2:D13,외피index!$B$80), IF(D13=외피index!$B$82,COUNTIF($D$2:D13,외피index!$B$82), IF(D13=외피index!$B$83,COUNTIF($D$2:D13,외피index!$B$83), IF(D13=외피index!$B$84,COUNTIF($D$2:D13,외피index!$B$84), IF(D13=외피index!$B$85,COUNTIF($D$2:D13,외피index!$B$85), IF(D13=외피index!$B$86,COUNTIF($D$2:D13,외피index!$B$86), IF(D13=외피index!$B$87,COUNTIF($D$2:D13,외피index!$B$87)))))))))))))) -> #N/A | D13: 평지붕+벽[270]+내벽 | E13: 14.25
A14: =IF(D14="","",INDEX(외피index!$C$75:$C$87,MATCH(D14,외피index!$B$75:$B$87,0),1)&"_"& IF(D14=외피index!$B$75,COUNTIF($D$2:D14,외피index!$B$75), IF(D14=외피index!$B$76,COUNTIF($D$2:D14,외피index!$B$76), IF(D14=외피index!$B$77,COUNTIF($D$2:D14,외피index!$B$77), IF(D14=외피index!$B$78,COUNTIF($D$2:D14,외피index!$B$78), IF(D14=외피index!$B$79,COUNTIF($D$2:D14,외피index!$B$79), IF(D14=외피index!$B$80,COUNTIF($D$2:D14,외피index!$B$80), IF(D14=외피index!$B$82,COUNTIF($D$2:D14,외피index!$B$82), IF(D14=외피index!$B$83,COUNTIF($D$2:D14,외피index!$B$83), IF(D14=외피index!$B$84,COUNTIF($D$2:D14,외피index!$B$84), IF(D14=외피index!$B$85,COUNTIF($D$2:D14,외피index!$B$85), IF(D14=외피index!$B$86,COUNTIF($D$2:D14,외피index!$B$86), IF(D14=외피index!$B$87,COUNTIF($D$2:D14,외피index!$B$87))))))))))))))
A15: =IF(D15="","",INDEX(외피index!$C$75:$C$87,MATCH(D15,외피index!$B$75:$B$87,0),1)&"_"& IF(D15=외피index!$B$75,COUNTIF($D$2:D15,외피index!$B$75), IF(D15=외피index!$B$76,COUNTIF($D$2:D15,외피index!$B$76), IF(D15=외피index!$B$77,COUNTIF($D$2:D15,외피index!$B$77), IF(D15=외피index!$B$78,COUNTIF($D$2:D15,외피index!$B$78), IF(D15=외피index!$B$79,COUNTIF($D$2:D15,외피index!$B$79), IF(D15=외피index!$B$80,COUNTIF($D$2:D15,외피index!$B$80), IF(D15=외피index!$B$82,COUNTIF($D$2:D15,외피index!$B$82), IF(D15=외피index!$B$83,COUNTIF($D$2:D15,외피index!$B$83), IF(D15=외피index!$B$84,COUNTIF($D$2:D15,외피index!$B$84), IF(D15=외피index!$B$85,COUNTIF($D$2:D15,외피index!$B$85), IF(D15=외피index!$B$86,COUNTIF($D$2:D15,외피index!$B$86), IF(D15=외피index!$B$87,COUNTIF($D$2:D15,외피index!$B$87))))))))))))))
A16: =IF(D16="","",INDEX(외피index!$C$75:$C$87,MATCH(D16,외피index!$B$75:$B$87,0),1)&"_"& IF(D16=외피index!$B$75,COUNTIF($D$2:D16,외피index!$B$75), IF(D16=외피index!$B$76,COUNTIF($D$2:D16,외피index!$B$76), IF(D16=외피index!$B$77,COUNTIF($D$2:D16,외피index!$B$77), IF(D16=외피index!$B$78,COUNTIF($D$2:D16,외피index!$B$78), IF(D16=외피index!$B$79,COUNTIF($D$2:D16,외피index!$B$79), IF(D16=외피index!$B$80,COUNTIF($D$2:D16,외피index!$B$80), IF(D16=외피index!$B$82,COUNTIF($D$2:D16,외피index!$B$82), IF(D16=외피index!$B$83,COUNTIF($D$2:D16,외피index!$B$83), IF(D16=외피index!$B$84,COUNTIF($D$2:D16,외피index!$B$84), IF(D16=외피index!$B$85,COUNTIF($D$2:D16,외피index!$B$85), IF(D16=외피index!$B$86,COUNTIF($D$2:D16,외피index!$B$86), IF(D16=외피index!$B$87,COUNTIF($D$2:D16,외피index!$B$87))))))))))))))
A17: =IF(D17="","",INDEX(외피index!$C$75:$C$87,MATCH(D17,외피index!$B$75:$B$87,0),1)&"_"& IF(D17=외피index!$B$75,COUNTIF($D$2:D17,외피index!$B$75), IF(D17=외피index!$B$76,COUNTIF($D$2:D17,외피index!$B$76), IF(D17=외피index!$B$77,COUNTIF($D$2:D17,외피index!$B$77), IF(D17=외피index!$B$78,COUNTIF($D$2:D17,외피index!$B$78), IF(D17=외피index!$B$79,COUNTIF($D$2:D17,외피index!$B$79), IF(D17=외피index!$B$80,COUNTIF($D$2:D17,외피index!$B$80), IF(D17=외피index!$B$82,COUNTIF($D$2:D17,외피index!$B$82), IF(D17=외피index!$B$83,COUNTIF($D$2:D17,외피index!$B$83), IF(D17=외피index!$B$84,COUNTIF($D$2:D17,외피index!$B$84), IF(D17=외피index!$B$85,COUNTIF($D$2:D17,외피index!$B$85), IF(D17=외피index!$B$86,COUNTIF($D$2:D17,외피index!$B$86), IF(D17=외피index!$B$87,COUNTIF($D$2:D17,외피index!$B$87))))))))))))))
A18: =IF(D18="","",INDEX(외피index!$C$75:$C$87,MATCH(D18,외피index!$B$75:$B$87,0),1)&"_"& IF(D18=외피index!$B$75,COUNTIF($D$2:D18,외피index!$B$75), IF(D18=외피index!$B$76,COUNTIF($D$2:D18,외피index!$B$76), IF(D18=외피index!$B$77,COUNTIF($D$2:D18,외피index!$B$77), IF(D18=외피index!$B$78,COUNTIF($D$2:D18,외피index!$B$78), IF(D18=외피index!$B$79,COUNTIF($D$2:D18,외피index!$B$79), IF(D18=외피index!$B$80,COUNTIF($D$2:D18,외피index!$B$80), IF(D18=외피index!$B$82,COUNTIF($D$2:D18,외피index!$B$82), IF(D18=외피index!$B$83,COUNTIF($D$2:D18,외피index!$B$83), IF(D18=외피index!$B$84,COUNTIF($D$2:D18,외피index!$B$84), IF(D18=외피index!$B$85,COUNTIF($D$2:D18,외피index!$B$85), IF(D18=외피index!$B$86,COUNTIF($D$2:D18,외피index!$B$86), IF(D18=외피index!$B$87,COUNTIF($D$2:D18,외피index!$B$87))))))))))))))
A19: =IF(D19="","",INDEX(외피index!$C$75:$C$87,MATCH(D19,외피index!$B$75:$B$87,0),1)&"_"& IF(D19=외피index!$B$75,COUNTIF($D$2:D19,외피index!$B$75), IF(D19=외피index!$B$76,COUNTIF($D$2:D19,외피index!$B$76), IF(D19=외피index!$B$77,COUNTIF($D$2:D19,외피index!$B$77), IF(D19=외피index!$B$78,COUNTIF($D$2:D19,외피index!$B$78), IF(D19=외피index!$B$79,COUNTIF($D$2:D19,외피index!$B$79), IF(D19=외피index!$B$80,COUNTIF($D$2:D19,외피index!$B$80), IF(D19=외피index!$B$82,COUNTIF($D$2:D19,외피index!$B$82), IF(D19=외피index!$B$83,COUNTIF($D$2:D19,외피index!$B$83), IF(D19=외피index!$B$84,COUNTIF($D$2:D19,외피index!$B$84), IF(D19=외피index!$B$85,COUNTIF($D$2:D19,외피index!$B$85), IF(D19=외피index!$B$86,COUNTIF($D$2:D19,외피index!$B$86), IF(D19=외피index!$B$87,COUNTIF($D$2:D19,외피index!$B$87))))))))))))))
A20: =IF(D20="","",INDEX(외피index!$C$75:$C$87,MATCH(D20,외피index!$B$75:$B$87,0),1)&"_"& IF(D20=외피index!$B$75,COUNTIF($D$2:D20,외피index!$B$75), IF(D20=외피index!$B$76,COUNTIF($D$2:D20,외피index!$B$76), IF(D20=외피index!$B$77,COUNTIF($D$2:D20,외피index!$B$77), IF(D20=외피index!$B$78,COUNTIF($D$2:D20,외피index!$B$78), IF(D20=외피index!$B$79,COUNTIF($D$2:D20,외피index!$B$79), IF(D20=외피index!$B$80,COUNTIF($D$2:D20,외피index!$B$80), IF(D20=외피index!$B$82,COUNTIF($D$2:D20,외피index!$B$82), IF(D20=외피index!$B$83,COUNTIF($D$2:D20,외피index!$B$83), IF(D20=외피index!$B$84,COUNTIF($D$2:D20,외피index!$B$84), IF(D20=외피index!$B$85,COUNTIF($D$2:D20,외피index!$B$85), IF(D20=외피index!$B$86,COUNTIF($D$2:D20,외피index!$B$86), IF(D20=외피index!$B$87,COUNTIF($D$2:D20,외피index!$B$87))))))))))))))
A21: =IF(D21="","",INDEX(외피index!$C$75:$C$87,MATCH(D21,외피index!$B$75:$B$87,0),1)&"_"& IF(D21=외피index!$B$75,COUNTIF($D$2:D21,외피index!$B$75), IF(D21=외피index!$B$76,COUNTIF($D$2:D21,외피index!$B$76), IF(D21=외피index!$B$77,COUNTIF($D$2:D21,외피index!$B$77), IF(D21=외피index!$B$78,COUNTIF($D$2:D21,외피index!$B$78), IF(D21=외피index!$B$79,COUNTIF($D$2:D21,외피index!$B$79), IF(D21=외피index!$B$80,COUNTIF($D$2:D21,외피index!$B$80), IF(D21=외피index!$B$82,COUNTIF($D$2:D21,외피index!$B$82), IF(D21=외피index!$B$83,COUNTIF($D$2:D21,외피index!$B$83), IF(D21=외피index!$B$84,COUNTIF($D$2:D21,외피index!$B$84), IF(D21=외피index!$B$85,COUNTIF($D$2:D21,외피index!$B$85), IF(D21=외피index!$B$86,COUNTIF($D$2:D21,외피index!$B$86), IF(D21=외피index!$B$87,COUNTIF($D$2:D21,외피index!$B$87))))))))))))))
A22: =IF(D22="","",INDEX(외피index!$C$75:$C$87,MATCH(D22,외피index!$B$75:$B$87,0),1)&"_"& IF(D22=외피index!$B$75,COUNTIF($D$2:D22,외피index!$B$75), IF(D22=외피index!$B$76,COUNTIF($D$2:D22,외피index!$B$76), IF(D22=외피index!$B$77,COUNTIF($D$2:D22,외피index!$B$77), IF(D22=외피index!$B$78,COUNTIF($D$2:D22,외피index!$B$78), IF(D22=외피index!$B$79,COUNTIF($D$2:D22,외피index!$B$79), IF(D22=외피index!$B$80,COUNTIF($D$2:D22,외피index!$B$80), IF(D22=외피index!$B$82,COUNTIF($D$2:D22,외피index!$B$82), IF(D22=외피index!$B$83,COUNTIF($D$2:D22,외피index!$B$83), IF(D22=외피index!$B$84,COUNTIF($D$2:D22,외피index!$B$84), IF(D22=외피index!$B$85,COUNTIF($D$2:D22,외피index!$B$85), IF(D22=외피index!$B$86,COUNTIF($D$2:D22,외피index!$B$86), IF(D22=외피index!$B$87,COUNTIF($D$2:D22,외피index!$B$87))))))))))))))
A23: =IF(D23="","",INDEX(외피index!$C$75:$C$87,MATCH(D23,외피index!$B$75:$B$87,0),1)&"_"& IF(D23=외피index!$B$75,COUNTIF($D$2:D23,외피index!$B$75), IF(D23=외피index!$B$76,COUNTIF($D$2:D23,외피index!$B$76), IF(D23=외피index!$B$77,COUNTIF($D$2:D23,외피index!$B$77), IF(D23=외피index!$B$78,COUNTIF($D$2:D23,외피index!$B$78), IF(D23=외피index!$B$79,COUNTIF($D$2:D23,외피index!$B$79), IF(D23=외피index!$B$80,COUNTIF($D$2:D23,외피index!$B$80), IF(D23=외피index!$B$82,COUNTIF($D$2:D23,외피index!$B$82), IF(D23=외피index!$B$83,COUNTIF($D$2:D23,외피index!$B$83), IF(D23=외피index!$B$84,COUNTIF($D$2:D23,외피index!$B$84), IF(D23=외피index!$B$85,COUNTIF($D$2:D23,외피index!$B$85), IF(D23=외피index!$B$86,COUNTIF($D$2:D23,외피index!$B$86), IF(D23=외피index!$B$87,COUNTIF($D$2:D23,외피index!$B$87))))))))))))))
A24: =IF(D24="","",INDEX(외피index!$C$75:$C$87,MATCH(D24,외피index!$B$75:$B$87,0),1)&"_"& IF(D24=외피index!$B$75,COUNTIF($D$2:D24,외피index!$B$75), IF(D24=외피index!$B$76,COUNTIF($D$2:D24,외피index!$B$76), IF(D24=외피index!$B$77,COUNTIF($D$2:D24,외피index!$B$77), IF(D24=외피index!$B$78,COUNTIF($D$2:D24,외피index!$B$78), IF(D24=외피index!$B$79,COUNTIF($D$2:D24,외피index!$B$79), IF(D24=외피index!$B$80,COUNTIF($D$2:D24,외피index!$B$80), IF(D24=외피index!$B$82,COUNTIF($D$2:D24,외피index!$B$82), IF(D24=외피index!$B$83,COUNTIF($D$2:D24,외피index!$B$83), IF(D24=외피index!$B$84,COUNTIF($D$2:D24,외피index!$B$84), IF(D24=외피index!$B$85,COUNTIF($D$2:D24,외피index!$B$85), IF(D24=외피index!$B$86,COUNTIF($D$2:D24,외피index!$B$86), IF(D24=외피index!$B$87,COUNTIF($D$2:D24,외피index!$B$87))))))))))))))
A25: =IF(D25="","",INDEX(외피index!$C$75:$C$87,MATCH(D25,외피index!$B$75:$B$87,0),1)&"_"& IF(D25=외피index!$B$75,COUNTIF($D$2:D25,외피index!$B$75), IF(D25=외피index!$B$76,COUNTIF($D$2:D25,외피index!$B$76), IF(D25=외피index!$B$77,COUNTIF($D$2:D25,외피index!$B$77), IF(D25=외피index!$B$78,COUNTIF($D$2:D25,외피index!$B$78), IF(D25=외피index!$B$79,COUNTIF($D$2:D25,외피index!$B$79), IF(D25=외피index!$B$80,COUNTIF($D$2:D25,외피index!$B$80), IF(D25=외피index!$B$82,COUNTIF($D$2:D25,외피index!$B$82), IF(D25=외피index!$B$83,COUNTIF($D$2:D25,외피index!$B$83), IF(D25=외피index!$B$84,COUNTIF($D$2:D25,외피index!$B$84), IF(D25=외피index!$B$85,COUNTIF($D$2:D25,외피index!$B$85), IF(D25=외피index!$B$86,COUNTIF($D$2:D25,외피index!$B$86), IF(D25=외피index!$B$87,COUNTIF($D$2:D25,외피index!$B$87))))))))))))))
... A501: =IF(D501="","",INDEX(외피index!$C$75:$C$87,MATCH(D501,외피index!$B$75:$B$87,0),1)&"_"& IF(D501=외피index!$B$75,COUNTIF($D$2:D501,외피index!$B$75), IF(D501=외피index!$B$76,COUNTIF($D$2:D501,외피index!$B$76), IF(D501=외피index!$B$77,COUNTIF($D$2:D501,외피index!$B$77), IF(D501=외피index!$B$78,COUNTIF($D$2:D501,외피index!$B$78), IF(D501=외피index!$B$79,COUNTIF($D$2:D501,외피index!$B$79), IF(D501=외피index!$B$80,COUNTIF($D$2:D501,외피index!$B$80), IF(D501=외피index!$B$82,COUNTIF($D$2:D501,외피index!$B$82), IF(D501=외피index!$B$83,COUNTIF($D$2:D501,외피index!$B$83), IF(D501=외피index!$B$84,COUNTIF($D$2:D501,외피index!$B$84), IF(D501=외피index!$B$85,COUNTIF($D$2:D501,외피index!$B$85), IF(D501=외피index!$B$86,COUNTIF($D$2:D501,외피index!$B$86), IF(D501=외피index!$B$87,COUNTIF($D$2:D501,외피index!$B$87))))))))))))))

Sheet 외피index
A2: 외피 구조체 유형
A3: 1 | B3: 커튼월창 | C3: CW
A4: 2 | B4: 외벽 | C4: WL
A5: 3 | B5: 지붕 | C5: RF
A6: 4 | B6: 최하층바닥 | C6: FR
A7: 5 | B7: 창호 | C7: WIN
A8: 6 | B8: 외부출입문 | C8: DR
A9: 7 | B9: 내벽 | C9: IW
A10: 8 | B10: 층간바닥 | C10: SL
A12: 방위
A13: 0 | B13: 수평
A14: 1 | B14: 남
A15: 2 | B15: 남동
A16: 3 | B16: 남서
A17: 4 | B17: 동
A18: 5 | B18: 서
A19: 6 | B19: 북서
A20: 7 | B20: 북동
A21: 8 | B21: 북
A22: 9 | B22: -
A24: 커튼월 부위
A25: 1 | B25: 유리부분
A26: 2 | B26: 패널부분
A27: 3 | B27: 출입문부분
A28: 4 | B28: -
A31: 층
A32: B5 | B32: =A32&"F" -> B5F
A33: B4 | B33: =A33&"F" -> B4F
A34: B3 | B34: =A34&"F" -> B3F
A35: B2 | B35: =A35&"F" -> B2F
A36: B1 | B36: =A36&"F" -> B1F
A37: 1 | B37: =A37&"F" -> 1F
A38: 2 | B38: =A38&"F" -> 2F
A39: 3 | B39: =A39&"F" -> 3F
A40: 4 | B40: =A40&"F" -> 4F
A41: 5 | B41: =A41&"F" -> 5F
A42: 6 | B42: =A42&"F" -> 6F
A43: 7 | B43: =A43&"F" -> 7F
A44: 8 | B44: =A44&"F" -> 8F
A45: 9 | B45: =A45&"F" -> 9F
A46: 10 | B46: =A46&"F" -> 10F
A47: 11 | B47: =A47&"F" -> 11F
A48: 12 | B48: =A48&"F" -> 12F
... A66: 30 | B66: =A66&"F" -> 30F
A68: 열교 구분
A69: 1 | B69: 외벽 | C69: 외벽
A70: 2 | B70: 외벽 | C70: 바닥
A71: 3 | B71: 지붕 | C71: 평지붕
A72: 4 | B72: 지붕 | C72: 경사지붕
A74: 지붕 열교 항목
A75: 1 | B75: 평지붕+외벽[90] | C75: RTB1
A76: 2 | B76: 평지붕+외벽[270] | C76: RTB2
A77: 3 | B77: 평지붕+내벽 | C77: RTB3
A78: 4 | B78: 경사지붕 | C78: RTB4
A79: 5 | B79: 경사지붕+외벽[수평] | C79: RTB5
A80: 6 | B80: 경사지붕+외벽[경사] | C80: RTB6
A81: 외벽 열교 항목
A82: 1 | B82: 층간슬라브+외벽 | C82: WTB1
A83: 2 | B83: 외벽+내벽 | C83: WTB2
A84: 3 | B84: 외벽+외벽[90] | C84: WTB3
A85: 4 | B85: 외벽+외벽[270] | C85: WTB4
A86: 5 | B86: 바닥+외벽[90] | C86: WTB5
A87: 6 | B87: 바닥+외벽[270] | C87: WTB6
