Workbook

Sheet ZoneGeneral_3D
A1: 존번호 | B1: 층 | C1: 바닥면적
A2: =IFERROR(IF(B2="","",IF(ROW(B2)-1>99,B2&"F_Zone"&ROW(B2)-1,IF(ROW(B2)-1>9, B2&"F_Zone0"&ROW(B2)-1,B2&"F_Zone00"&ROW(B2)-1))),"") -> 1F_Zone001 | B2: 1 | C2: 42.639959
A3: =IFERROR(IF(B3="","",IF(ROW(B3)-1>99,B3&"F_Zone"&ROW(B3)-1,IF(ROW(B3)-1>9, B3&"F_Zone0"&ROW(B3)-1,B3&"F_Zone00"&ROW(B3)-1))),"") -> 1F_Zone002 | B3: 1 | C3: 24.079943
A4: =IFERROR(IF(B4="","",IF(ROW(B4)-1>99,B4&"F_Zone"&ROW(B4)-1,IF(ROW(B4)-1>9, B4&"F_Zone0"&ROW(B4)-1,B4&"F_Zone00"&ROW(B4)-1))),"") -> 1F_Zone003 | B4: 1 | C4: 10.920057
A5: =IFERROR(IF(B5="","",IF(ROW(B5)-1>99,B5&"F_Zone"&ROW(B5)-1,IF(ROW(B5)-1>9, B5&"F_Zone0"&ROW(B5)-1,B5&"F_Zone00"&ROW(B5)-1))),"") -> 1F_Zone004 | B5: 1 | C5: 3.7170383
A6: =IFERROR(IF(B6="","",IF(ROW(B6)-1>99,B6&"F_Zone"&ROW(B6)-1,IF(ROW(B6)-1>9, B6&"F_Zone0"&ROW(B6)-1,B6&"F_Zone00"&ROW(B6)-1))),"") -> 2F_Zone005 | B6: 2 | C6: 42.639959
A7: =IFERROR(IF(B7="","",IF(ROW(B7)-1>99,B7&"F_Zone"&ROW(B7)-1,IF(ROW(B7)-1>9, B7&"F_Zone0"&ROW(B7)-1,B7&"F_Zone00"&ROW(B7)-1))),"") -> 2F_Zone006 | B7: 2 | C7: 22.879955
A8: =IFERROR(IF(B8="","",IF(ROW(B8)-1>99,B8&"F_Zone"&ROW(B8)-1,IF(ROW(B8)-1>9, B8&"F_Zone0"&ROW(B8)-1,B8&"F_Zone00"&ROW(B8)-1))),"") -> 2F_Zone007 | B8: 2 | C8: 23.684919
A9: =IFERROR(IF(B9="","",IF(ROW(B9)-1>99,B9&"F_Zone"&ROW(B9)-1,IF(ROW(B9)-1>9, B9&"F_Zone0"&ROW(B9)-1,B9&"F_Zone00"&ROW(B9)-1))),"") -> 2F_Zone008 | B9: 2 | C9: 14.040055
A10: =IFERROR(IF(B10="","",IF(ROW(B10)-1>99,B10&"F_Zone"&ROW(B10)-1,IF(ROW(B10)-1>9, B10&"F_Zone0"&ROW(B10)-1,B10&"F_Zone00"&ROW(B10)-1))),"") -> 2F_Zone009 | B10: 2 | C10: 13.230021
A11: =IFERROR(IF(B11="","",IF(ROW(B11)-1>99,B11&"F_Zone"&ROW(B11)-1,IF(ROW(B11)-1>9, B11&"F_Zone0"&ROW(B11)-1,B11&"F_Zone00"&ROW(B11)-1))),"") -> 2F_Zone010 | B11: 2 | C11: 18.200043
A12: =IFERROR(IF(B12="","",IF(ROW(B12)-1>99,B12&"F_Zone"&ROW(B12)-1,IF(ROW(B12)-1>9, B12&"F_Zone0"&ROW(B12)-1,B12&"F_Zone00"&ROW(B12)-1))),"") -> 2F_Zone011 | B12: 2 | C12: 10.58506
A13: =IFERROR(IF(B13="","",IF(ROW(B13)-1>99,B13&"F_Zone"&ROW(B13)-1,IF(ROW(B13)-1>9, B13&"F_Zone0"&ROW(B13)-1,B13&"F_Zone00"&ROW(B13)-1))),"") -> 2F_Zone012 | B13: 2 | C13: 4.7999878
... A21: =IFERROR(IF(B21="","",IF(ROW(B21)-1>99,B21&"F_Zone"&ROW(B21)-1,IF(ROW(B21)-1>9, B21&"F_Zone0"&ROW(B21)-1,B21&"F_Zone00"&ROW(B21)-1))),"") -> 4F_Zone020 | B21: 4 | C21: 16.799957

Sheet ZoneEnvelope_3D
A1: 번호 | B1: 층 | C1: 존 | D1: 외피유형 | E1: 커튼월부위 | F1: 면적 | G1: 인접존 | H1: 방위 | I1: 기울기 | J1: 우측면돌출길이 | K1: 좌측면돌출길이 | L1: 상부돌출길이 | M1: 주변요소음영길이 | N1: 벽체길이 | O1: 창호너비 | P1: 창호높이
A2: =IFERROR(IF(D2="","",C2&"_"& IF($D2=외피index!$B$3, 외피index!$C$3&"_"&COUNTIFS(D2:$D$2,외피index!$B$3,C2:$C$2,C2), IF($D2=외피index!$B$4, 외피index!$C$4&"_"&COUNTIFS(D2:$D$2,외피index!$B$4,C2:$C$2,C2), IF($D2=외피index!$B$5, 외피index!$C$5&"_"&COUNTIFS(D2:$D$2,외피index!$B$5,C2:$C$2,C2), IF($D2=외피index!$B$6, 외피index!$C$6&"_"&COUNTIFS(D2:$D$2,외피index!$B$6,C2:$C$2,C2), IF($D2=외피index!$B$7, 외피index!$C$7&"_"&COUNTIFS(D2:$D$2,외피index!$B$7,C2:$C$2,C2), IF($D2=외피index!$B$8, 외피index!$C$8&"_"&COUNTIFS(D2:$D$2,외피index!$B$8,C2:$C$2,C2), IF($D2=외피index!$B$9, 외피index!$C$9&"_"&COUNTIFS(D2:$D$2,외피index!$B$9,C2:$C$2,C2), IF($D2=외피index!$B$10, 외피index!$C$10&"_"&COUNTIFS(D2:$D$2,외피index!$B$10,C2:$C$2,C2), 0))))))))),"") -> 2F_Zone006_SL_1 | B2: 2F | C2: 2F_Zone006 | D2: 층간바닥 | F2: 28.080031 | G2: 3F_Zone014 | H2: 수평 | I2: 180
A3: =IFERROR(IF(D3="","",C3&"_"& IF($D3=외피index!$B$3, 외피index!$C$3&"_"&COUNTIFS(D$2:$D3,외피index!$B$3,C$2:$C3,C3), IF($D3=외피index!$B$4, 외피index!$C$4&"_"&COUNTIFS(D$2:$D3,외피index!$B$4,C$2:$C3,C3), IF($D3=외피index!$B$5, 외피index!$C$5&"_"&COUNTIFS(D$2:$D3,외피index!$B$5,C$2:$C3,C3), IF($D3=외피index!$B$6, 외피index!$C$6&"_"&COUNTIFS(D$2:$D3,외피index!$B$6,C$2:$C3,C3), IF($D3=외피index!$B$7, 외피index!$C$7&"_"&COUNTIFS(D$2:$D3,외피index!$B$7,C$2:$C3,C3), IF($D3=외피index!$B$8, 외피index!$C$8&"_"&COUNTIFS(D$2:$D3,외피index!$B$8,C$2:$C3,C3), IF($D3=외피index!$B$9, 외피index!$C$9&"_"&COUNTIFS(D$2:$D3,외피index!$B$9,C$2:$C3,C3), IF($D3=외피index!$B$10, 외피index!$C$10&"_"&COUNTIFS(D$2:$D3,외피index!$B$10,C$2:$C3,C3), 0))))))))),"") -> 2F_Zone007_SL_1 | B3: 2F | C3: 2F_Zone007 | D3: 층간바닥 | F3: 22.879955 | G3: 3F_Zone015 | H3: 수평 | I3: 180
A4: =IFERROR(IF(D4="","",C4&"_"& IF($D4=외피index!$B$3, 외피index!$C$3&"_"&COUNTIFS(D$2:$D4,외피index!$B$3,C$2:$C4,C4), IF($D4=외피index!$B$4, 외피index!$C$4&"_"&COUNTIFS(D$2:$D4,외피index!$B$4,C$2:$C4,C4), IF($D4=외피index!$B$5, 외피index!$C$5&"_"&COUNTIFS(D$2:$D4,외피index!$B$5,C$2:$C4,C4), IF($D4=외피index!$B$6, 외피index!$C$6&"_"&COUNTIFS(D$2:$D4,외피index!$B$6,C$2:$C4,C4), IF($D4=외피index!$B$7, 외피index!$C$7&"_"&COUNTIFS(D$2:$D4,외피index!$B$7,C$2:$C4,C4), IF($D4=외피index!$B$8, 외피index!$C$8&"_"&COUNTIFS(D$2:$D4,외피index!$B$8,C$2:$C4,C4), IF($D4=외피index!$B$9, 외피index!$C$9&"_"&COUNTIFS(D$2:$D4,외피index!$B$9,C$2:$C4,C4), IF($D4=외피index!$B$10, 외피index!$C$10&"_"&COUNTIFS(D$2:$D4,외피index!$B$10,C$2:$C4,C4), 0))))))))),"") -> 2F_Zone011_RF_1 | B4: 2F | C4: 2F_Zone011 | D4: 지붕 | F4: 18.200043 | H4: 수평 | I4: 0
A5: =IFERROR(IF(D5="","",C5&"_"& IF($D5=외피index!$B$3, 외피index!$C$3&"_"&COUNTIFS(D$2:$D5,외피index!$B$3,C$2:$C5,C5), IF($D5=외피index!$B$4, 외피index!$C$4&"_"&COUNTIFS(D$2:$D5,외피index!$B$4,C$2:$C5,C5), IF($D5=외피index!$B$5, 외피index!$C$5&"_"&COUNTIFS(D$2:$D5,외피index!$B$5,C$2:$C5,C5), IF($D5=외피index!$B$6, 외피index!$C$6&"_"&COUNTIFS(D$2:$D5,외피index!$B$6,C$2:$C5,C5), IF($D5=외피index!$B$7, 외피index!$C$7&"_"&COUNTIFS(D$2:$D5,외피index!$B$7,C$2:$C5,C5), IF($D5=외피index!$B$8, 외피index!$C$8&"_"&COUNTIFS(D$2:$D5,외피index!$B$8,C$2:$C5,C5), IF($D5=외피index!$B$9, 외피index!$C$9&"_"&COUNTIFS(D$2:$D5,외피index!$B$9,C$2:$C5,C5), IF($D5=외피index!$B$10, 외피index!$C$10&"_"&COUNTIFS(D$2:$D5,외피index!$B$10,C$2:$C5,C5), 0))))))))),"") -> 2F_Zone008_SL_1 | B5: 2F | C5: 2F_Zone008 | D5: 층간바닥 | F5: 15.449966 | G5: 3F_Zone016 | H5: 수평 | I5: 0
A6: =IFERROR(IF(D6="","",C6&"_"& IF($D6=외피index!$B$3, 외피index!$C$3&"_"&COUNTIFS(D$2:$D6,외피index!$B$3,C$2:$C6,C6), IF($D6=외피index!$B$4, 외피index!$C$4&"_"&COUNTIFS(D$2:$D6,외피index!$B$4,C$2:$C6,C6), IF($D6=외피index!$B$5, 외피index!$C$5&"_"&COUNTIFS(D$2:$D6,외피index!$B$5,C$2:$C6,C6), IF($D6=외피index!$B$6, 외피index!$C$6&"_"&COUNTIFS(D$2:$D6,외피index!$B$6,C$2:$C6,C6), IF($D6=외피index!$B$7, 외피index!$C$7&"_"&COUNTIFS(D$2:$D6,외피index!$B$7,C$2:$C6,C6), IF($D6=외피index!$B$8, 외피index!$C$8&"_"&COUNTIFS(D$2:$D6,외피index!$B$8,C$2:$C6,C6), IF($D6=외피index!$B$9, 외피index!$C$9&"_"&COUNTIFS(D$2:$D6,외피index!$B$9,C$2:$C6,C6), IF($D6=외피index!$B$10, 외피index!$C$10&"_"&COUNTIFS(D$2:$D6,외피index!$B$10,C$2:$C6,C6), 0))))))))),"") -> 2F_Zone009_SL_1 | B6: 2F | C6: 2F_Zone009 | D6: 층간바닥 | F6: 14.040055 | G6: 3F_Zone015 | H6: 수평 | I6: 180
A7: =IFERROR(IF(D7="","",C7&"_"& IF($D7=외피index!$B$3, 외피index!$C$3&"_"&COUNTIFS(D$2:$D7,외피index!$B$3,C$2:$C7,C7), IF($D7=외피index!$B$4, 외피index!$C$4&"_"&COUNTIFS(D$2:$D7,외피index!$B$4,C$2:$C7,C7), IF($D7=외피index!$B$5, 외피index!$C$5&"_"&COUNTIFS(D$2:$D7,외피index!$B$5,C$2:$C7,C7), IF($D7=외피index!$B$6, 외피index!$C$6&"_"&COUNTIFS(D$2:$D7,외피index!$B$6,C$2:$C7,C7), IF($D7=외피index!$B$7, 외피index!$C$7&"_"&COUNTIFS(D$2:$D7,외피index!$B$7,C$2:$C7,C7), IF($D7=외피index!$B$8, 외피index!$C$8&"_"&COUNTIFS(D$2:$D7,외피index!$B$8,C$2:$C7,C7), IF($D7=외피index!$B$9, 외피index!$C$9&"_"&COUNTIFS(D$2:$D7,외피index!$B$9,C$2:$C7,C7), IF($D7=외피index!$B$10, 외피index!$C$10&"_"&COUNTIFS(D$2:$D7,외피index!$B$10,C$2:$C7,C7), 0))))))))),"") -> 2F_Zone010_RF_1 | B7: 2F | C7: 2F_Zone010 | D7: 지붕 | F7: 10.920018 | H7: 수평 | I7: 0
A8: =IFERROR(IF(D8="","",C8&"_"& IF($D8=외피index!$B$3, 외피index!$C$3&"_"&COUNTIFS(D$2:$D8,외피index!$B$3,C$2:$C8,C8), IF($D8=외피index!$B$4, 외피index!$C$4&"_"&COUNTIFS(D$2:$D8,외피index!$B$4,C$2:$C8,C8), IF($D8=외피index!$B$5, 외피index!$C$5&"_"&COUNTIFS(D$2:$D8,외피index!$B$5,C$2:$C8,C8), IF($D8=외피index!$B$6, 외피index!$C$6&"_"&COUNTIFS(D$2:$D8,외피index!$B$6,C$2:$C8,C8), IF($D8=외피index!$B$7, 외피index!$C$7&"_"&COUNTIFS(D$2:$D8,외피index!$B$7,C$2:$C8,C8), IF($D8=외피index!$B$8, 외피index!$C$8&"_"&COUNTIFS(D$2:$D8,외피index!$B$8,C$2:$C8,C8), IF($D8=외피index!$B$9, 외피index!$C$9&"_"&COUNTIFS(D$2:$D8,외피index!$B$9,C$2:$C8,C8), IF($D8=외피index!$B$10, 외피index!$C$10&"_"&COUNTIFS(D$2:$D8,외피index!$B$10,C$2:$C8,C8), 0))))))))),"") -> 2F_Zone006_SL_2 | B8: 2F | C8: 2F_Zone006 | D8: 층간바닥 | F8: 8.6799365 | G8: 3F_Zone017 | H8: 수평 | I8: 180
A9: =IFERROR(IF(D9="","",C9&"_"& IF($D9=외피index!$B$3, 외피index!$C$3&"_"&COUNTIFS(D$2:$D9,외피index!$B$3,C$2:$C9,C9), IF($D9=외피index!$B$4, 외피index!$C$4&"_"&COUNTIFS(D$2:$D9,외피index!$B$4,C$2:$C9,C9), IF($D9=외피index!$B$5, 외피index!$C$5&"_"&COUNTIFS(D$2:$D9,외피index!$B$5,C$2:$C9,C9), IF($D9=외피index!$B$6, 외피index!$C$6&"_"&COUNTIFS(D$2:$D9,외피index!$B$6,C$2:$C9,C9), IF($D9=외피index!$B$7, 외피index!$C$7&"_"&COUNTIFS(D$2:$D9,외피index!$B$7,C$2:$C9,C9), IF($D9=외피index!$B$8, 외피index!$C$8&"_"&COUNTIFS(D$2:$D9,외피index!$B$8,C$2:$C9,C9), IF($D9=외피index!$B$9, 외피index!$C$9&"_"&COUNTIFS(D$2:$D9,외피index!$B$9,C$2:$C9,C9), IF($D9=외피index!$B$10, 외피index!$C$10&"_"&COUNTIFS(D$2:$D9,외피index!$B$10,C$2:$C9,C9), 0))))))))),"") -> 2F_Zone012_RF_1 | B9: 2F | C9: 2F_Zone012 | D9: 지붕 | F9: 7.5400415 | H9: 수평 | I9: 0
A10: =IFERROR(IF(D10="","",C10&"_"& IF($D10=외피index!$B$3, 외피index!$C$3&"_"&COUNTIFS(D$2:$D10,외피index!$B$3,C$2:$C10,C10), IF($D10=외피index!$B$4, 외피index!$C$4&"_"&COUNTIFS(D$2:$D10,외피index!$B$4,C$2:$C10,C10), IF($D10=외피index!$B$5, 외피index!$C$5&"_"&COUNTIFS(D$2:$D10,외피index!$B$5,C$2:$C10,C10), IF($D10=외피index!$B$6, 외피index!$C$6&"_"&COUNTIFS(D$2:$D10,외피index!$B$6,C$2:$C10,C10), IF($D10=외피index!$B$7, 외피index!$C$7&"_"&COUNTIFS(D$2:$D10,외피index!$B$7,C$2:$C10,C10), IF($D10=외피index!$B$8, 외피index!$C$8&"_"&COUNTIFS(D$2:$D10,외피index!$B$8,C$2:$C10,C10), IF($D10=외피index!$B$9, 외피index!$C$9&"_"&COUNTIFS(D$2:$D10,외피index!$B$9,C$2:$C10,C10), IF($D10=외피index!$B$10, 외피index!$C$10&"_"&COUNTIFS(D$2:$D10,외피index!$B$10,C$2:$C10,C10), 0))))))))),"") -> 2F_Zone006_SL_3 | B10: 2F | C10: 2F_Zone006 | D10: 층간바닥 | F10: 5.8799915 | G10: 3F_Zone016 | H10: 수평 | I10: 0
A11: =IFERROR(IF(D11="","",C11&"_"& IF($D11=외피index!$B$3, 외피index!$C$3&"_"&COUNTIFS(D$2:$D11,외피index!$B$3,C$2:$C11,C11), IF($D11=외피index!$B$4, 외피index!$C$4&"_"&COUNTIFS(D$2:$D11,외피index!$B$4,C$2:$C11,C11), IF($D11=외피index!$B$5, 외피index!$C$5&"_"&COUNTIFS(D$2:$D11,외피index!$B$5,C$2:$C11,C11), IF($D11=외피index!$B$6, 외피index!$C$6&"_"&COUNTIFS(D$2:$D11,외피index!$B$6,C$2:$C11,C11), IF($D11=외피index!$B$7, 외피index!$C$7&"_"&COUNTIFS(D$2:$D11,외피index!$B$7,C$2:$C11,C11), IF($D11=외피index!$B$8, 외피index!$C$8&"_"&COUNTIFS(D$2:$D11,외피index!$B$8,C$2:$C11,C11), IF($D11=외피index!$B$9, 외피index!$C$9&"_"&COUNTIFS(D$2:$D11,외피index!$B$9,C$2:$C11,C11), IF($D11=외피index!$B$10, 외피index!$C$10&"_"&COUNTIFS(D$2:$D11,외피index!$B$10,C$2:$C11,C11), 0))))))))),"") -> 2F_Zone008_SL_2 | B11: 2F | C11: 2F_Zone008 | D11: 층간바닥 | F11: 5.5822345 | G11: 3F_Zone019 | H11: 수평 | I11: 0
A12: =IFERROR(IF(D12="","",C12&"_"& IF($D12=외피index!$B$3, 외피index!$C$3&"_"&COUNTIFS(D$2:$D12,외피index!$B$3,C$2:$C12,C12), IF($D12=외피index!$B$4, 외피index!$C$4&"_"&COUNTIFS(D$2:$D12,외피index!$B$4,C$2:$C12,C12), IF($D12=외피index!$B$5, 외피index!$C$5&"_"&COUNTIFS(D$2:$D12,외피index!$B$5,C$2:$C12,C12), IF($D12=외피index!$B$6, 외피index!$C$6&"_"&COUNTIFS(D$2:$D12,외피index!$B$6,C$2:$C12,C12), IF($D12=외피index!$B$7, 외피index!$C$7&"_"&COUNTIFS(D$2:$D12,외피index!$B$7,C$2:$C12,C12), IF($D12=외피index!$B$8, 외피index!$C$8&"_"&COUNTIFS(D$2:$D12,외피index!$B$8,C$2:$C12,C12), IF($D12=외피index!$B$9, 외피index!$C$9&"_"&COUNTIFS(D$2:$D12,외피index!$B$9,C$2:$C12,C12), IF($D12=외피index!$B$10, 외피index!$C$10&"_"&COUNTIFS(D$2:$D12,외피index!$B$10,C$2:$C12,C12), 0))))))))),"") -> 2F_Zone013_SL_1 | B12: 2F | C12: 2F_Zone013 | D12: 층간바닥 | F12: 4.7999878 | G12: 3F_Zone020 | H12: 수평 | I12: 180
A13: =IFERROR(IF(D13="","",C13&"_"& IF($D13=외피index!$B$3, 외피index!$C$3&"_"&COUNTIFS(D$2:$D13,외피index!$B$3,C$2:$C13,C13), IF($D13=외피index!$B$4, 외피index!$C$4&"_"&COUNTIFS(D$2:$D13,외피index!$B$4,C$2:$C13,C13), IF($D13=외피index!$B$5, 외피index!$C$5&"_"&COUNTIFS(D$2:$D13,외피index!$B$5,C$2:$C13,C13), IF($D13=외피index!$B$6, 외피index!$C$6&"_"&COUNTIFS(D$2:$D13,외피index!$B$6,C$2:$C13,C13), IF($D13=외피index!$B$7, 외피index!$C$7&"_"&COUNTIFS(D$2:$D13,외피index!$B$7,C$2:$C13,C13), IF($D13=외피index!$B$8, 외피index!$C$8&"_"&COUNTIFS(D$2:$D13,외피index!$B$8,C$2:$C13,C13), IF($D13=외피index!$B$9, 외피index!$C$9&"_"&COUNTIFS(D$2:$D13,외피index!$B$9,C$2:$C13,C13), IF($D13=외피index!$B$10, 외피index!$C$10&"_"&COUNTIFS(D$2:$D13,외피index!$B$10,C$2:$C13,C13), 0))))))))),"") -> 2F_Zone012_SL_1 | B13: 2F | C13: 2F_Zone012 | D13: 층간바닥 | F13: 1.8900087 | G13: 3F_Zone018 | H13: 수평 | I13: 0
A14: =IFERROR(IF(D14="","",C14&"_"& IF($D14=외피index!$B$3, 외피index!$C$3&"_"&COUNTIFS(D$2:$D14,외피index!$B$3,C$2:$C14,C14), IF($D14=외피index!$B$4, 외피index!$C$4&"_"&COUNTIFS(D$2:$D14,외피index!$B$4,C$2:$C14,C14), IF($D14=외피index!$B$5, 외피index!$C$5&"_"&COUNTIFS(D$2:$D14,외피index!$B$5,C$2:$C14,C14), IF($D14=외피index!$B$6, 외피index!$C$6&"_"&COUNTIFS(D$2:$D14,외피index!$B$6,C$2:$C14,C14), IF($D14=외피index!$B$7, 외피index!$C$7&"_"&COUNTIFS(D$2:$D14,외피index!$B$7,C$2:$C14,C14), IF($D14=외피index!$B$8, 외피index!$C$8&"_"&COUNTIFS(D$2:$D14,외피index!$B$8,C$2:$C14,C14), IF($D14=외피index!$B$9, 외피index!$C$9&"_"&COUNTIFS(D$2:$D14,외피index!$B$9,C$2:$C14,C14), IF($D14=외피index!$B$10, 외피index!$C$10&"_"&COUNTIFS(D$2:$D14,외피index!$B$10,C$2:$C14,C14), 0))))))))),"") -> 2F_Zone010_SL_1 | B14: 2F | C14: 2F_Zone010 | D14: 층간바닥 | F14: 1.7167492 | G14: 3F_Zone019 | H14: 수평 | I14: 0
A15: =IFERROR(IF(D15="","",C15&"_"& IF($D15=외피index!$B$3, 외피index!$C$3&"_"&COUNTIFS(D$2:$D15,외피index!$B$3,C$2:$C15,C15), IF($D15=외피index!$B$4, 외피index!$C$4&"_"&COUNTIFS(D$2:$D15,외피index!$B$4,C$2:$C15,C15), IF($D15=외피index!$B$5, 외피index!$C$5&"_"&COUNTIFS(D$2:$D15,외피index!$B$5,C$2:$C15,C15), IF($D15=외피index!$B$6, 외피index!$C$6&"_"&COUNTIFS(D$2:$D15,외피index!$B$6,C$2:$C15,C15), IF($D15=외피index!$B$7, 외피index!$C$7&"_"&COUNTIFS(D$2:$D15,외피index!$B$7,C$2:$C15,C15), IF($D15=외피index!$B$8, 외피index!$C$8&"_"&COUNTIFS(D$2:$D15,외피index!$B$8,C$2:$C15,C15), IF($D15=외피index!$B$9, 외피index!$C$9&"_"&COUNTIFS(D$2:$D15,외피index!$B$9,C$2:$C15,C15), IF($D15=외피index!$B$10, 외피index!$C$10&"_"&COUNTIFS(D$2:$D15,외피index!$B$10,C$2:$C15,C15), 0))))))))),"") -> 2F_Zone012_SL_2 | B15: 2F | C15: 2F_Zone012 | D15: 층간바닥 | F15: 1.1550098 | G15: 3F_Zone019 | H15: 수평 | I15: 0
A16: =IFERROR(IF(D16="","",C16&"_"& IF($D16=외피index!$B$3, 외피index!$C$3&"_"&COUNTIFS(D$2:$D16,외피index!$B$3,C$2:$C16,C16), IF($D16=외피index!$B$4, 외피index!$C$4&"_"&COUNTIFS(D$2:$D16,외피index!$B$4,C$2:$C16,C16), IF($D16=외피index!$B$5, 외피index!$C$5&"_"&COUNTIFS(D$2:$D16,외피index!$B$5,C$2:$C16,C16), IF($D16=외피index!$B$6, 외피index!$C$6&"_"&COUNTIFS(D$2:$D16,외피index!$B$6,C$2:$C16,C16), IF($D16=외피index!$B$7, 외피index!$C$7&"_"&COUNTIFS(D$2:$D16,외피index!$B$7,C$2:$C16,C16), IF($D16=외피index!$B$8, 외피index!$C$8&"_"&COUNTIFS(D$2:$D16,외피index!$B$8,C$2:$C16,C16), IF($D16=외피index!$B$9, 외피index!$C$9&"_"&COUNTIFS(D$2:$D16,외피index!$B$9,C$2:$C16,C16), IF($D16=외피index!$B$10, 외피index!$C$10&"_"&COUNTIFS(D$2:$D16,외피index!$B$10,C$2:$C16,C16), 0))))))))),"") -> 2F_Zone008_SL_3 | B16: 2F | C16: 2F_Zone008 | D16: 층간바닥 | F16: 0.76274812 | G16: 3F_Zone020 | H16: 수평 | I16: 0
A17: =IFERROR(IF(D17="","",C17&"_"& IF($D17=외피index!$B$3, 외피index!$C$3&"_"&COUNTIFS(D$2:$D17,외피index!$B$3,C$2:$C17,C17), IF($D17=외피index!$B$4, 외피index!$C$4&"_"&COUNTIFS(D$2:$D17,외피index!$B$4,C$2:$C17,C17), IF($D17=외피index!$B$5, 외피index!$C$5&"_"&COUNTIFS(D$2:$D17,외피index!$B$5,C$2:$C17,C17), IF($D17=외피index!$B$6, 외피index!$C$6&"_"&COUNTIFS(D$2:$D17,외피index!$B$6,C$2:$C17,C17), IF($D17=외피index!$B$7, 외피index!$C$7&"_"&COUNTIFS(D$2:$D17,외피index!$B$7,C$2:$C17,C17), IF($D17=외피index!$B$8, 외피index!$C$8&"_"&COUNTIFS(D$2:$D17,외피index!$B$8,C$2:$C17,C17), IF($D17=외피index!$B$9, 외피index!$C$9&"_"&COUNTIFS(D$2:$D17,외피index!$B$9,C$2:$C17,C17), IF($D17=외피index!$B$10, 외피index!$C$10&"_"&COUNTIFS(D$2:$D17,외피index!$B$10,C$2:$C17,C17), 0))))))))),"") -> 2F_Zone010_SL_2 | B17: 2F | C17: 2F_Zone010 | D17: 층간바닥 | F17: 0.59325429 | G17: 3F_Zone020 | H17: 수평 | I17: 0
A18: =IFERROR(IF(D18="","",C18&"_"& IF($D18=외피index!$B$3, 외피index!$C$3&"_"&COUNTIFS(D$2:$D18,외피index!$B$3,C$2:$C18,C18), IF($D18=외피index!$B$4, 외피index!$C$4&"_"&COUNTIFS(D$2:$D18,외피index!$B$4,C$2:$C18,C18), IF($D18=외피index!$B$5, 외피index!$C$5&"_"&COUNTIFS(D$2:$D18,외피index!$B$5,C$2:$C18,C18), IF($D18=외피index!$B$6, 외피index!$C$6&"_"&COUNTIFS(D$2:$D18,외피index!$B$6,C$2:$C18,C18), IF($D18=외피index!$B$7, 외피index!$C$7&"_"&COUNTIFS(D$2:$D18,외피index!$B$7,C$2:$C18,C18), IF($D18=외피index!$B$8, 외피index!$C$8&"_"&COUNTIFS(D$2:$D18,외피index!$B$8,C$2:$C18,C18), IF($D18=외피index!$B$9, 외피index!$C$9&"_"&COUNTIFS(D$2:$D18,외피index!$B$9,C$2:$C18,C18), IF($D18=외피index!$B$10, 외피index!$C$10&"_"&COUNTIFS(D$2:$D18,외피index!$B$10,C$2:$C18,C18), 0))))))))),"") -> 3F_Zone015_RF_1 | B18: 3F | C18: 3F_Zone015 | D18: 지붕 | F18: 36.92001 | H18: 수평 | I18: 0
A19: =IFERROR(IF(D19="","",C19&"_"& IF($D19=외피index!$B$3, 외피index!$C$3&"_"&COUNTIFS(D$2:$D19,외피index!$B$3,C$2:$C19,C19), IF($D19=외피index!$B$4, 외피index!$C$4&"_"&COUNTIFS(D$2:$D19,외피index!$B$4,C$2:$C19,C19), IF($D19=외피index!$B$5, 외피index!$C$5&"_"&COUNTIFS(D$2:$D19,외피index!$B$5,C$2:$C19,C19), IF($D19=외피index!$B$6, 외피index!$C$6&"_"&COUNTIFS(D$2:$D19,외피index!$B$6,C$2:$C19,C19), IF($D19=외피index!$B$7, 외피index!$C$7&"_"&COUNTIFS(D$2:$D19,외피index!$B$7,C$2:$C19,C19), IF($D19=외피index!$B$8, 외피index!$C$8&"_"&COUNTIFS(D$2:$D19,외피index!$B$8,C$2:$C19,C19), IF($D19=외피index!$B$9, 외피index!$C$9&"_"&COUNTIFS(D$2:$D19,외피index!$B$9,C$2:$C19,C19), IF($D19=외피index!$B$10, 외피index!$C$10&"_"&COUNTIFS(D$2:$D19,외피index!$B$10,C$2:$C19,C19), 0))))))))),"") -> 3F_Zone014_RF_1 | B19: 3F | C19: 3F_Zone014 | D19: 지붕 | F19: 28.080031 | H19: 수평 | I19: 0
A20: =IFERROR(IF(D20="","",C20&"_"& IF($D20=외피index!$B$3, 외피index!$C$3&"_"&COUNTIFS(D$2:$D20,외피index!$B$3,C$2:$C20,C20), IF($D20=외피index!$B$4, 외피index!$C$4&"_"&COUNTIFS(D$2:$D20,외피index!$B$4,C$2:$C20,C20), IF($D20=외피index!$B$5, 외피index!$C$5&"_"&COUNTIFS(D$2:$D20,외피index!$B$5,C$2:$C20,C20), IF($D20=외피index!$B$6, 외피index!$C$6&"_"&COUNTIFS(D$2:$D20,외피index!$B$6,C$2:$C20,C20), IF($D20=외피index!$B$7, 외피index!$C$7&"_"&COUNTIFS(D$2:$D20,외피index!$B$7,C$2:$C20,C20), IF($D20=외피index!$B$8, 외피index!$C$8&"_"&COUNTIFS(D$2:$D20,외피index!$B$8,C$2:$C20,C20), IF($D20=외피index!$B$9, 외피index!$C$9&"_"&COUNTIFS(D$2:$D20,외피index!$B$9,C$2:$C20,C20), IF($D20=외피index!$B$10, 외피index!$C$10&"_"&COUNTIFS(D$2:$D20,외피index!$B$10,C$2:$C20,C20), 0))))))))),"") -> 3F_Zone016_SL_1 | B20: 3F | C20: 3F_Zone016 | D20: 층간바닥 | F20: 15.449966 | G20: 4F_Zone021 | H20: 수평 | I20: 180
A21: =IFERROR(IF(D21="","",C21&"_"& IF($D21=외피index!$B$3, 외피index!$C$3&"_"&COUNTIFS(D$2:$D21,외피index!$B$3,C$2:$C21,C21), IF($D21=외피index!$B$4, 외피index!$C$4&"_"&COUNTIFS(D$2:$D21,외피index!$B$4,C$2:$C21,C21), IF($D21=외피index!$B$5, 외피index!$C$5&"_"&COUNTIFS(D$2:$D21,외피index!$B$5,C$2:$C21,C21), IF($D21=외피index!$B$6, 외피index!$C$6&"_"&COUNTIFS(D$2:$D21,외피index!$B$6,C$2:$C21,C21), IF($D21=외피index!$B$7, 외피index!$C$7&"_"&COUNTIFS(D$2:$D21,외피index!$B$7,C$2:$C21,C21), IF($D21=외피index!$B$8, 외피index!$C$8&"_"&COUNTIFS(D$2:$D21,외피index!$B$8,C$2:$C21,C21), IF($D21=외피index!$B$9, 외피index!$C$9&"_"&COUNTIFS(D$2:$D21,외피index!$B$9,C$2:$C21,C21), IF($D21=외피index!$B$10, 외피index!$C$10&"_"&COUNTIFS(D$2:$D21,외피index!$B$10,C$2:$C21,C21), 0))))))))),"") -> 3F_Zone017_RF_1 | B21: 3F | C21: 3F_Zone017 | D21: 지붕 | F21: 8.6799365 | H21: 수평 | I21: 0
A22: =IFERROR(IF(D22="","",C22&"_"& IF($D22=외피index!$B$3, 외피index!$C$3&"_"&COUNTIFS(D$2:$D22,외피index!$B$3,C$2:$C22,C22), IF($D22=외피index!$B$4, 외피index!$C$4&"_"&COUNTIFS(D$2:$D22,외피index!$B$4,C$2:$C22,C22), IF($D22=외피index!$B$5, 외피index!$C$5&"_"&COUNTIFS(D$2:$D22,외피index!$B$5,C$2:$C22,C22), IF($D22=외피index!$B$6, 외피index!$C$6&"_"&COUNTIFS(D$2:$D22,외피index!$B$6,C$2:$C22,C22), IF($D22=외피index!$B$7, 외피index!$C$7&"_"&COUNTIFS(D$2:$D22,외피index!$B$7,C$2:$C22,C22), IF($D22=외피index!$B$8, 외피index!$C$8&"_"&COUNTIFS(D$2:$D22,외피index!$B$8,C$2:$C22,C22), IF($D22=외피index!$B$9, 외피index!$C$9&"_"&COUNTIFS(D$2:$D22,외피index!$B$9,C$2:$C22,C22), IF($D22=외피index!$B$10, 외피index!$C$10&"_"&COUNTIFS(D$2:$D22,외피index!$B$10,C$2:$C22,C22), 0))))))))),"") -> 3F_Zone019_RF_1 | B22: 3F | C22: 3F_Zone019 | D22: 지붕 | F22: 8.4539935 | H22: 수평 | I22: 0
A23: =IFERROR(IF(D23="","",C23&"_"& IF($D23=외피index!$B$3, 외피index!$C$3&"_"&COUNTIFS(D$2:$D23,외피index!$B$3,C$2:$C23,C23), IF($D23=외피index!$B$4, 외피index!$C$4&"_"&COUNTIFS(D$2:$D23,외피index!$B$4,C$2:$C23,C23), IF($D23=외피index!$B$5, 외피index!$C$5&"_"&COUNTIFS(D$2:$D23,외피index!$B$5,C$2:$C23,C23), IF($D23=외피index!$B$6, 외피index!$C$6&"_"&COUNTIFS(D$2:$D23,외피index!$B$6,C$2:$C23,C23), IF($D23=외피index!$B$7, 외피index!$C$7&"_"&COUNTIFS(D$2:$D23,외피index!$B$7,C$2:$C23,C23), IF($D23=외피index!$B$8, 외피index!$C$8&"_"&COUNTIFS(D$2:$D23,외피index!$B$8,C$2:$C23,C23), IF($D23=외피index!$B$9, 외피index!$C$9&"_"&COUNTIFS(D$2:$D23,외피index!$B$9,C$2:$C23,C23), IF($D23=외피index!$B$10, 외피index!$C$10&"_"&COUNTIFS(D$2:$D23,외피index!$B$10,C$2:$C23,C23), 0))))))))),"") -> 3F_Zone020_RF_1 | B23: 3F | C23: 3F_Zone020 | D23: 지붕 | F23: 6.1559902 | H23: 수평 | I23: 0
A24: =IFERROR(IF(D24="","",C24&"_"& IF($D24=외피index!$B$3, 외피index!$C$3&"_"&COUNTIFS(D$2:$D24,외피index!$B$3,C$2:$C24,C24), IF($D24=외피index!$B$4, 외피index!$C$4&"_"&COUNTIFS(D$2:$D24,외피index!$B$4,C$2:$C24,C24), IF($D24=외피index!$B$5, 외피index!$C$5&"_"&COUNTIFS(D$2:$D24,외피index!$B$5,C$2:$C24,C24), IF($D24=외피index!$B$6, 외피index!$C$6&"_"&COUNTIFS(D$2:$D24,외피index!$B$6,C$2:$C24,C24), IF($D24=외피index!$B$7, 외피index!$C$7&"_"&COUNTIFS(D$2:$D24,외피index!$B$7,C$2:$C24,C24), IF($D24=외피index!$B$8, 외피index!$C$8&"_"&COUNTIFS(D$2:$D24,외피index!$B$8,C$2:$C24,C24), IF($D24=외피index!$B$9, 외피index!$C$9&"_"&COUNTIFS(D$2:$D24,외피index!$B$9,C$2:$C24,C24), IF($D24=외피index!$B$10, 외피index!$C$10&"_"&COUNTIFS(D$2:$D24,외피index!$B$10,C$2:$C24,C24), 0))))))))),"") -> 3F_Zone016_RF_1 | B24: 3F | C24: 3F_Zone016 | D24: 지붕 | F24: 5.8799915 | H24: 수평 | I24: 0
A25: =IFERROR(IF(D25="","",C25&"_"& IF($D25=외피index!$B$3, 외피index!$C$3&"_"&COUNTIFS(D$2:$D25,외피index!$B$3,C$2:$C25,C25), IF($D25=외피index!$B$4, 외피index!$C$4&"_"&COUNTIFS(D$2:$D25,외피index!$B$4,C$2:$C25,C25), IF($D25=외피index!$B$5, 외피index!$C$5&"_"&COUNTIFS(D$2:$D25,외피index!$B$5,C$2:$C25,C25), IF($D25=외피index!$B$6, 외피index!$C$6&"_"&COUNTIFS(D$2:$D25,외피index!$B$6,C$2:$C25,C25), IF($D25=외피index!$B$7, 외피index!$C$7&"_"&COUNTIFS(D$2:$D25,외피index!$B$7,C$2:$C25,C25), IF($D25=외피index!$B$8, 외피index!$C$8&"_"&COUNTIFS(D$2:$D25,외피index!$B$8,C$2:$C25,C25), IF($D25=외피index!$B$9, 외피index!$C$9&"_"&COUNTIFS(D$2:$D25,외피index!$B$9,C$2:$C25,C25), IF($D25=외피index!$B$10, 외피index!$C$10&"_"&COUNTIFS(D$2:$D25,외피index!$B$10,C$2:$C25,C25), 0))))))))),"") -> 3F_Zone018_RF_1 | B25: 3F | C25: 3F_Zone018 | D25: 지붕 | F25: 2.4299876 | H25: 수평 | I25: 0
A26: =IFERROR(IF(D26="","",C26&"_"& IF($D26=외피index!$B$3, 외피index!$C$3&"_"&COUNTIFS(D$2:$D26,외피index!$B$3,C$2:$C26,C26), IF($D26=외피index!$B$4, 외피index!$C$4&"_"&COUNTIFS(D$2:$D26,외피index!$B$4,C$2:$C26,C26), IF($D26=외피index!$B$5, 외피index!$C$5&"_"&COUNTIFS(D$2:$D26,외피index!$B$5,C$2:$C26,C26), IF($D26=외피index!$B$6, 외피index!$C$6&"_"&COUNTIFS(D$2:$D26,외피index!$B$6,C$2:$C26,C26), IF($D26=외피index!$B$7, 외피index!$C$7&"_"&COUNTIFS(D$2:$D26,외피index!$B$7,C$2:$C26,C26), IF($D26=외피index!$B$8, 외피index!$C$8&"_"&COUNTIFS(D$2:$D26,외피index!$B$8,C$2:$C26,C26), IF($D26=외피index!$B$9, 외피index!$C$9&"_"&COUNTIFS(D$2:$D26,외피index!$B$9,C$2:$C26,C26), IF($D26=외피index!$B$10, 외피index!$C$10&"_"&COUNTIFS(D$2:$D26,외피index!$B$10,C$2:$C26,C26), 0))))))))),"") -> 3F_Zone018_SL_1 | B26: 3F | C26: 3F_Zone018 | D26: 층간바닥 | F26: 1.3499908 | G26: 4F_Zone021 | H26: 수평 | I26: 180
A27: =IFERROR(IF(D27="","",C27&"_"& IF($D27=외피index!$B$3, 외피index!$C$3&"_"&COUNTIFS(D$2:$D27,외피index!$B$3,C$2:$C27,C27), IF($D27=외피index!$B$4, 외피index!$C$4&"_"&COUNTIFS(D$2:$D27,외피index!$B$4,C$2:$C27,C27), IF($D27=외피index!$B$5, 외피index!$C$5&"_"&COUNTIFS(D$2:$D27,외피index!$B$5,C$2:$C27,C27), IF($D27=외피index!$B$6, 외피index!$C$6&"_"&COUNTIFS(D$2:$D27,외피index!$B$6,C$2:$C27,C27), IF($D27=외피index!$B$7, 외피index!$C$7&"_"&COUNTIFS(D$2:$D27,외피index!$B$7,C$2:$C27,C27), IF($D27=외피index!$B$8, 외피index!$C$8&"_"&COUNTIFS(D$2:$D27,외피index!$B$8,C$2:$C27,C27), IF($D27=외피index!$B$9, 외피index!$C$9&"_"&COUNTIFS(D$2:$D27,외피index!$B$9,C$2:$C27,C27), IF($D27=외피index!$B$10, 외피index!$C$10&"_"&COUNTIFS(D$2:$D27,외피index!$B$10,C$2:$C27,C27), 0))))))))),"") -> 1F_Zone002_SL_1 | B27: 1F | C27: 1F_Zone002 | D27: 층간바닥 | F27: 42.639959 | G27: 2F_Zone006 | H27: 수평 | I27: 0
A28: =IFERROR(IF(D28="","",C28&"_"& IF($D28=외피index!$B$3, 외피index!$C$3&"_"&COUNTIFS(D$2:$D28,외피index!$B$3,C$2:$C28,C28), IF($D28=외피index!$B$4, 외피index!$C$4&"_"&COUNTIFS(D$2:$D28,외피index!$B$4,C$2:$C28,C28), IF($D28=외피index!$B$5, 외피index!$C$5&"_"&COUNTIFS(D$2:$D28,외피index!$B$5,C$2:$C28,C28), IF($D28=외피index!$B$6, 외피index!$C$6&"_"&COUNTIFS(D$2:$D28,외피index!$B$6,C$2:$C28,C28), IF($D28=외피index!$B$7, 외피index!$C$7&"_"&COUNTIFS(D$2:$D28,외피index!$B$7,C$2:$C28,C28), IF($D28=외피index!$B$8, 외피index!$C$8&"_"&COUNTIFS(D$2:$D28,외피index!$B$8,C$2:$C28,C28), IF($D28=외피index!$B$9, 외피index!$C$9&"_"&COUNTIFS(D$2:$D28,외피index!$B$9,C$2:$C28,C28), IF($D28=외피index!$B$10, 외피index!$C$10&"_"&COUNTIFS(D$2:$D28,외피index!$B$10,C$2:$C28,C28), 0))))))))),"") -> 1F_Zone003_SL_1 | B28: 1F | C28: 1F_Zone003 | D28: 층간바닥 | F28: 16.799957 | G28: 2F_Zone008 | H28: 수평 | I28: 180
A29: =IFERROR(IF(D29="","",C29&"_"& IF($D29=외피index!$B$3, 외피index!$C$3&"_"&COUNTIFS(D$2:$D29,외피index!$B$3,C$2:$C29,C29), IF($D29=외피index!$B$4, 외피index!$C$4&"_"&COUNTIFS(D$2:$D29,외피index!$B$4,C$2:$C29,C29), IF($D29=외피index!$B$5, 외피index!$C$5&"_"&COUNTIFS(D$2:$D29,외피index!$B$5,C$2:$C29,C29), IF($D29=외피index!$B$6, 외피index!$C$6&"_"&COUNTIFS(D$2:$D29,외피index!$B$6,C$2:$C29,C29), IF($D29=외피index!$B$7, 외피index!$C$7&"_"&COUNTIFS(D$2:$D29,외피index!$B$7,C$2:$C29,C29), IF($D29=외피index!$B$8, 외피index!$C$8&"_"&COUNTIFS(D$2:$D29,외피index!$B$8,C$2:$C29,C29), IF($D29=외피index!$B$9, 외피index!$C$9&"_"&COUNTIFS(D$2:$D29,외피index!$B$9,C$2:$C29,C29), IF($D29=외피index!$B$10, 외피index!$C$10&"_"&COUNTIFS(D$2:$D29,외피index!$B$10,C$2:$C29,C29), 0))))))))),"") -> 1F_Zone004_SL_1 | B29: 1F | C29: 1F_Zone004 | D29: 층간바닥 | F29: 10.920057 | G29: 2F_Zone011 | H29: 수평 | I29: 180
A30: =IFERROR(IF(D30="","",C30&"_"& IF($D30=외피index!$B$3, 외피index!$C$3&"_"&COUNTIFS(D$2:$D30,외피index!$B$3,C$2:$C30,C30), IF($D30=외피index!$B$4, 외피index!$C$4&"_"&COUNTIFS(D$2:$D30,외피index!$B$4,C$2:$C30,C30), IF($D30=외피index!$B$5, 외피index!$C$5&"_"&COUNTIFS(D$2:$D30,외피index!$B$5,C$2:$C30,C30), IF($D30=외피index!$B$6, 외피index!$C$6&"_"&COUNTIFS(D$2:$D30,외피index!$B$6,C$2:$C30,C30), IF($D30=외피index!$B$7, 외피index!$C$7&"_"&COUNTIFS(D$2:$D30,외피index!$B$7,C$2:$C30,C30), IF($D30=외피index!$B$8, 외피index!$C$8&"_"&COUNTIFS(D$2:$D30,외피index!$B$8,C$2:$C30,C30), IF($D30=외피index!$B$9, 외피index!$C$9&"_"&COUNTIFS(D$2:$D30,외피index!$B$9,C$2:$C30,C30), IF($D30=외피index!$B$10, 외피index!$C$10&"_"&COUNTIFS(D$2:$D30,외피index!$B$10,C$2:$C30,C30), 0))))))))),"") -> 1F_Zone003_SL_2 | B30: 1F | C30: 1F_Zone003 | D30: 층간바닥 | F30: 7.2799854 | G30: 2F_Zone011 | H30: 수평 | I30: 180
A31: =IFERROR(IF(D31="","",C31&"_"& IF($D31=외피index!$B$3, 외피index!$C$3&"_"&COUNTIFS(D$2:$D31,외피index!$B$3,C$2:$C31,C31), IF($D31=외피index!$B$4, 외피index!$C$4&"_"&COUNTIFS(D$2:$D31,외피index!$B$4,C$2:$C31,C31), IF($D31=외피index!$B$5, 외피index!$C$5&"_"&COUNTIFS(D$2:$D31,외피index!$B$5,C$2:$C31,C31), IF($D31=외피index!$B$6, 외피index!$C$6&"_"&COUNTIFS(D$2:$D31,외피index!$B$6,C$2:$C31,C31), IF($D31=외피index!$B$7, 외피index!$C$7&"_"&COUNTIFS(D$2:$D31,외피index!$B$7,C$2:$C31,C31), IF($D31=외피index!$B$8, 외피index!$C$8&"_"&COUNTIFS(D$2:$D31,외피index!$B$8,C$2:$C31,C31), IF($D31=외피index!$B$9, 외피index!$C$9&"_"&COUNTIFS(D$2:$D31,외피index!$B$9,C$2:$C31,C31), IF($D31=외피index!$B$10, 외피index!$C$10&"_"&COUNTIFS(D$2:$D31,외피index!$B$10,C$2:$C31,C31), 0))))))))),"") -> 4F_Zone021_RF_1 | B31: 4F | C31: 4F_Zone021 | D31: 지붕 | F31: 16.799957 | H31: 수평 | I31: 0
A32: =IFERROR(IF(D32="","",C32&"_"& IF($D32=외피index!$B$3, 외피index!$C$3&"_"&COUNTIFS(D$2:$D32,외피index!$B$3,C$2:$C32,C32), IF($D32=외피index!$B$4, 외피index!$C$4&"_"&COUNTIFS(D$2:$D32,외피index!$B$4,C$2:$C32,C32), IF($D32=외피index!$B$5, 외피index!$C$5&"_"&COUNTIFS(D$2:$D32,외피index!$B$5,C$2:$C32,C32), IF($D32=외피index!$B$6, 외피index!$C$6&"_"&COUNTIFS(D$2:$D32,외피index!$B$6,C$2:$C32,C32), IF($D32=외피index!$B$7, 외피index!$C$7&"_"&COUNTIFS(D$2:$D32,외피index!$B$7,C$2:$C32,C32), IF($D32=외피index!$B$8, 외피index!$C$8&"_"&COUNTIFS(D$2:$D32,외피index!$B$8,C$2:$C32,C32), IF($D32=외피index!$B$9, 외피index!$C$9&"_"&COUNTIFS(D$2:$D32,외피index!$B$9,C$2:$C32,C32), IF($D32=외피index!$B$10, 외피index!$C$10&"_"&COUNTIFS(D$2:$D32,외피index!$B$10,C$2:$C32,C32), 0))))))))),"") -> 1F_Zone005_RF_1 | B32: 1F | C32: 1F_Zone005 | D32: 지붕 | F32: 3.7170383 | H32: 수평 | I32: 0
A33: =IFERROR(IF(D33="","",C33&"_"& IF($D33=외피index!$B$3, 외피index!$C$3&"_"&COUNTIFS(D$2:$D33,외피index!$B$3,C$2:$C33,C33), IF($D33=외피index!$B$4, 외피index!$C$4&"_"&COUNTIFS(D$2:$D33,외피index!$B$4,C$2:$C33,C33), IF($D33=외피index!$B$5, 외피index!$C$5&"_"&COUNTIFS(D$2:$D33,외피index!$B$5,C$2:$C33,C33), IF($D33=외피index!$B$6, 외피index!$C$6&"_"&COUNTIFS(D$2:$D33,외피index!$B$6,C$2:$C33,C33), IF($D33=외피index!$B$7, 외피index!$C$7&"_"&COUNTIFS(D$2:$D33,외피index!$B$7,C$2:$C33,C33), IF($D33=외피index!$B$8, 외피index!$C$8&"_"&COUNTIFS(D$2:$D33,외피index!$B$8,C$2:$C33,C33), IF($D33=외피index!$B$9, 외피index!$C$9&"_"&COUNTIFS(D$2:$D33,외피index!$B$9,C$2:$C33,C33), IF($D33=외피index!$B$10, 외피index!$C$10&"_"&COUNTIFS(D$2:$D33,외피index!$B$10,C$2:$C33,C33), 0))))))))),"") -> 3F_Zone014_SL_1 | B33: 3F | C33: 3F_Zone014 | D33: 층간바닥 | F33: 28.080031 | G33: 2F_Zone006 | H33: 수평 | I33: 180
A34: =IFERROR(IF(D34="","",C34&"_"& IF($D34=외피index!$B$3, 외피index!$C$3&"_"&COUNTIFS(D$2:$D34,외피index!$B$3,C$2:$C34,C34), IF($D34=외피index!$B$4, 외피index!$C$4&"_"&COUNTIFS(D$2:$D34,외피index!$B$4,C$2:$C34,C34), IF($D34=외피index!$B$5, 외피index!$C$5&"_"&COUNTIFS(D$2:$D34,외피index!$B$5,C$2:$C34,C34), IF($D34=외피index!$B$6, 외피index!$C$6&"_"&COUNTIFS(D$2:$D34,외피index!$B$6,C$2:$C34,C34), IF($D34=외피index!$B$7, 외피index!$C$7&"_"&COUNTIFS(D$2:$D34,외피index!$B$7,C$2:$C34,C34), IF($D34=외피index!$B$8, 외피index!$C$8&"_"&COUNTIFS(D$2:$D34,외피index!$B$8,C$2:$C34,C34), IF($D34=외피index!$B$9, 외피index!$C$9&"_"&COUNTIFS(D$2:$D34,외피index!$B$9,C$2:$C34,C34), IF($D34=외피index!$B$10, 외피index!$C$10&"_"&COUNTIFS(D$2:$D34,외피index!$B$10,C$2:$C34,C34), 0))))))))),"") -> 3F_Zone015_SL_1 | B34: 3F | C34: 3F_Zone015 | D34: 층간바닥 | F34: 22.879955 | G34: 2F_Zone007 | H34: 수평 | I34: 180
A35: =IFERROR(IF(D35="","",C35&"_"& IF($D35=외피index!$B$3, 외피index!$C$3&"_"&COUNTIFS(D$2:$D35,외피index!$B$3,C$2:$C35,C35), IF($D35=외피index!$B$4, 외피index!$C$4&"_"&COUNTIFS(D$2:$D35,외피index!$B$4,C$2:$C35,C35), IF($D35=외피index!$B$5, 외피index!$C$5&"_"&COUNTIFS(D$2:$D35,외피index!$B$5,C$2:$C35,C35), IF($D35=외피index!$B$6, 외피index!$C$6&"_"&COUNTIFS(D$2:$D35,외피index!$B$6,C$2:$C35,C35), IF($D35=외피index!$B$7, 외피index!$C$7&"_"&COUNTIFS(D$2:$D35,외피index!$B$7,C$2:$C35,C35), IF($D35=외피index!$B$8, 외피index!$C$8&"_"&COUNTIFS(D$2:$D35,외피index!$B$8,C$2:$C35,C35), IF($D35=외피index!$B$9, 외피index!$C$9&"_"&COUNTIFS(D$2:$D35,외피index!$B$9,C$2:$C35,C35), IF($D35=외피index!$B$10, 외피index!$C$10&"_"&COUNTIFS(D$2:$D35,외피index!$B$10,C$2:$C35,C35), 0))))))))),"") -> 3F_Zone016_SL_2 | B35: 3F | C35: 3F_Zone016 | D35: 층간바닥 | F35: 15.449966 | G35: 2F_Zone008 | H35: 수평 | I35: 0
A36: =IFERROR(IF(D36="","",C36&"_"& IF($D36=외피index!$B$3, 외피index!$C$3&"_"&COUNTIFS(D$2:$D36,외피index!$B$3,C$2:$C36,C36), IF($D36=외피index!$B$4, 외피index!$C$4&"_"&COUNTIFS(D$2:$D36,외피index!$B$4,C$2:$C36,C36), IF($D36=외피index!$B$5, 외피index!$C$5&"_"&COUNTIFS(D$2:$D36,외피index!$B$5,C$2:$C36,C36), IF($D36=외피index!$B$6, 외피index!$C$6&"_"&COUNTIFS(D$2:$D36,외피index!$B$6,C$2:$C36,C36), IF($D36=외피index!$B$7, 외피index!$C$7&"_"&COUNTIFS(D$2:$D36,외피index!$B$7,C$2:$C36,C36), IF($D36=외피index!$B$8, 외피index!$C$8&"_"&COUNTIFS(D$2:$D36,외피index!$B$8,C$2:$C36,C36), IF($D36=외피index!$B$9, 외피index!$C$9&"_"&COUNTIFS(D$2:$D36,외피index!$B$9,C$2:$C36,C36), IF($D36=외피index!$B$10, 외피index!$C$10&"_"&COUNTIFS(D$2:$D36,외피index!$B$10,C$2:$C36,C36), 0))))))))),"") -> 3F_Zone015_SL_2 | B36: 3F | C36: 3F_Zone015 | D36: 층간바닥 | F36: 14.040055 | G36: 2F_Zone009 | H36: 수평 | I36: 180
A37: =IFERROR(IF(D37="","",C37&"_"& IF($D37=외피index!$B$3, 외피index!$C$3&"_"&COUNTIFS(D$2:$D37,외피index!$B$3,C$2:$C37,C37), IF($D37=외피index!$B$4, 외피index!$C$4&"_"&COUNTIFS(D$2:$D37,외피index!$B$4,C$2:$C37,C37), IF($D37=외피index!$B$5, 외피index!$C$5&"_"&COUNTIFS(D$2:$D37,외피index!$B$5,C$2:$C37,C37), IF($D37=외피index!$B$6, 외피index!$C$6&"_"&COUNTIFS(D$2:$D37,외피index!$B$6,C$2:$C37,C37), IF($D37=외피index!$B$7, 외피index!$C$7&"_"&COUNTIFS(D$2:$D37,외피index!$B$7,C$2:$C37,C37), IF($D37=외피index!$B$8, 외피index!$C$8&"_"&COUNTIFS(D$2:$D37,외피index!$B$8,C$2:$C37,C37), IF($D37=외피index!$B$9, 외피index!$C$9&"_"&COUNTIFS(D$2:$D37,외피index!$B$9,C$2:$C37,C37), IF($D37=외피index!$B$10, 외피index!$C$10&"_"&COUNTIFS(D$2:$D37,외피index!$B$10,C$2:$C37,C37), 0))))))))),"") -> 3F_Zone017_SL_1 | B37: 3F | C37: 3F_Zone017 | D37: 층간바닥 | F37: 8.6799365 | G37: 2F_Zone006 | H37: 수평 | I37: 180
A38: =IFERROR(IF(D38="","",C38&"_"& IF($D38=외피index!$B$3, 외피index!$C$3&"_"&COUNTIFS(D$2:$D38,외피index!$B$3,C$2:$C38,C38), IF($D38=외피index!$B$4, 외피index!$C$4&"_"&COUNTIFS(D$2:$D38,외피index!$B$4,C$2:$C38,C38), IF($D38=외피index!$B$5, 외피index!$C$5&"_"&COUNTIFS(D$2:$D38,외피index!$B$5,C$2:$C38,C38), IF($D38=외피index!$B$6, 외피index!$C$6&"_"&COUNTIFS(D$2:$D38,외피index!$B$6,C$2:$C38,C38), IF($D38=외피index!$B$7, 외피index!$C$7&"_"&COUNTIFS(D$2:$D38,외피index!$B$7,C$2:$C38,C38), IF($D38=외피index!$B$8, 외피index!$C$8&"_"&COUNTIFS(D$2:$D38,외피index!$B$8,C$2:$C38,C38), IF($D38=외피index!$B$9, 외피index!$C$9&"_"&COUNTIFS(D$2:$D38,외피index!$B$9,C$2:$C38,C38), IF($D38=외피index!$B$10, 외피index!$C$10&"_"&COUNTIFS(D$2:$D38,외피index!$B$10,C$2:$C38,C38), 0))))))))),"") -> 3F_Zone016_SL_3 | B38: 3F | C38: 3F_Zone016 | D38: 층간바닥 | F38: 5.8799915 | G38: 2F_Zone006 | H38: 수평 | I38: 0
A39: =IFERROR(IF(D39="","",C39&"_"& IF($D39=외피index!$B$3, 외피index!$C$3&"_"&COUNTIFS(D$2:$D39,외피index!$B$3,C$2:$C39,C39), IF($D39=외피index!$B$4, 외피index!$C$4&"_"&COUNTIFS(D$2:$D39,외피index!$B$4,C$2:$C39,C39), IF($D39=외피index!$B$5, 외피index!$C$5&"_"&COUNTIFS(D$2:$D39,외피index!$B$5,C$2:$C39,C39), IF($D39=외피index!$B$6, 외피index!$C$6&"_"&COUNTIFS(D$2:$D39,외피index!$B$6,C$2:$C39,C39), IF($D39=외피index!$B$7, 외피index!$C$7&"_"&COUNTIFS(D$2:$D39,외피index!$B$7,C$2:$C39,C39), IF($D39=외피index!$B$8, 외피index!$C$8&"_"&COUNTIFS(D$2:$D39,외피index!$B$8,C$2:$C39,C39), IF($D39=외피index!$B$9, 외피index!$C$9&"_"&COUNTIFS(D$2:$D39,외피index!$B$9,C$2:$C39,C39), IF($D39=외피index!$B$10, 외피index!$C$10&"_"&COUNTIFS(D$2:$D39,외피index!$B$10,C$2:$C39,C39), 0))))))))),"") -> 3F_Zone019_SL_1 | B39: 3F | C39: 3F_Zone019 | D39: 층간바닥 | F39: 5.5822345 | G39: 2F_Zone008 | H39: 수평 | I39: 0
A40: =IFERROR(IF(D40="","",C40&"_"& IF($D40=외피index!$B$3, 외피index!$C$3&"_"&COUNTIFS(D$2:$D40,외피index!$B$3,C$2:$C40,C40), IF($D40=외피index!$B$4, 외피index!$C$4&"_"&COUNTIFS(D$2:$D40,외피index!$B$4,C$2:$C40,C40), IF($D40=외피index!$B$5, 외피index!$C$5&"_"&COUNTIFS(D$2:$D40,외피index!$B$5,C$2:$C40,C40), IF($D40=외피index!$B$6, 외피index!$C$6&"_"&COUNTIFS(D$2:$D40,외피index!$B$6,C$2:$C40,C40), IF($D40=외피index!$B$7, 외피index!$C$7&"_"&COUNTIFS(D$2:$D40,외피index!$B$7,C$2:$C40,C40), IF($D40=외피index!$B$8, 외피index!$C$8&"_"&COUNTIFS(D$2:$D40,외피index!$B$8,C$2:$C40,C40), IF($D40=외피index!$B$9, 외피index!$C$9&"_"&COUNTIFS(D$2:$D40,외피index!$B$9,C$2:$C40,C40), IF($D40=외피index!$B$10, 외피index!$C$10&"_"&COUNTIFS(D$2:$D40,외피index!$B$10,C$2:$C40,C40), 0))))))))),"") -> 3F_Zone020_SL_1 | B40: 3F | C40: 3F_Zone020 | D40: 층간바닥 | F40: 4.7999878 | G40: 2F_Zone013 | H40: 수평 | I40: 180
A41: =IFERROR(IF(D41="","",C41&"_"& IF($D41=외피index!$B$3, 외피index!$C$3&"_"&COUNTIFS(D$2:$D41,외피index!$B$3,C$2:$C41,C41), IF($D41=외피index!$B$4, 외피index!$C$4&"_"&COUNTIFS(D$2:$D41,외피index!$B$4,C$2:$C41,C41), IF($D41=외피index!$B$5, 외피index!$C$5&"_"&COUNTIFS(D$2:$D41,외피index!$B$5,C$2:$C41,C41), IF($D41=외피index!$B$6, 외피index!$C$6&"_"&COUNTIFS(D$2:$D41,외피index!$B$6,C$2:$C41,C41), IF($D41=외피index!$B$7, 외피index!$C$7&"_"&COUNTIFS(D$2:$D41,외피index!$B$7,C$2:$C41,C41), IF($D41=외피index!$B$8, 외피index!$C$8&"_"&COUNTIFS(D$2:$D41,외피index!$B$8,C$2:$C41,C41), IF($D41=외피index!$B$9, 외피index!$C$9&"_"&COUNTIFS(D$2:$D41,외피index!$B$9,C$2:$C41,C41), IF($D41=외피index!$B$10, 외피index!$C$10&"_"&COUNTIFS(D$2:$D41,외피index!$B$10,C$2:$C41,C41), 0))))))))),"") -> 3F_Zone018_SL_2 | B41: 3F | C41: 3F_Zone018 | D41: 층간바닥 | F41: 1.8900087 | G41: 2F_Zone012 | H41: 수평 | I41: 0
A42: =IFERROR(IF(D42="","",C42&"_"& IF($D42=외피index!$B$3, 외피index!$C$3&"_"&COUNTIFS(D$2:$D42,외피index!$B$3,C$2:$C42,C42), IF($D42=외피index!$B$4, 외피index!$C$4&"_"&COUNTIFS(D$2:$D42,외피index!$B$4,C$2:$C42,C42), IF($D42=외피index!$B$5, 외피index!$C$5&"_"&COUNTIFS(D$2:$D42,외피index!$B$5,C$2:$C42,C42), IF($D42=외피index!$B$6, 외피index!$C$6&"_"&COUNTIFS(D$2:$D42,외피index!$B$6,C$2:$C42,C42), IF($D42=외피index!$B$7, 외피index!$C$7&"_"&COUNTIFS(D$2:$D42,외피index!$B$7,C$2:$C42,C42), IF($D42=외피index!$B$8, 외피index!$C$8&"_"&COUNTIFS(D$2:$D42,외피index!$B$8,C$2:$C42,C42), IF($D42=외피index!$B$9, 외피index!$C$9&"_"&COUNTIFS(D$2:$D42,외피index!$B$9,C$2:$C42,C42), IF($D42=외피index!$B$10, 외피index!$C$10&"_"&COUNTIFS(D$2:$D42,외피index!$B$10,C$2:$C42,C42), 0))))))))),"") -> 3F_Zone018_SL_3 | B42: 3F | C42: 3F_Zone018 | D42: 층간바닥 | F42: 1.8899698 | G42: 1F_Zone001 | H42: 수평 | I42: 0
A43: =IFERROR(IF(D43="","",C43&"_"& IF($D43=외피index!$B$3, 외피index!$C$3&"_"&COUNTIFS(D$2:$D43,외피index!$B$3,C$2:$C43,C43), IF($D43=외피index!$B$4, 외피index!$C$4&"_"&COUNTIFS(D$2:$D43,외피index!$B$4,C$2:$C43,C43), IF($D43=외피index!$B$5, 외피index!$C$5&"_"&COUNTIFS(D$2:$D43,외피index!$B$5,C$2:$C43,C43), IF($D43=외피index!$B$6, 외피index!$C$6&"_"&COUNTIFS(D$2:$D43,외피index!$B$6,C$2:$C43,C43), IF($D43=외피index!$B$7, 외피index!$C$7&"_"&COUNTIFS(D$2:$D43,외피index!$B$7,C$2:$C43,C43), IF($D43=외피index!$B$8, 외피index!$C$8&"_"&COUNTIFS(D$2:$D43,외피index!$B$8,C$2:$C43,C43), IF($D43=외피index!$B$9, 외피index!$C$9&"_"&COUNTIFS(D$2:$D43,외피index!$B$9,C$2:$C43,C43), IF($D43=외피index!$B$10, 외피index!$C$10&"_"&COUNTIFS(D$2:$D43,외피index!$B$10,C$2:$C43,C43), 0))))))))),"") -> 3F_Zone019_SL_2 | B43: 3F | C43: 3F_Zone019 | D43: 층간바닥 | F43: 1.7167492 | G43: 2F_Zone010 | H43: 수평 | I43: 0
A44: =IFERROR(IF(D44="","",C44&"_"& IF($D44=외피index!$B$3, 외피index!$C$3&"_"&COUNTIFS(D$2:$D44,외피index!$B$3,C$2:$C44,C44), IF($D44=외피index!$B$4, 외피index!$C$4&"_"&COUNTIFS(D$2:$D44,외피index!$B$4,C$2:$C44,C44), IF($D44=외피index!$B$5, 외피index!$C$5&"_"&COUNTIFS(D$2:$D44,외피index!$B$5,C$2:$C44,C44), IF($D44=외피index!$B$6, 외피index!$C$6&"_"&COUNTIFS(D$2:$D44,외피index!$B$6,C$2:$C44,C44), IF($D44=외피index!$B$7, 외피index!$C$7&"_"&COUNTIFS(D$2:$D44,외피index!$B$7,C$2:$C44,C44), IF($D44=외피index!$B$8, 외피index!$C$8&"_"&COUNTIFS(D$2:$D44,외피index!$B$8,C$2:$C44,C44), IF($D44=외피index!$B$9, 외피index!$C$9&"_"&COUNTIFS(D$2:$D44,외피index!$B$9,C$2:$C44,C44), IF($D44=외피index!$B$10, 외피index!$C$10&"_"&COUNTIFS(D$2:$D44,외피index!$B$10,C$2:$C44,C44), 0))))))))),"") -> 3F_Zone019_SL_3 | B44: 3F | C44: 3F_Zone019 | D44: 층간바닥 | F44: 1.1550098 | G44: 2F_Zone012 | H44: 수평 | I44: 0
... A49: =IFERROR(IF(D49="","",C49&"_"& IF($D49=외피index!$B$3, 외피index!$C$3&"_"&COUNTIFS(D$2:$D49,외피index!$B$3,C$2:$C49,C49), IF($D49=외피index!$B$4, 외피index!$C$4&"_"&COUNTIFS(D$2:$D49,외피index!$B$4,C$2:$C49,C49), IF($D49=외피index!$B$5, 외피index!$C$5&"_"&COUNTIFS(D$2:$D49,외피index!$B$5,C$2:$C49,C49), IF($D49=외피index!$B$6, 외피index!$C$6&"_"&COUNTIFS(D$2:$D49,외피index!$B$6,C$2:$C49,C49), IF($D49=외피index!$B$7, 외피index!$C$7&"_"&COUNTIFS(D$2:$D49,외피index!$B$7,C$2:$C49,C49), IF($D49=외피index!$B$8, 외피index!$C$8&"_"&COUNTIFS(D$2:$D49,외피index!$B$8,C$2:$C49,C49), IF($D49=외피index!$B$9, 외피index!$C$9&"_"&COUNTIFS(D$2:$D49,외피index!$B$9,C$2:$C49,C49), IF($D49=외피index!$B$10, 외피index!$C$10&"_"&COUNTIFS(D$2:$D49,외피index!$B$10,C$2:$C49,C49), 0))))))))),"") -> 2F_Zone006_SL_4 | B49: 2F | C49: 2F_Zone006 | D49: 층간바닥 | F49: 42.639959 | G49: 1F_Zone002 | H49: 수평 | I49: 0
A50: =IFERROR(IF(D50="","",C50&"_"& IF($D50=외피index!$B$3, 외피index!$C$3&"_"&COUNTIFS(D$2:$D50,외피index!$B$3,C$2:$C50,C50), IF($D50=외피index!$B$4, 외피index!$C$4&"_"&COUNTIFS(D$2:$D50,외피index!$B$4,C$2:$C50,C50), IF($D50=외피index!$B$5, 외피index!$C$5&"_"&COUNTIFS(D$2:$D50,외피index!$B$5,C$2:$C50,C50), IF($D50=외피index!$B$6, 외피index!$C$6&"_"&COUNTIFS(D$2:$D50,외피index!$B$6,C$2:$C50,C50), IF($D50=외피index!$B$7, 외피index!$C$7&"_"&COUNTIFS(D$2:$D50,외피index!$B$7,C$2:$C50,C50), IF($D50=외피index!$B$8, 외피index!$C$8&"_"&COUNTIFS(D$2:$D50,외피index!$B$8,C$2:$C50,C50), IF($D50=외피index!$B$9, 외피index!$C$9&"_"&COUNTIFS(D$2:$D50,외피index!$B$9,C$2:$C50,C50), IF($D50=외피index!$B$10, 외피index!$C$10&"_"&COUNTIFS(D$2:$D50,외피index!$B$10,C$2:$C50,C50), 0))))))))),"") -> 2F_Zone007_FR_1 | B50: 2F | C50: 2F_Zone007 | D50: 최하층바닥 | F50: 22.879955 | H50: 수평 | I50: 180
A51: =IFERROR(IF(D51="","",C51&"_"& IF($D51=외피index!$B$3, 외피index!$C$3&"_"&COUNTIFS(D$2:$D51,외피index!$B$3,C$2:$C51,C51), IF($D51=외피index!$B$4, 외피index!$C$4&"_"&COUNTIFS(D$2:$D51,외피index!$B$4,C$2:$C51,C51), IF($D51=외피index!$B$5, 외피index!$C$5&"_"&COUNTIFS(D$2:$D51,외피index!$B$5,C$2:$C51,C51), IF($D51=외피index!$B$6, 외피index!$C$6&"_"&COUNTIFS(D$2:$D51,외피index!$B$6,C$2:$C51,C51), IF($D51=외피index!$B$7, 외피index!$C$7&"_"&COUNTIFS(D$2:$D51,외피index!$B$7,C$2:$C51,C51), IF($D51=외피index!$B$8, 외피index!$C$8&"_"&COUNTIFS(D$2:$D51,외피index!$B$8,C$2:$C51,C51), IF($D51=외피index!$B$9, 외피index!$C$9&"_"&COUNTIFS(D$2:$D51,외피index!$B$9,C$2:$C51,C51), IF($D51=외피index!$B$10, 외피index!$C$10&"_"&COUNTIFS(D$2:$D51,외피index!$B$10,C$2:$C51,C51), 0))))))))),"") -> 2F_Zone008_SL_4 | B51: 2F | C51: 2F_Zone008 | D51: 층간바닥 | F51: 16.799957 | G51: 1F_Zone003 | H51: 수평 | I51: 180
A52: =IFERROR(IF(D52="","",C52&"_"& IF($D52=외피index!$B$3, 외피index!$C$3&"_"&COUNTIFS(D$2:$D52,외피index!$B$3,C$2:$C52,C52), IF($D52=외피index!$B$4, 외피index!$C$4&"_"&COUNTIFS(D$2:$D52,외피index!$B$4,C$2:$C52,C52), IF($D52=외피index!$B$5, 외피index!$C$5&"_"&COUNTIFS(D$2:$D52,외피index!$B$5,C$2:$C52,C52), IF($D52=외피index!$B$6, 외피index!$C$6&"_"&COUNTIFS(D$2:$D52,외피index!$B$6,C$2:$C52,C52), IF($D52=외피index!$B$7, 외피index!$C$7&"_"&COUNTIFS(D$2:$D52,외피index!$B$7,C$2:$C52,C52), IF($D52=외피index!$B$8, 외피index!$C$8&"_"&COUNTIFS(D$2:$D52,외피index!$B$8,C$2:$C52,C52), IF($D52=외피index!$B$9, 외피index!$C$9&"_"&COUNTIFS(D$2:$D52,외피index!$B$9,C$2:$C52,C52), IF($D52=외피index!$B$10, 외피index!$C$10&"_"&COUNTIFS(D$2:$D52,외피index!$B$10,C$2:$C52,C52), 0))))))))),"") -> 2F_Zone009_FR_1 | B52: 2F | C52: 2F_Zone009 | D52: 최하층바닥 | F52: 14.040055 | H52: 수평 | I52: 180
A53: =IFERROR(IF(D53="","",C53&"_"& IF($D53=외피index!$B$3, 외피index!$C$3&"_"&COUNTIFS(D$2:$D53,외피index!$B$3,C$2:$C53,C53), IF($D53=외피index!$B$4, 외피index!$C$4&"_"&COUNTIFS(D$2:$D53,외피index!$B$4,C$2:$C53,C53), IF($D53=외피index!$B$5, 외피index!$C$5&"_"&COUNTIFS(D$2:$D53,외피index!$B$5,C$2:$C53,C53), IF($D53=외피index!$B$6, 외피index!$C$6&"_"&COUNTIFS(D$2:$D53,외피index!$B$6,C$2:$C53,C53), IF($D53=외피index!$B$7, 외피index!$C$7&"_"&COUNTIFS(D$2:$D53,외피index!$B$7,C$2:$C53,C53), IF($D53=외피index!$B$8, 외피index!$C$8&"_"&COUNTIFS(D$2:$D53,외피index!$B$8,C$2:$C53,C53), IF($D53=외피index!$B$9, 외피index!$C$9&"_"&COUNTIFS(D$2:$D53,외피index!$B$9,C$2:$C53,C53), IF($D53=외피index!$B$10, 외피index!$C$10&"_"&COUNTIFS(D$2:$D53,외피index!$B$10,C$2:$C53,C53), 0))))))))),"") -> 2F_Zone010_FR_1 | B53: 2F | C53: 2F_Zone010 | D53: 최하층바닥 | F53: 13.230021 | H53: 수평 | I53: 180
A54: =IFERROR(IF(D54="","",C54&"_"& IF($D54=외피index!$B$3, 외피index!$C$3&"_"&COUNTIFS(D$2:$D54,외피index!$B$3,C$2:$C54,C54), IF($D54=외피index!$B$4, 외피index!$C$4&"_"&COUNTIFS(D$2:$D54,외피index!$B$4,C$2:$C54,C54), IF($D54=외피index!$B$5, 외피index!$C$5&"_"&COUNTIFS(D$2:$D54,외피index!$B$5,C$2:$C54,C54), IF($D54=외피index!$B$6, 외피index!$C$6&"_"&COUNTIFS(D$2:$D54,외피index!$B$6,C$2:$C54,C54), IF($D54=외피index!$B$7, 외피index!$C$7&"_"&COUNTIFS(D$2:$D54,외피index!$B$7,C$2:$C54,C54), IF($D54=외피index!$B$8, 외피index!$C$8&"_"&COUNTIFS(D$2:$D54,외피index!$B$8,C$2:$C54,C54), IF($D54=외피index!$B$9, 외피index!$C$9&"_"&COUNTIFS(D$2:$D54,외피index!$B$9,C$2:$C54,C54), IF($D54=외피index!$B$10, 외피index!$C$10&"_"&COUNTIFS(D$2:$D54,외피index!$B$10,C$2:$C54,C54), 0))))))))),"") -> 2F_Zone011_SL_1 | B54: 2F | C54: 2F_Zone011 | D54: 층간바닥 | F54: 10.920057 | G54: 1F_Zone004 | H54: 수평 | I54: 180
A55: =IFERROR(IF(D55="","",C55&"_"& IF($D55=외피index!$B$3, 외피index!$C$3&"_"&COUNTIFS(D$2:$D55,외피index!$B$3,C$2:$C55,C55), IF($D55=외피index!$B$4, 외피index!$C$4&"_"&COUNTIFS(D$2:$D55,외피index!$B$4,C$2:$C55,C55), IF($D55=외피index!$B$5, 외피index!$C$5&"_"&COUNTIFS(D$2:$D55,외피index!$B$5,C$2:$C55,C55), IF($D55=외피index!$B$6, 외피index!$C$6&"_"&COUNTIFS(D$2:$D55,외피index!$B$6,C$2:$C55,C55), IF($D55=외피index!$B$7, 외피index!$C$7&"_"&COUNTIFS(D$2:$D55,외피index!$B$7,C$2:$C55,C55), IF($D55=외피index!$B$8, 외피index!$C$8&"_"&COUNTIFS(D$2:$D55,외피index!$B$8,C$2:$C55,C55), IF($D55=외피index!$B$9, 외피index!$C$9&"_"&COUNTIFS(D$2:$D55,외피index!$B$9,C$2:$C55,C55), IF($D55=외피index!$B$10, 외피index!$C$10&"_"&COUNTIFS(D$2:$D55,외피index!$B$10,C$2:$C55,C55), 0))))))))),"") -> 2F_Zone012_FR_1 | B55: 2F | C55: 2F_Zone012 | D55: 최하층바닥 | F55: 10.58506 | H55: 수평 | I55: 180
A56: =IFERROR(IF(D56="","",C56&"_"& IF($D56=외피index!$B$3, 외피index!$C$3&"_"&COUNTIFS(D$2:$D56,외피index!$B$3,C$2:$C56,C56), IF($D56=외피index!$B$4, 외피index!$C$4&"_"&COUNTIFS(D$2:$D56,외피index!$B$4,C$2:$C56,C56), IF($D56=외피index!$B$5, 외피index!$C$5&"_"&COUNTIFS(D$2:$D56,외피index!$B$5,C$2:$C56,C56), IF($D56=외피index!$B$6, 외피index!$C$6&"_"&COUNTIFS(D$2:$D56,외피index!$B$6,C$2:$C56,C56), IF($D56=외피index!$B$7, 외피index!$C$7&"_"&COUNTIFS(D$2:$D56,외피index!$B$7,C$2:$C56,C56), IF($D56=외피index!$B$8, 외피index!$C$8&"_"&COUNTIFS(D$2:$D56,외피index!$B$8,C$2:$C56,C56), IF($D56=외피index!$B$9, 외피index!$C$9&"_"&COUNTIFS(D$2:$D56,외피index!$B$9,C$2:$C56,C56), IF($D56=외피index!$B$10, 외피index!$C$10&"_"&COUNTIFS(D$2:$D56,외피index!$B$10,C$2:$C56,C56), 0))))))))),"") -> 2F_Zone011_SL_2 | B56: 2F | C56: 2F_Zone011 | D56: 층간바닥 | F56: 7.2799854 | G56: 1F_Zone003 | H56: 수평 | I56: 180
A57: =IFERROR(IF(D57="","",C57&"_"& IF($D57=외피index!$B$3, 외피index!$C$3&"_"&COUNTIFS(D$2:$D57,외피index!$B$3,C$2:$C57,C57), IF($D57=외피index!$B$4, 외피index!$C$4&"_"&COUNTIFS(D$2:$D57,외피index!$B$4,C$2:$C57,C57), IF($D57=외피index!$B$5, 외피index!$C$5&"_"&COUNTIFS(D$2:$D57,외피index!$B$5,C$2:$C57,C57), IF($D57=외피index!$B$6, 외피index!$C$6&"_"&COUNTIFS(D$2:$D57,외피index!$B$6,C$2:$C57,C57), IF($D57=외피index!$B$7, 외피index!$C$7&"_"&COUNTIFS(D$2:$D57,외피index!$B$7,C$2:$C57,C57), IF($D57=외피index!$B$8, 외피index!$C$8&"_"&COUNTIFS(D$2:$D57,외피index!$B$8,C$2:$C57,C57), IF($D57=외피index!$B$9, 외피index!$C$9&"_"&COUNTIFS(D$2:$D57,외피index!$B$9,C$2:$C57,C57), IF($D57=외피index!$B$10, 외피index!$C$10&"_"&COUNTIFS(D$2:$D57,외피index!$B$10,C$2:$C57,C57), 0))))))))),"") -> 2F_Zone008_FR_1 | B57: 2F | C57: 2F_Zone008 | D57: 최하층바닥 | F57: 6.8849615 | H57: 수평 | I57: 180
A58: =IFERROR(IF(D58="","",C58&"_"& IF($D58=외피index!$B$3, 외피index!$C$3&"_"&COUNTIFS(D$2:$D58,외피index!$B$3,C$2:$C58,C58), IF($D58=외피index!$B$4, 외피index!$C$4&"_"&COUNTIFS(D$2:$D58,외피index!$B$4,C$2:$C58,C58), IF($D58=외피index!$B$5, 외피index!$C$5&"_"&COUNTIFS(D$2:$D58,외피index!$B$5,C$2:$C58,C58), IF($D58=외피index!$B$6, 외피index!$C$6&"_"&COUNTIFS(D$2:$D58,외피index!$B$6,C$2:$C58,C58), IF($D58=외피index!$B$7, 외피index!$C$7&"_"&COUNTIFS(D$2:$D58,외피index!$B$7,C$2:$C58,C58), IF($D58=외피index!$B$8, 외피index!$C$8&"_"&COUNTIFS(D$2:$D58,외피index!$B$8,C$2:$C58,C58), IF($D58=외피index!$B$9, 외피index!$C$9&"_"&COUNTIFS(D$2:$D58,외피index!$B$9,C$2:$C58,C58), IF($D58=외피index!$B$10, 외피index!$C$10&"_"&COUNTIFS(D$2:$D58,외피index!$B$10,C$2:$C58,C58), 0))))))))),"") -> 2F_Zone013_FR_1 | B58: 2F | C58: 2F_Zone013 | D58: 최하층바닥 | F58: 4.7999878 | H58: 수평 | I58: 180
A59: =IFERROR(IF(D59="","",C59&"_"& IF($D59=외피index!$B$3, 외피index!$C$3&"_"&COUNTIFS(D$2:$D59,외피index!$B$3,C$2:$C59,C59), IF($D59=외피index!$B$4, 외피index!$C$4&"_"&COUNTIFS(D$2:$D59,외피index!$B$4,C$2:$C59,C59), IF($D59=외피index!$B$5, 외피index!$C$5&"_"&COUNTIFS(D$2:$D59,외피index!$B$5,C$2:$C59,C59), IF($D59=외피index!$B$6, 외피index!$C$6&"_"&COUNTIFS(D$2:$D59,외피index!$B$6,C$2:$C59,C59), IF($D59=외피index!$B$7, 외피index!$C$7&"_"&COUNTIFS(D$2:$D59,외피index!$B$7,C$2:$C59,C59), IF($D59=외피index!$B$8, 외피index!$C$8&"_"&COUNTIFS(D$2:$D59,외피index!$B$8,C$2:$C59,C59), IF($D59=외피index!$B$9, 외피index!$C$9&"_"&COUNTIFS(D$2:$D59,외피index!$B$9,C$2:$C59,C59), IF($D59=외피index!$B$10, 외피index!$C$10&"_"&COUNTIFS(D$2:$D59,외피index!$B$10,C$2:$C59,C59), 0))))))))),"") -> 1F_Zone002_FR_1 | B59: 1F | C59: 1F_Zone002 | D59: 최하층바닥 | F59: 42.639959 | H59: 수평 | I59: 180
A60: =IFERROR(IF(D60="","",C60&"_"& IF($D60=외피index!$B$3, 외피index!$C$3&"_"&COUNTIFS(D$2:$D60,외피index!$B$3,C$2:$C60,C60), IF($D60=외피index!$B$4, 외피index!$C$4&"_"&COUNTIFS(D$2:$D60,외피index!$B$4,C$2:$C60,C60), IF($D60=외피index!$B$5, 외피index!$C$5&"_"&COUNTIFS(D$2:$D60,외피index!$B$5,C$2:$C60,C60), IF($D60=외피index!$B$6, 외피index!$C$6&"_"&COUNTIFS(D$2:$D60,외피index!$B$6,C$2:$C60,C60), IF($D60=외피index!$B$7, 외피index!$C$7&"_"&COUNTIFS(D$2:$D60,외피index!$B$7,C$2:$C60,C60), IF($D60=외피index!$B$8, 외피index!$C$8&"_"&COUNTIFS(D$2:$D60,외피index!$B$8,C$2:$C60,C60), IF($D60=외피index!$B$9, 외피index!$C$9&"_"&COUNTIFS(D$2:$D60,외피index!$B$9,C$2:$C60,C60), IF($D60=외피index!$B$10, 외피index!$C$10&"_"&COUNTIFS(D$2:$D60,외피index!$B$10,C$2:$C60,C60), 0))))))))),"") -> 1F_Zone003_FR_1 | B60: 1F | C60: 1F_Zone003 | D60: 최하층바닥 | F60: 24.079943 | H60: 수평 | I60: 180
A61: =IFERROR(IF(D61="","",C61&"_"& IF($D61=외피index!$B$3, 외피index!$C$3&"_"&COUNTIFS(D$2:$D61,외피index!$B$3,C$2:$C61,C61), IF($D61=외피index!$B$4, 외피index!$C$4&"_"&COUNTIFS(D$2:$D61,외피index!$B$4,C$2:$C61,C61), IF($D61=외피index!$B$5, 외피index!$C$5&"_"&COUNTIFS(D$2:$D61,외피index!$B$5,C$2:$C61,C61), IF($D61=외피index!$B$6, 외피index!$C$6&"_"&COUNTIFS(D$2:$D61,외피index!$B$6,C$2:$C61,C61), IF($D61=외피index!$B$7, 외피index!$C$7&"_"&COUNTIFS(D$2:$D61,외피index!$B$7,C$2:$C61,C61), IF($D61=외피index!$B$8, 외피index!$C$8&"_"&COUNTIFS(D$2:$D61,외피index!$B$8,C$2:$C61,C61), IF($D61=외피index!$B$9, 외피index!$C$9&"_"&COUNTIFS(D$2:$D61,외피index!$B$9,C$2:$C61,C61), IF($D61=외피index!$B$10, 외피index!$C$10&"_"&COUNTIFS(D$2:$D61,외피index!$B$10,C$2:$C61,C61), 0))))))))),"") -> 1F_Zone004_FR_1 | B61: 1F | C61: 1F_Zone004 | D61: 최하층바닥 | F61: 10.920057 | H61: 수평 | I61: 180
A62: =IFERROR(IF(D62="","",C62&"_"& IF($D62=외피index!$B$3, 외피index!$C$3&"_"&COUNTIFS(D$2:$D62,외피index!$B$3,C$2:$C62,C62), IF($D62=외피index!$B$4, 외피index!$C$4&"_"&COUNTIFS(D$2:$D62,외피index!$B$4,C$2:$C62,C62), IF($D62=외피index!$B$5, 외피index!$C$5&"_"&COUNTIFS(D$2:$D62,외피index!$B$5,C$2:$C62,C62), IF($D62=외피index!$B$6, 외피index!$C$6&"_"&COUNTIFS(D$2:$D62,외피index!$B$6,C$2:$C62,C62), IF($D62=외피index!$B$7, 외피index!$C$7&"_"&COUNTIFS(D$2:$D62,외피index!$B$7,C$2:$C62,C62), IF($D62=외피index!$B$8, 외피index!$C$8&"_"&COUNTIFS(D$2:$D62,외피index!$B$8,C$2:$C62,C62), IF($D62=외피index!$B$9, 외피index!$C$9&"_"&COUNTIFS(D$2:$D62,외피index!$B$9,C$2:$C62,C62), IF($D62=외피index!$B$10, 외피index!$C$10&"_"&COUNTIFS(D$2:$D62,외피index!$B$10,C$2:$C62,C62), 0))))))))),"") -> 1F_Zone005_FR_1 | B62: 1F | C62: 1F_Zone005 | D62: 최하층바닥 | F62: 3.7170383 | H62: 수평 | I62: 180
A63: =IFERROR(IF(D63="","",C63&"_"& IF($D63=외피index!$B$3, 외피index!$C$3&"_"&COUNTIFS(D$2:$D63,외피index!$B$3,C$2:$C63,C63), IF($D63=외피index!$B$4, 외피index!$C$4&"_"&COUNTIFS(D$2:$D63,외피index!$B$4,C$2:$C63,C63), IF($D63=외피index!$B$5, 외피index!$C$5&"_"&COUNTIFS(D$2:$D63,외피index!$B$5,C$2:$C63,C63), IF($D63=외피index!$B$6, 외피index!$C$6&"_"&COUNTIFS(D$2:$D63,외피index!$B$6,C$2:$C63,C63), IF($D63=외피index!$B$7, 외피index!$C$7&"_"&COUNTIFS(D$2:$D63,외피index!$B$7,C$2:$C63,C63), IF($D63=외피index!$B$8, 외피index!$C$8&"_"&COUNTIFS(D$2:$D63,외피index!$B$8,C$2:$C63,C63), IF($D63=외피index!$B$9, 외피index!$C$9&"_"&COUNTIFS(D$2:$D63,외피index!$B$9,C$2:$C63,C63), IF($D63=외피index!$B$10, 외피index!$C$10&"_"&COUNTIFS(D$2:$D63,외피index!$B$10,C$2:$C63,C63), 0))))))))),"") -> 3F_Zone019_IW_1 | B63: 3F | C63: 3F_Zone019 | D63: 내벽 | F63: 7.6799812 | G63: 3F_Zone020 | H63: 서 | I63: 90 | N63: 2.3999939
A64: =IFERROR(IF(D64="","",C64&"_"& IF($D64=외피index!$B$3, 외피index!$C$3&"_"&COUNTIFS(D$2:$D64,외피index!$B$3,C$2:$C64,C64), IF($D64=외피index!$B$4, 외피index!$C$4&"_"&COUNTIFS(D$2:$D64,외피index!$B$4,C$2:$C64,C64), IF($D64=외피index!$B$5, 외피index!$C$5&"_"&COUNTIFS(D$2:$D64,외피index!$B$5,C$2:$C64,C64), IF($D64=외피index!$B$6, 외피index!$C$6&"_"&COUNTIFS(D$2:$D64,외피index!$B$6,C$2:$C64,C64), IF($D64=외피index!$B$7, 외피index!$C$7&"_"&COUNTIFS(D$2:$D64,외피index!$B$7,C$2:$C64,C64), IF($D64=외피index!$B$8, 외피index!$C$8&"_"&COUNTIFS(D$2:$D64,외피index!$B$8,C$2:$C64,C64), IF($D64=외피index!$B$9, 외피index!$C$9&"_"&COUNTIFS(D$2:$D64,외피index!$B$9,C$2:$C64,C64), IF($D64=외피index!$B$10, 외피index!$C$10&"_"&COUNTIFS(D$2:$D64,외피index!$B$10,C$2:$C64,C64), 0))))))))),"") -> 1F_Zone002_WL_1 | B64: 1F | C64: 1F_Zone002 | D64: 외벽 | F64: 19.514583 | H64: 서 | I64: 90 | N64: 5.1999969
A65: =IFERROR(IF(D65="","",C65&"_"& IF($D65=외피index!$B$3, 외피index!$C$3&"_"&COUNTIFS(D$2:$D65,외피index!$B$3,C$2:$C65,C65), IF($D65=외피index!$B$4, 외피index!$C$4&"_"&COUNTIFS(D$2:$D65,외피index!$B$4,C$2:$C65,C65), IF($D65=외피index!$B$5, 외피index!$C$5&"_"&COUNTIFS(D$2:$D65,외피index!$B$5,C$2:$C65,C65), IF($D65=외피index!$B$6, 외피index!$C$6&"_"&COUNTIFS(D$2:$D65,외피index!$B$6,C$2:$C65,C65), IF($D65=외피index!$B$7, 외피index!$C$7&"_"&COUNTIFS(D$2:$D65,외피index!$B$7,C$2:$C65,C65), IF($D65=외피index!$B$8, 외피index!$C$8&"_"&COUNTIFS(D$2:$D65,외피index!$B$8,C$2:$C65,C65), IF($D65=외피index!$B$9, 외피index!$C$9&"_"&COUNTIFS(D$2:$D65,외피index!$B$9,C$2:$C65,C65), IF($D65=외피index!$B$10, 외피index!$C$10&"_"&COUNTIFS(D$2:$D65,외피index!$B$10,C$2:$C65,C65), 0))))))))),"") -> 1F_Zone003_WL_1 | B65: 1F | C65: 1F_Zone003 | D65: 외벽 | F65: 16.699897 | H65: 서 | I65: 90 | N65: 5
A66: =IFERROR(IF(D66="","",C66&"_"& IF($D66=외피index!$B$3, 외피index!$C$3&"_"&COUNTIFS(D$2:$D66,외피index!$B$3,C$2:$C66,C66), IF($D66=외피index!$B$4, 외피index!$C$4&"_"&COUNTIFS(D$2:$D66,외피index!$B$4,C$2:$C66,C66), IF($D66=외피index!$B$5, 외피index!$C$5&"_"&COUNTIFS(D$2:$D66,외피index!$B$5,C$2:$C66,C66), IF($D66=외피index!$B$6, 외피index!$C$6&"_"&COUNTIFS(D$2:$D66,외피index!$B$6,C$2:$C66,C66), IF($D66=외피index!$B$7, 외피index!$C$7&"_"&COUNTIFS(D$2:$D66,외피index!$B$7,C$2:$C66,C66), IF($D66=외피index!$B$8, 외피index!$C$8&"_"&COUNTIFS(D$2:$D66,외피index!$B$8,C$2:$C66,C66), IF($D66=외피index!$B$9, 외피index!$C$9&"_"&COUNTIFS(D$2:$D66,외피index!$B$9,C$2:$C66,C66), IF($D66=외피index!$B$10, 외피index!$C$10&"_"&COUNTIFS(D$2:$D66,외피index!$B$10,C$2:$C66,C66), 0))))))))),"") -> 2F_Zone006_IW_1 | B66: 2F | C66: 2F_Zone006 | D66: 내벽 | F66: 16.639989 | G66: 2F_Zone009 | H66: 서 | I66: 90 | N66: 5.1999969
A67: =IFERROR(IF(D67="","",C67&"_"& IF($D67=외피index!$B$3, 외피index!$C$3&"_"&COUNTIFS(D$2:$D67,외피index!$B$3,C$2:$C67,C67), IF($D67=외피index!$B$4, 외피index!$C$4&"_"&COUNTIFS(D$2:$D67,외피index!$B$4,C$2:$C67,C67), IF($D67=외피index!$B$5, 외피index!$C$5&"_"&COUNTIFS(D$2:$D67,외피index!$B$5,C$2:$C67,C67), IF($D67=외피index!$B$6, 외피index!$C$6&"_"&COUNTIFS(D$2:$D67,외피index!$B$6,C$2:$C67,C67), IF($D67=외피index!$B$7, 외피index!$C$7&"_"&COUNTIFS(D$2:$D67,외피index!$B$7,C$2:$C67,C67), IF($D67=외피index!$B$8, 외피index!$C$8&"_"&COUNTIFS(D$2:$D67,외피index!$B$8,C$2:$C67,C67), IF($D67=외피index!$B$9, 외피index!$C$9&"_"&COUNTIFS(D$2:$D67,외피index!$B$9,C$2:$C67,C67), IF($D67=외피index!$B$10, 외피index!$C$10&"_"&COUNTIFS(D$2:$D67,외피index!$B$10,C$2:$C67,C67), 0))))))))),"") -> 3F_Zone017_IW_1 | B67: 3F | C67: 3F_Zone017 | D67: 내벽 | F67: 9.9199716 | G67: 3F_Zone015 | H67: 서 | I67: 90 | N67: 3.0999908
A68: =IFERROR(IF(D68="","",C68&"_"& IF($D68=외피index!$B$3, 외피index!$C$3&"_"&COUNTIFS(D$2:$D68,외피index!$B$3,C$2:$C68,C68), IF($D68=외피index!$B$4, 외피index!$C$4&"_"&COUNTIFS(D$2:$D68,외피index!$B$4,C$2:$C68,C68), IF($D68=외피index!$B$5, 외피index!$C$5&"_"&COUNTIFS(D$2:$D68,외피index!$B$5,C$2:$C68,C68), IF($D68=외피index!$B$6, 외피index!$C$6&"_"&COUNTIFS(D$2:$D68,외피index!$B$6,C$2:$C68,C68), IF($D68=외피index!$B$7, 외피index!$C$7&"_"&COUNTIFS(D$2:$D68,외피index!$B$7,C$2:$C68,C68), IF($D68=외피index!$B$8, 외피index!$C$8&"_"&COUNTIFS(D$2:$D68,외피index!$B$8,C$2:$C68,C68), IF($D68=외피index!$B$9, 외피index!$C$9&"_"&COUNTIFS(D$2:$D68,외피index!$B$9,C$2:$C68,C68), IF($D68=외피index!$B$10, 외피index!$C$10&"_"&COUNTIFS(D$2:$D68,외피index!$B$10,C$2:$C68,C68), 0))))))))),"") -> 2F_Zone011_IW_1 | B68: 2F | C68: 2F_Zone011 | D68: 내벽 | F68: 8.320019 | G68: 2F_Zone012 | H68: 서 | I68: 90 | N68: 2.6000061
A69: =IFERROR(IF(D69="","",C69&"_"& IF($D69=외피index!$B$3, 외피index!$C$3&"_"&COUNTIFS(D$2:$D69,외피index!$B$3,C$2:$C69,C69), IF($D69=외피index!$B$4, 외피index!$C$4&"_"&COUNTIFS(D$2:$D69,외피index!$B$4,C$2:$C69,C69), IF($D69=외피index!$B$5, 외피index!$C$5&"_"&COUNTIFS(D$2:$D69,외피index!$B$5,C$2:$C69,C69), IF($D69=외피index!$B$6, 외피index!$C$6&"_"&COUNTIFS(D$2:$D69,외피index!$B$6,C$2:$C69,C69), IF($D69=외피index!$B$7, 외피index!$C$7&"_"&COUNTIFS(D$2:$D69,외피index!$B$7,C$2:$C69,C69), IF($D69=외피index!$B$8, 외피index!$C$8&"_"&COUNTIFS(D$2:$D69,외피index!$B$8,C$2:$C69,C69), IF($D69=외피index!$B$9, 외피index!$C$9&"_"&COUNTIFS(D$2:$D69,외피index!$B$9,C$2:$C69,C69), IF($D69=외피index!$B$10, 외피index!$C$10&"_"&COUNTIFS(D$2:$D69,외피index!$B$10,C$2:$C69,C69), 0))))))))),"") -> 3F_Zone016_IW_1 | B69: 3F | C69: 3F_Zone016 | D69: 내벽 | F69: 6.7200201 | G69: 3F_Zone015 | H69: 서 | I69: 90 | N69: 2.1000061
A70: =IFERROR(IF(D70="","",C70&"_"& IF($D70=외피index!$B$3, 외피index!$C$3&"_"&COUNTIFS(D$2:$D70,외피index!$B$3,C$2:$C70,C70), IF($D70=외피index!$B$4, 외피index!$C$4&"_"&COUNTIFS(D$2:$D70,외피index!$B$4,C$2:$C70,C70), IF($D70=외피index!$B$5, 외피index!$C$5&"_"&COUNTIFS(D$2:$D70,외피index!$B$5,C$2:$C70,C70), IF($D70=외피index!$B$6, 외피index!$C$6&"_"&COUNTIFS(D$2:$D70,외피index!$B$6,C$2:$C70,C70), IF($D70=외피index!$B$7, 외피index!$C$7&"_"&COUNTIFS(D$2:$D70,외피index!$B$7,C$2:$C70,C70), IF($D70=외피index!$B$8, 외피index!$C$8&"_"&COUNTIFS(D$2:$D70,외피index!$B$8,C$2:$C70,C70), IF($D70=외피index!$B$9, 외피index!$C$9&"_"&COUNTIFS(D$2:$D70,외피index!$B$9,C$2:$C70,C70), IF($D70=외피index!$B$10, 외피index!$C$10&"_"&COUNTIFS(D$2:$D70,외피index!$B$10,C$2:$C70,C70), 0))))))))),"") -> 4F_Zone021_WL_1 | B70: 4F | C70: 4F_Zone021 | D70: 외벽 | F70: 6.7199834 | H70: 서 | I70: 90 | N70: 2.3999939
A71: =IFERROR(IF(D71="","",C71&"_"& IF($D71=외피index!$B$3, 외피index!$C$3&"_"&COUNTIFS(D$2:$D71,외피index!$B$3,C$2:$C71,C71), IF($D71=외피index!$B$4, 외피index!$C$4&"_"&COUNTIFS(D$2:$D71,외피index!$B$4,C$2:$C71,C71), IF($D71=외피index!$B$5, 외피index!$C$5&"_"&COUNTIFS(D$2:$D71,외피index!$B$5,C$2:$C71,C71), IF($D71=외피index!$B$6, 외피index!$C$6&"_"&COUNTIFS(D$2:$D71,외피index!$B$6,C$2:$C71,C71), IF($D71=외피index!$B$7, 외피index!$C$7&"_"&COUNTIFS(D$2:$D71,외피index!$B$7,C$2:$C71,C71), IF($D71=외피index!$B$8, 외피index!$C$8&"_"&COUNTIFS(D$2:$D71,외피index!$B$8,C$2:$C71,C71), IF($D71=외피index!$B$9, 외피index!$C$9&"_"&COUNTIFS(D$2:$D71,외피index!$B$9,C$2:$C71,C71), IF($D71=외피index!$B$10, 외피index!$C$10&"_"&COUNTIFS(D$2:$D71,외피index!$B$10,C$2:$C71,C71), 0))))))))),"") -> 3F_Zone016_IW_2 | B71: 3F | C71: 3F_Zone016 | D71: 내벽 | F71: 3.3600101 | G71: 3F_Zone019 | H71: 서 | I71: 90 | N71: 1.0500031
A72: =IFERROR(IF(D72="","",C72&"_"& IF($D72=외피index!$B$3, 외피index!$C$3&"_"&COUNTIFS(D$2:$D72,외피index!$B$3,C$2:$C72,C72), IF($D72=외피index!$B$4, 외피index!$C$4&"_"&COUNTIFS(D$2:$D72,외피index!$B$4,C$2:$C72,C72), IF($D72=외피index!$B$5, 외피index!$C$5&"_"&COUNTIFS(D$2:$D72,외피index!$B$5,C$2:$C72,C72), IF($D72=외피index!$B$6, 외피index!$C$6&"_"&COUNTIFS(D$2:$D72,외피index!$B$6,C$2:$C72,C72), IF($D72=외피index!$B$7, 외피index!$C$7&"_"&COUNTIFS(D$2:$D72,외피index!$B$7,C$2:$C72,C72), IF($D72=외피index!$B$8, 외피index!$C$8&"_"&COUNTIFS(D$2:$D72,외피index!$B$8,C$2:$C72,C72), IF($D72=외피index!$B$9, 외피index!$C$9&"_"&COUNTIFS(D$2:$D72,외피index!$B$9,C$2:$C72,C72), IF($D72=외피index!$B$10, 외피index!$C$10&"_"&COUNTIFS(D$2:$D72,외피index!$B$10,C$2:$C72,C72), 0))))))))),"") -> 2F_Zone008_IW_1 | B72: 2F | C72: 2F_Zone008 | D72: 내벽 | F72: 3.3600096 | G72: 2F_Zone012 | H72: 서 | I72: 90 | N72: 1.0500031
A73: =IFERROR(IF(D73="","",C73&"_"& IF($D73=외피index!$B$3, 외피index!$C$3&"_"&COUNTIFS(D$2:$D73,외피index!$B$3,C$2:$C73,C73), IF($D73=외피index!$B$4, 외피index!$C$4&"_"&COUNTIFS(D$2:$D73,외피index!$B$4,C$2:$C73,C73), IF($D73=외피index!$B$5, 외피index!$C$5&"_"&COUNTIFS(D$2:$D73,외피index!$B$5,C$2:$C73,C73), IF($D73=외피index!$B$6, 외피index!$C$6&"_"&COUNTIFS(D$2:$D73,외피index!$B$6,C$2:$C73,C73), IF($D73=외피index!$B$7, 외피index!$C$7&"_"&COUNTIFS(D$2:$D73,외피index!$B$7,C$2:$C73,C73), IF($D73=외피index!$B$8, 외피index!$C$8&"_"&COUNTIFS(D$2:$D73,외피index!$B$8,C$2:$C73,C73), IF($D73=외피index!$B$9, 외피index!$C$9&"_"&COUNTIFS(D$2:$D73,외피index!$B$9,C$2:$C73,C73), IF($D73=외피index!$B$10, 외피index!$C$10&"_"&COUNTIFS(D$2:$D73,외피index!$B$10,C$2:$C73,C73), 0))))))))),"") -> 2F_Zone009_IW_1 | B73: 2F | C73: 2F_Zone009 | D73: 내벽 | F73: 16.639989 | G73: 2F_Zone007 | H73: 서 | I73: 90 | N73: 5.1999969
A74: =IFERROR(IF(D74="","",C74&"_"& IF($D74=외피index!$B$3, 외피index!$C$3&"_"&COUNTIFS(D$2:$D74,외피index!$B$3,C$2:$C74,C74), IF($D74=외피index!$B$4, 외피index!$C$4&"_"&COUNTIFS(D$2:$D74,외피index!$B$4,C$2:$C74,C74), IF($D74=외피index!$B$5, 외피index!$C$5&"_"&COUNTIFS(D$2:$D74,외피index!$B$5,C$2:$C74,C74), IF($D74=외피index!$B$6, 외피index!$C$6&"_"&COUNTIFS(D$2:$D74,외피index!$B$6,C$2:$C74,C74), IF($D74=외피index!$B$7, 외피index!$C$7&"_"&COUNTIFS(D$2:$D74,외피index!$B$7,C$2:$C74,C74), IF($D74=외피index!$B$8, 외피index!$C$8&"_"&COUNTIFS(D$2:$D74,외피index!$B$8,C$2:$C74,C74), IF($D74=외피index!$B$9, 외피index!$C$9&"_"&COUNTIFS(D$2:$D74,외피index!$B$9,C$2:$C74,C74), IF($D74=외피index!$B$10, 외피index!$C$10&"_"&COUNTIFS(D$2:$D74,외피index!$B$10,C$2:$C74,C74), 0))))))))),"") -> 3F_Zone018_IW_1 | B74: 3F | C74: 3F_Zone018 | D74: 내벽 | F74: 4.3199711 | G74: 3F_Zone019 | H74: 서 | I74: 90 | N74: 1.3499908
A75: =IFERROR(IF(D75="","",C75&"_"& IF($D75=외피index!$B$3, 외피index!$C$3&"_"&COUNTIFS(D$2:$D75,외피index!$B$3,C$2:$C75,C75), IF($D75=외피index!$B$4, 외피index!$C$4&"_"&COUNTIFS(D$2:$D75,외피index!$B$4,C$2:$C75,C75), IF($D75=외피index!$B$5, 외피index!$C$5&"_"&COUNTIFS(D$2:$D75,외피index!$B$5,C$2:$C75,C75), IF($D75=외피index!$B$6, 외피index!$C$6&"_"&COUNTIFS(D$2:$D75,외피index!$B$6,C$2:$C75,C75), IF($D75=외피index!$B$7, 외피index!$C$7&"_"&COUNTIFS(D$2:$D75,외피index!$B$7,C$2:$C75,C75), IF($D75=외피index!$B$8, 외피index!$C$8&"_"&COUNTIFS(D$2:$D75,외피index!$B$8,C$2:$C75,C75), IF($D75=외피index!$B$9, 외피index!$C$9&"_"&COUNTIFS(D$2:$D75,외피index!$B$9,C$2:$C75,C75), IF($D75=외피index!$B$10, 외피index!$C$10&"_"&COUNTIFS(D$2:$D75,외피index!$B$10,C$2:$C75,C75), 0))))))))),"") -> 1F_Zone004_IW_1 | B75: 1F | C75: 1F_Zone004 | D75: 내벽 | F75: 11.440027 | G75: 1F_Zone003 | H75: 서 | I75: 90 | N75: 2.6000061
A76: =IFERROR(IF(D76="","",C76&"_"& IF($D76=외피index!$B$3, 외피index!$C$3&"_"&COUNTIFS(D$2:$D76,외피index!$B$3,C$2:$C76,C76), IF($D76=외피index!$B$4, 외피index!$C$4&"_"&COUNTIFS(D$2:$D76,외피index!$B$4,C$2:$C76,C76), IF($D76=외피index!$B$5, 외피index!$C$5&"_"&COUNTIFS(D$2:$D76,외피index!$B$5,C$2:$C76,C76), IF($D76=외피index!$B$6, 외피index!$C$6&"_"&COUNTIFS(D$2:$D76,외피index!$B$6,C$2:$C76,C76), IF($D76=외피index!$B$7, 외피index!$C$7&"_"&COUNTIFS(D$2:$D76,외피index!$B$7,C$2:$C76,C76), IF($D76=외피index!$B$8, 외피index!$C$8&"_"&COUNTIFS(D$2:$D76,외피index!$B$8,C$2:$C76,C76), IF($D76=외피index!$B$9, 외피index!$C$9&"_"&COUNTIFS(D$2:$D76,외피index!$B$9,C$2:$C76,C76), IF($D76=외피index!$B$10, 외피index!$C$10&"_"&COUNTIFS(D$2:$D76,외피index!$B$10,C$2:$C76,C76), 0))))))))),"") -> 3F_Zone014_IW_1 | B76: 3F | C76: 3F_Zone014 | D76: 내벽 | F76: 9.9199716 | G76: 3F_Zone017 | H76: 서 | I76: 90 | N76: 3.0999908
A77: =IFERROR(IF(D77="","",C77&"_"& IF($D77=외피index!$B$3, 외피index!$C$3&"_"&COUNTIFS(D$2:$D77,외피index!$B$3,C$2:$C77,C77), IF($D77=외피index!$B$4, 외피index!$C$4&"_"&COUNTIFS(D$2:$D77,외피index!$B$4,C$2:$C77,C77), IF($D77=외피index!$B$5, 외피index!$C$5&"_"&COUNTIFS(D$2:$D77,외피index!$B$5,C$2:$C77,C77), IF($D77=외피index!$B$6, 외피index!$C$6&"_"&COUNTIFS(D$2:$D77,외피index!$B$6,C$2:$C77,C77), IF($D77=외피index!$B$7, 외피index!$C$7&"_"&COUNTIFS(D$2:$D77,외피index!$B$7,C$2:$C77,C77), IF($D77=외피index!$B$8, 외피index!$C$8&"_"&COUNTIFS(D$2:$D77,외피index!$B$8,C$2:$C77,C77), IF($D77=외피index!$B$9, 외피index!$C$9&"_"&COUNTIFS(D$2:$D77,외피index!$B$9,C$2:$C77,C77), IF($D77=외피index!$B$10, 외피index!$C$10&"_"&COUNTIFS(D$2:$D77,외피index!$B$10,C$2:$C77,C77), 0))))))))),"") -> 3F_Zone014_IW_2 | B77: 3F | C77: 3F_Zone014 | D77: 내벽 | F77: 6.7200201 | G77: 3F_Zone016 | H77: 서 | I77: 90 | N77: 2.1000061
A78: =IFERROR(IF(D78="","",C78&"_"& IF($D78=외피index!$B$3, 외피index!$C$3&"_"&COUNTIFS(D$2:$D78,외피index!$B$3,C$2:$C78,C78), IF($D78=외피index!$B$4, 외피index!$C$4&"_"&COUNTIFS(D$2:$D78,외피index!$B$4,C$2:$C78,C78), IF($D78=외피index!$B$5, 외피index!$C$5&"_"&COUNTIFS(D$2:$D78,외피index!$B$5,C$2:$C78,C78), IF($D78=외피index!$B$6, 외피index!$C$6&"_"&COUNTIFS(D$2:$D78,외피index!$B$6,C$2:$C78,C78), IF($D78=외피index!$B$7, 외피index!$C$7&"_"&COUNTIFS(D$2:$D78,외피index!$B$7,C$2:$C78,C78), IF($D78=외피index!$B$8, 외피index!$C$8&"_"&COUNTIFS(D$2:$D78,외피index!$B$8,C$2:$C78,C78), IF($D78=외피index!$B$9, 외피index!$C$9&"_"&COUNTIFS(D$2:$D78,외피index!$B$9,C$2:$C78,C78), IF($D78=외피index!$B$10, 외피index!$C$10&"_"&COUNTIFS(D$2:$D78,외피index!$B$10,C$2:$C78,C78), 0))))))))),"") -> 3F_Zone016_IW_3 | B78: 3F | C78: 3F_Zone016 | D78: 내벽 | F78: 4.3199711 | G78: 3F_Zone018 | H78: 서 | I78: 90 | N78: 1.3499908
A79: =IFERROR(IF(D79="","",C79&"_"& IF($D79=외피index!$B$3, 외피index!$C$3&"_"&COUNTIFS(D$2:$D79,외피index!$B$3,C$2:$C79,C79), IF($D79=외피index!$B$4, 외피index!$C$4&"_"&COUNTIFS(D$2:$D79,외피index!$B$4,C$2:$C79,C79), IF($D79=외피index!$B$5, 외피index!$C$5&"_"&COUNTIFS(D$2:$D79,외피index!$B$5,C$2:$C79,C79), IF($D79=외피index!$B$6, 외피index!$C$6&"_"&COUNTIFS(D$2:$D79,외피index!$B$6,C$2:$C79,C79), IF($D79=외피index!$B$7, 외피index!$C$7&"_"&COUNTIFS(D$2:$D79,외피index!$B$7,C$2:$C79,C79), IF($D79=외피index!$B$8, 외피index!$C$8&"_"&COUNTIFS(D$2:$D79,외피index!$B$8,C$2:$C79,C79), IF($D79=외피index!$B$9, 외피index!$C$9&"_"&COUNTIFS(D$2:$D79,외피index!$B$9,C$2:$C79,C79), IF($D79=외피index!$B$10, 외피index!$C$10&"_"&COUNTIFS(D$2:$D79,외피index!$B$10,C$2:$C79,C79), 0))))))))),"") -> 2F_Zone008_IW_2 | B79: 2F | C79: 2F_Zone008 | D79: 내벽 | F79: 4.3199704 | G79: 2F_Zone013 | H79: 서 | I79: 90 | N79: 1.3499908
A80: =IFERROR(IF(D80="","",C80&"_"& IF($D80=외피index!$B$3, 외피index!$C$3&"_"&COUNTIFS(D$2:$D80,외피index!$B$3,C$2:$C80,C80), IF($D80=외피index!$B$4, 외피index!$C$4&"_"&COUNTIFS(D$2:$D80,외피index!$B$4,C$2:$C80,C80), IF($D80=외피index!$B$5, 외피index!$C$5&"_"&COUNTIFS(D$2:$D80,외피index!$B$5,C$2:$C80,C80), IF($D80=외피index!$B$6, 외피index!$C$6&"_"&COUNTIFS(D$2:$D80,외피index!$B$6,C$2:$C80,C80), IF($D80=외피index!$B$7, 외피index!$C$7&"_"&COUNTIFS(D$2:$D80,외피index!$B$7,C$2:$C80,C80), IF($D80=외피index!$B$8, 외피index!$C$8&"_"&COUNTIFS(D$2:$D80,외피index!$B$8,C$2:$C80,C80), IF($D80=외피index!$B$9, 외피index!$C$9&"_"&COUNTIFS(D$2:$D80,외피index!$B$9,C$2:$C80,C80), IF($D80=외피index!$B$10, 외피index!$C$10&"_"&COUNTIFS(D$2:$D80,외피index!$B$10,C$2:$C80,C80), 0))))))))),"") -> 2F_Zone010_IW_1 | B80: 2F | C80: 2F_Zone010 | D80: 내벽 | F80: 3.3600096 | G80: 2F_Zone013 | H80: 서 | I80: 90 | N80: 1.0500031
A81: =IFERROR(IF(D81="","",C81&"_"& IF($D81=외피index!$B$3, 외피index!$C$3&"_"&COUNTIFS(D$2:$D81,외피index!$B$3,C$2:$C81,C81), IF($D81=외피index!$B$4, 외피index!$C$4&"_"&COUNTIFS(D$2:$D81,외피index!$B$4,C$2:$C81,C81), IF($D81=외피index!$B$5, 외피index!$C$5&"_"&COUNTIFS(D$2:$D81,외피index!$B$5,C$2:$C81,C81), IF($D81=외피index!$B$6, 외피index!$C$6&"_"&COUNTIFS(D$2:$D81,외피index!$B$6,C$2:$C81,C81), IF($D81=외피index!$B$7, 외피index!$C$7&"_"&COUNTIFS(D$2:$D81,외피index!$B$7,C$2:$C81,C81), IF($D81=외피index!$B$8, 외피index!$C$8&"_"&COUNTIFS(D$2:$D81,외피index!$B$8,C$2:$C81,C81), IF($D81=외피index!$B$9, 외피index!$C$9&"_"&COUNTIFS(D$2:$D81,외피index!$B$9,C$2:$C81,C81), IF($D81=외피index!$B$10, 외피index!$C$10&"_"&COUNTIFS(D$2:$D81,외피index!$B$10,C$2:$C81,C81), 0))))))))),"") -> 3F_Zone015_WL_1 | B81: 3F | C81: 3F_Zone015 | D81: 외벽 | F81: 12.739842 | H81: 서 | I81: 90 | N81: 5.1999969
A82: =IFERROR(IF(D82="","",C82&"_"& IF($D82=외피index!$B$3, 외피index!$C$3&"_"&COUNTIFS(D$2:$D82,외피index!$B$3,C$2:$C82,C82), IF($D82=외피index!$B$4, 외피index!$C$4&"_"&COUNTIFS(D$2:$D82,외피index!$B$4,C$2:$C82,C82), IF($D82=외피index!$B$5, 외피index!$C$5&"_"&COUNTIFS(D$2:$D82,외피index!$B$5,C$2:$C82,C82), IF($D82=외피index!$B$6, 외피index!$C$6&"_"&COUNTIFS(D$2:$D82,외피index!$B$6,C$2:$C82,C82), IF($D82=외피index!$B$7, 외피index!$C$7&"_"&COUNTIFS(D$2:$D82,외피index!$B$7,C$2:$C82,C82), IF($D82=외피index!$B$8, 외피index!$C$8&"_"&COUNTIFS(D$2:$D82,외피index!$B$8,C$2:$C82,C82), IF($D82=외피index!$B$9, 외피index!$C$9&"_"&COUNTIFS(D$2:$D82,외피index!$B$9,C$2:$C82,C82), IF($D82=외피index!$B$10, 외피index!$C$10&"_"&COUNTIFS(D$2:$D82,외피index!$B$10,C$2:$C82,C82), 0))))))))),"") -> 2F_Zone007_WL_1 | B82: 2F | C82: 2F_Zone007 | D82: 외벽 | F82: 12.73999 | H82: 서 | I82: 90 | N82: 5.1999969
A83: =IFERROR(IF(D83="","",C83&"_"& IF($D83=외피index!$B$3, 외피index!$C$3&"_"&COUNTIFS(D$2:$D83,외피index!$B$3,C$2:$C83,C83), IF($D83=외피index!$B$4, 외피index!$C$4&"_"&COUNTIFS(D$2:$D83,외피index!$B$4,C$2:$C83,C83), IF($D83=외피index!$B$5, 외피index!$C$5&"_"&COUNTIFS(D$2:$D83,외피index!$B$5,C$2:$C83,C83), IF($D83=외피index!$B$6, 외피index!$C$6&"_"&COUNTIFS(D$2:$D83,외피index!$B$6,C$2:$C83,C83), IF($D83=외피index!$B$7, 외피index!$C$7&"_"&COUNTIFS(D$2:$D83,외피index!$B$7,C$2:$C83,C83), IF($D83=외피index!$B$8, 외피index!$C$8&"_"&COUNTIFS(D$2:$D83,외피index!$B$8,C$2:$C83,C83), IF($D83=외피index!$B$9, 외피index!$C$9&"_"&COUNTIFS(D$2:$D83,외피index!$B$9,C$2:$C83,C83), IF($D83=외피index!$B$10, 외피index!$C$10&"_"&COUNTIFS(D$2:$D83,외피index!$B$10,C$2:$C83,C83), 0))))))))),"") -> 2F_Zone010_WL_1 | B83: 2F | C83: 2F_Zone010 | D83: 외벽 | F83: 8.320019 | H83: 서 | I83: 90 | N83: 2.6000061
A84: =IFERROR(IF(D84="","",C84&"_"& IF($D84=외피index!$B$3, 외피index!$C$3&"_"&COUNTIFS(D$2:$D84,외피index!$B$3,C$2:$C84,C84), IF($D84=외피index!$B$4, 외피index!$C$4&"_"&COUNTIFS(D$2:$D84,외피index!$B$4,C$2:$C84,C84), IF($D84=외피index!$B$5, 외피index!$C$5&"_"&COUNTIFS(D$2:$D84,외피index!$B$5,C$2:$C84,C84), IF($D84=외피index!$B$6, 외피index!$C$6&"_"&COUNTIFS(D$2:$D84,외피index!$B$6,C$2:$C84,C84), IF($D84=외피index!$B$7, 외피index!$C$7&"_"&COUNTIFS(D$2:$D84,외피index!$B$7,C$2:$C84,C84), IF($D84=외피index!$B$8, 외피index!$C$8&"_"&COUNTIFS(D$2:$D84,외피index!$B$8,C$2:$C84,C84), IF($D84=외피index!$B$9, 외피index!$C$9&"_"&COUNTIFS(D$2:$D84,외피index!$B$9,C$2:$C84,C84), IF($D84=외피index!$B$10, 외피index!$C$10&"_"&COUNTIFS(D$2:$D84,외피index!$B$10,C$2:$C84,C84), 0))))))))),"") -> 3F_Zone020_WL_1 | B84: 3F | C84: 3F_Zone020 | D84: 외벽 | F84: 5.7299065 | H84: 서 | I84: 90 | N84: 2.3999939
A85: =IFERROR(IF(D85="","",C85&"_"& IF($D85=외피index!$B$3, 외피index!$C$3&"_"&COUNTIFS(D$2:$D85,외피index!$B$3,C$2:$C85,C85), IF($D85=외피index!$B$4, 외피index!$C$4&"_"&COUNTIFS(D$2:$D85,외피index!$B$4,C$2:$C85,C85), IF($D85=외피index!$B$5, 외피index!$C$5&"_"&COUNTIFS(D$2:$D85,외피index!$B$5,C$2:$C85,C85), IF($D85=외피index!$B$6, 외피index!$C$6&"_"&COUNTIFS(D$2:$D85,외피index!$B$6,C$2:$C85,C85), IF($D85=외피index!$B$7, 외피index!$C$7&"_"&COUNTIFS(D$2:$D85,외피index!$B$7,C$2:$C85,C85), IF($D85=외피index!$B$8, 외피index!$C$8&"_"&COUNTIFS(D$2:$D85,외피index!$B$8,C$2:$C85,C85), IF($D85=외피index!$B$9, 외피index!$C$9&"_"&COUNTIFS(D$2:$D85,외피index!$B$9,C$2:$C85,C85), IF($D85=외피index!$B$10, 외피index!$C$10&"_"&COUNTIFS(D$2:$D85,외피index!$B$10,C$2:$C85,C85), 0))))))))),"") -> 2F_Zone013_WL_1 | B85: 2F | C85: 2F_Zone013 | D85: 외벽 | F85: 7.67998 | H85: 서 | I85: 90 | N85: 2.3999939
A86: =IFERROR(IF(D86="","",C86&"_"& IF($D86=외피index!$B$3, 외피index!$C$3&"_"&COUNTIFS(D$2:$D86,외피index!$B$3,C$2:$C86,C86), IF($D86=외피index!$B$4, 외피index!$C$4&"_"&COUNTIFS(D$2:$D86,외피index!$B$4,C$2:$C86,C86), IF($D86=외피index!$B$5, 외피index!$C$5&"_"&COUNTIFS(D$2:$D86,외피index!$B$5,C$2:$C86,C86), IF($D86=외피index!$B$6, 외피index!$C$6&"_"&COUNTIFS(D$2:$D86,외피index!$B$6,C$2:$C86,C86), IF($D86=외피index!$B$7, 외피index!$C$7&"_"&COUNTIFS(D$2:$D86,외피index!$B$7,C$2:$C86,C86), IF($D86=외피index!$B$8, 외피index!$C$8&"_"&COUNTIFS(D$2:$D86,외피index!$B$8,C$2:$C86,C86), IF($D86=외피index!$B$9, 외피index!$C$9&"_"&COUNTIFS(D$2:$D86,외피index!$B$9,C$2:$C86,C86), IF($D86=외피index!$B$10, 외피index!$C$10&"_"&COUNTIFS(D$2:$D86,외피index!$B$10,C$2:$C86,C86), 0))))))))),"") -> 2F_Zone012_IW_1 | B86: 2F | C86: 2F_Zone012 | D86: 내벽 | F86: 11.680029 | G86: 2F_Zone010 | H86: 서 | I86: 90 | N86: 3.6500092
A87: =IFERROR(IF(D87="","",C87&"_"& IF($D87=외피index!$B$3, 외피index!$C$3&"_"&COUNTIFS(D$2:$D87,외피index!$B$3,C$2:$C87,C87), IF($D87=외피index!$B$4, 외피index!$C$4&"_"&COUNTIFS(D$2:$D87,외피index!$B$4,C$2:$C87,C87), IF($D87=외피index!$B$5, 외피index!$C$5&"_"&COUNTIFS(D$2:$D87,외피index!$B$5,C$2:$C87,C87), IF($D87=외피index!$B$6, 외피index!$C$6&"_"&COUNTIFS(D$2:$D87,외피index!$B$6,C$2:$C87,C87), IF($D87=외피index!$B$7, 외피index!$C$7&"_"&COUNTIFS(D$2:$D87,외피index!$B$7,C$2:$C87,C87), IF($D87=외피index!$B$8, 외피index!$C$8&"_"&COUNTIFS(D$2:$D87,외피index!$B$8,C$2:$C87,C87), IF($D87=외피index!$B$9, 외피index!$C$9&"_"&COUNTIFS(D$2:$D87,외피index!$B$9,C$2:$C87,C87), IF($D87=외피index!$B$10, 외피index!$C$10&"_"&COUNTIFS(D$2:$D87,외피index!$B$10,C$2:$C87,C87), 0))))))))),"") -> 1F_Zone005_WL_1 | B87: 1F | C87: 1F_Zone005 | D87: 외벽 | F87: 1.4297775 | H87: 서 | I87: 90 | N87: 0.88500977
A88: =IFERROR(IF(D88="","",C88&"_"& IF($D88=외피index!$B$3, 외피index!$C$3&"_"&COUNTIFS(D$2:$D88,외피index!$B$3,C$2:$C88,C88), IF($D88=외피index!$B$4, 외피index!$C$4&"_"&COUNTIFS(D$2:$D88,외피index!$B$4,C$2:$C88,C88), IF($D88=외피index!$B$5, 외피index!$C$5&"_"&COUNTIFS(D$2:$D88,외피index!$B$5,C$2:$C88,C88), IF($D88=외피index!$B$6, 외피index!$C$6&"_"&COUNTIFS(D$2:$D88,외피index!$B$6,C$2:$C88,C88), IF($D88=외피index!$B$7, 외피index!$C$7&"_"&COUNTIFS(D$2:$D88,외피index!$B$7,C$2:$C88,C88), IF($D88=외피index!$B$8, 외피index!$C$8&"_"&COUNTIFS(D$2:$D88,외피index!$B$8,C$2:$C88,C88), IF($D88=외피index!$B$9, 외피index!$C$9&"_"&COUNTIFS(D$2:$D88,외피index!$B$9,C$2:$C88,C88), IF($D88=외피index!$B$10, 외피index!$C$10&"_"&COUNTIFS(D$2:$D88,외피index!$B$10,C$2:$C88,C88), 0))))))))),"") -> 2F_Zone007_WIN_1 | B88: 2F | C88: 2F_Zone007 | D88: 창호 | F88: 1.9499996 | H88: 서 | I88: 90 | J88: 0 | K88: 0 | L88: 0 | M88: 12.417519 | O88: 1.5 | P88: 1.9849431
A89: =IFERROR(IF(D89="","",C89&"_"& IF($D89=외피index!$B$3, 외피index!$C$3&"_"&COUNTIFS(D$2:$D89,외피index!$B$3,C$2:$C89,C89), IF($D89=외피index!$B$4, 외피index!$C$4&"_"&COUNTIFS(D$2:$D89,외피index!$B$4,C$2:$C89,C89), IF($D89=외피index!$B$5, 외피index!$C$5&"_"&COUNTIFS(D$2:$D89,외피index!$B$5,C$2:$C89,C89), IF($D89=외피index!$B$6, 외피index!$C$6&"_"&COUNTIFS(D$2:$D89,외피index!$B$6,C$2:$C89,C89), IF($D89=외피index!$B$7, 외피index!$C$7&"_"&COUNTIFS(D$2:$D89,외피index!$B$7,C$2:$C89,C89), IF($D89=외피index!$B$8, 외피index!$C$8&"_"&COUNTIFS(D$2:$D89,외피index!$B$8,C$2:$C89,C89), IF($D89=외피index!$B$9, 외피index!$C$9&"_"&COUNTIFS(D$2:$D89,외피index!$B$9,C$2:$C89,C89), IF($D89=외피index!$B$10, 외피index!$C$10&"_"&COUNTIFS(D$2:$D89,외피index!$B$10,C$2:$C89,C89), 0))))))))),"") -> 2F_Zone007_WIN_2 | B89: 2F | C89: 2F_Zone007 | D89: 창호 | F89: 1.9499996 | H89: 서 | I89: 90 | J89: 0 | K89: 0 | L89: 0 | M89: 12.417519 | O89: 1.5 | P89: 1.9849431
A90: =IFERROR(IF(D90="","",C90&"_"& IF($D90=외피index!$B$3, 외피index!$C$3&"_"&COUNTIFS(D$2:$D90,외피index!$B$3,C$2:$C90,C90), IF($D90=외피index!$B$4, 외피index!$C$4&"_"&COUNTIFS(D$2:$D90,외피index!$B$4,C$2:$C90,C90), IF($D90=외피index!$B$5, 외피index!$C$5&"_"&COUNTIFS(D$2:$D90,외피index!$B$5,C$2:$C90,C90), IF($D90=외피index!$B$6, 외피index!$C$6&"_"&COUNTIFS(D$2:$D90,외피index!$B$6,C$2:$C90,C90), IF($D90=외피index!$B$7, 외피index!$C$7&"_"&COUNTIFS(D$2:$D90,외피index!$B$7,C$2:$C90,C90), IF($D90=외피index!$B$8, 외피index!$C$8&"_"&COUNTIFS(D$2:$D90,외피index!$B$8,C$2:$C90,C90), IF($D90=외피index!$B$9, 외피index!$C$9&"_"&COUNTIFS(D$2:$D90,외피index!$B$9,C$2:$C90,C90), IF($D90=외피index!$B$10, 외피index!$C$10&"_"&COUNTIFS(D$2:$D90,외피index!$B$10,C$2:$C90,C90), 0))))))))),"") -> 3F_Zone020_WIN_1 | B90: 3F | C90: 3F_Zone020 | D90: 창호 | F90: 1.9500747 | H90: 서 | I90: 90 | J90: 0 | K90: 0 | L90: 0 | M90: 9.161149 | O90: 1.5 | P90: 1.9849759
A91: =IFERROR(IF(D91="","",C91&"_"& IF($D91=외피index!$B$3, 외피index!$C$3&"_"&COUNTIFS(D$2:$D91,외피index!$B$3,C$2:$C91,C91), IF($D91=외피index!$B$4, 외피index!$C$4&"_"&COUNTIFS(D$2:$D91,외피index!$B$4,C$2:$C91,C91), IF($D91=외피index!$B$5, 외피index!$C$5&"_"&COUNTIFS(D$2:$D91,외피index!$B$5,C$2:$C91,C91), IF($D91=외피index!$B$6, 외피index!$C$6&"_"&COUNTIFS(D$2:$D91,외피index!$B$6,C$2:$C91,C91), IF($D91=외피index!$B$7, 외피index!$C$7&"_"&COUNTIFS(D$2:$D91,외피index!$B$7,C$2:$C91,C91), IF($D91=외피index!$B$8, 외피index!$C$8&"_"&COUNTIFS(D$2:$D91,외피index!$B$8,C$2:$C91,C91), IF($D91=외피index!$B$9, 외피index!$C$9&"_"&COUNTIFS(D$2:$D91,외피index!$B$9,C$2:$C91,C91), IF($D91=외피index!$B$10, 외피index!$C$10&"_"&COUNTIFS(D$2:$D91,외피index!$B$10,C$2:$C91,C91), 0))))))))),"") -> 1F_Zone005_CW_1 | B91: 1F | C91: 1F_Zone005 | D91: 커튼월창 | E91: 유리부분 | F91: 1.8447587 | H91: 서 | I91: 90 | J91: 0 | K91: 0 | L91: 0 | M91: 17.881999 | O91: 0.78500366 | P91: 2.4776463
A92: =IFERROR(IF(D92="","",C92&"_"& IF($D92=외피index!$B$3, 외피index!$C$3&"_"&COUNTIFS(D$2:$D92,외피index!$B$3,C$2:$C92,C92), IF($D92=외피index!$B$4, 외피index!$C$4&"_"&COUNTIFS(D$2:$D92,외피index!$B$4,C$2:$C92,C92), IF($D92=외피index!$B$5, 외피index!$C$5&"_"&COUNTIFS(D$2:$D92,외피index!$B$5,C$2:$C92,C92), IF($D92=외피index!$B$6, 외피index!$C$6&"_"&COUNTIFS(D$2:$D92,외피index!$B$6,C$2:$C92,C92), IF($D92=외피index!$B$7, 외피index!$C$7&"_"&COUNTIFS(D$2:$D92,외피index!$B$7,C$2:$C92,C92), IF($D92=외피index!$B$8, 외피index!$C$8&"_"&COUNTIFS(D$2:$D92,외피index!$B$8,C$2:$C92,C92), IF($D92=외피index!$B$9, 외피index!$C$9&"_"&COUNTIFS(D$2:$D92,외피index!$B$9,C$2:$C92,C92), IF($D92=외피index!$B$10, 외피index!$C$10&"_"&COUNTIFS(D$2:$D92,외피index!$B$10,C$2:$C92,C92), 0))))))))),"") -> 3F_Zone015_WIN_1 | B92: 3F | C92: 3F_Zone015 | D92: 창호 | F92: 1.9500747 | H92: 서 | I92: 90 | J92: 0 | K92: 0 | L92: 0 | M92: 9.161149 | O92: 1.5 | P92: 1.9849759
A93: =IFERROR(IF(D93="","",C93&"_"& IF($D93=외피index!$B$3, 외피index!$C$3&"_"&COUNTIFS(D$2:$D93,외피index!$B$3,C$2:$C93,C93), IF($D93=외피index!$B$4, 외피index!$C$4&"_"&COUNTIFS(D$2:$D93,외피index!$B$4,C$2:$C93,C93), IF($D93=외피index!$B$5, 외피index!$C$5&"_"&COUNTIFS(D$2:$D93,외피index!$B$5,C$2:$C93,C93), IF($D93=외피index!$B$6, 외피index!$C$6&"_"&COUNTIFS(D$2:$D93,외피index!$B$6,C$2:$C93,C93), IF($D93=외피index!$B$7, 외피index!$C$7&"_"&COUNTIFS(D$2:$D93,외피index!$B$7,C$2:$C93,C93), IF($D93=외피index!$B$8, 외피index!$C$8&"_"&COUNTIFS(D$2:$D93,외피index!$B$8,C$2:$C93,C93), IF($D93=외피index!$B$9, 외피index!$C$9&"_"&COUNTIFS(D$2:$D93,외피index!$B$9,C$2:$C93,C93), IF($D93=외피index!$B$10, 외피index!$C$10&"_"&COUNTIFS(D$2:$D93,외피index!$B$10,C$2:$C93,C93), 0))))))))),"") -> 3F_Zone015_WIN_2 | B93: 3F | C93: 3F_Zone015 | D93: 창호 | F93: 1.9500747 | H93: 서 | I93: 90 | J93: 0 | K93: 0 | L93: 0 | M93: 9.161149 | O93: 1.5 | P93: 1.9849759
A94: =IFERROR(IF(D94="","",C94&"_"& IF($D94=외피index!$B$3, 외피index!$C$3&"_"&COUNTIFS(D$2:$D94,외피index!$B$3,C$2:$C94,C94), IF($D94=외피index!$B$4, 외피index!$C$4&"_"&COUNTIFS(D$2:$D94,외피index!$B$4,C$2:$C94,C94), IF($D94=외피index!$B$5, 외피index!$C$5&"_"&COUNTIFS(D$2:$D94,외피index!$B$5,C$2:$C94,C94), IF($D94=외피index!$B$6, 외피index!$C$6&"_"&COUNTIFS(D$2:$D94,외피index!$B$6,C$2:$C94,C94), IF($D94=외피index!$B$7, 외피index!$C$7&"_"&COUNTIFS(D$2:$D94,외피index!$B$7,C$2:$C94,C94), IF($D94=외피index!$B$8, 외피index!$C$8&"_"&COUNTIFS(D$2:$D94,외피index!$B$8,C$2:$C94,C94), IF($D94=외피index!$B$9, 외피index!$C$9&"_"&COUNTIFS(D$2:$D94,외피index!$B$9,C$2:$C94,C94), IF($D94=외피index!$B$10, 외피index!$C$10&"_"&COUNTIFS(D$2:$D94,외피index!$B$10,C$2:$C94,C94), 0))))))))),"") -> 1F_Zone003_DR_1 | B94: 1F | C94: 1F_Zone003 | D94: 외부출입문 | F94: 1.6361951 | H94: 서 | I94: 90 | O94: 0.80999756 | P94: 2.1763492
A95: =IFERROR(IF(D95="","",C95&"_"& IF($D95=외피index!$B$3, 외피index!$C$3&"_"&COUNTIFS(D$2:$D95,외피index!$B$3,C$2:$C95,C95), IF($D95=외피index!$B$4, 외피index!$C$4&"_"&COUNTIFS(D$2:$D95,외피index!$B$4,C$2:$C95,C95), IF($D95=외피index!$B$5, 외피index!$C$5&"_"&COUNTIFS(D$2:$D95,외피index!$B$5,C$2:$C95,C95), IF($D95=외피index!$B$6, 외피index!$C$6&"_"&COUNTIFS(D$2:$D95,외피index!$B$6,C$2:$C95,C95), IF($D95=외피index!$B$7, 외피index!$C$7&"_"&COUNTIFS(D$2:$D95,외피index!$B$7,C$2:$C95,C95), IF($D95=외피index!$B$8, 외피index!$C$8&"_"&COUNTIFS(D$2:$D95,외피index!$B$8,C$2:$C95,C95), IF($D95=외피index!$B$9, 외피index!$C$9&"_"&COUNTIFS(D$2:$D95,외피index!$B$9,C$2:$C95,C95), IF($D95=외피index!$B$10, 외피index!$C$10&"_"&COUNTIFS(D$2:$D95,외피index!$B$10,C$2:$C95,C95), 0))))))))),"") -> 1F_Zone003_WIN_1 | B95: 1F | C95: 1F_Zone003 | D95: 창호 | F95: 3.6639087 | H95: 서 | I95: 90 | J95: 0 | K95: 0 | L95: 7.1000061 | M95: 0 | O95: 1.7700043 | P95: 2.7235666
A96: =IFERROR(IF(D96="","",C96&"_"& IF($D96=외피index!$B$3, 외피index!$C$3&"_"&COUNTIFS(D$2:$D96,외피index!$B$3,C$2:$C96,C96), IF($D96=외피index!$B$4, 외피index!$C$4&"_"&COUNTIFS(D$2:$D96,외피index!$B$4,C$2:$C96,C96), IF($D96=외피index!$B$5, 외피index!$C$5&"_"&COUNTIFS(D$2:$D96,외피index!$B$5,C$2:$C96,C96), IF($D96=외피index!$B$6, 외피index!$C$6&"_"&COUNTIFS(D$2:$D96,외피index!$B$6,C$2:$C96,C96), IF($D96=외피index!$B$7, 외피index!$C$7&"_"&COUNTIFS(D$2:$D96,외피index!$B$7,C$2:$C96,C96), IF($D96=외피index!$B$8, 외피index!$C$8&"_"&COUNTIFS(D$2:$D96,외피index!$B$8,C$2:$C96,C96), IF($D96=외피index!$B$9, 외피index!$C$9&"_"&COUNTIFS(D$2:$D96,외피index!$B$9,C$2:$C96,C96), IF($D96=외피index!$B$10, 외피index!$C$10&"_"&COUNTIFS(D$2:$D96,외피index!$B$10,C$2:$C96,C96), 0))))))))),"") -> 1F_Zone002_WIN_1 | B96: 1F | C96: 1F_Zone002 | D96: 창호 | F96: 3.3654041 | H96: 서 | I96: 90 | J96: 0 | K96: 0 | L96: 7.1000061 | M96: 0 | O96: 1.5800018 | P96: 2.6520381
A97: =IFERROR(IF(D97="","",C97&"_"& IF($D97=외피index!$B$3, 외피index!$C$3&"_"&COUNTIFS(D$2:$D97,외피index!$B$3,C$2:$C97,C97), IF($D97=외피index!$B$4, 외피index!$C$4&"_"&COUNTIFS(D$2:$D97,외피index!$B$4,C$2:$C97,C97), IF($D97=외피index!$B$5, 외피index!$C$5&"_"&COUNTIFS(D$2:$D97,외피index!$B$5,C$2:$C97,C97), IF($D97=외피index!$B$6, 외피index!$C$6&"_"&COUNTIFS(D$2:$D97,외피index!$B$6,C$2:$C97,C97), IF($D97=외피index!$B$7, 외피index!$C$7&"_"&COUNTIFS(D$2:$D97,외피index!$B$7,C$2:$C97,C97), IF($D97=외피index!$B$8, 외피index!$C$8&"_"&COUNTIFS(D$2:$D97,외피index!$B$8,C$2:$C97,C97), IF($D97=외피index!$B$9, 외피index!$C$9&"_"&COUNTIFS(D$2:$D97,외피index!$B$9,C$2:$C97,C97), IF($D97=외피index!$B$10, 외피index!$C$10&"_"&COUNTIFS(D$2:$D97,외피index!$B$10,C$2:$C97,C97), 0))))))))),"") -> 3F_Zone020_IW_1 | B97: 3F | C97: 3F_Zone020 | D97: 내벽 | F97: 7.6799812 | G97: 3F_Zone019 | H97: 동 | I97: 90 | N97: 2.3999939
A98: =IFERROR(IF(D98="","",C98&"_"& IF($D98=외피index!$B$3, 외피index!$C$3&"_"&COUNTIFS(D$2:$D98,외피index!$B$3,C$2:$C98,C98), IF($D98=외피index!$B$4, 외피index!$C$4&"_"&COUNTIFS(D$2:$D98,외피index!$B$4,C$2:$C98,C98), IF($D98=외피index!$B$5, 외피index!$C$5&"_"&COUNTIFS(D$2:$D98,외피index!$B$5,C$2:$C98,C98), IF($D98=외피index!$B$6, 외피index!$C$6&"_"&COUNTIFS(D$2:$D98,외피index!$B$6,C$2:$C98,C98), IF($D98=외피index!$B$7, 외피index!$C$7&"_"&COUNTIFS(D$2:$D98,외피index!$B$7,C$2:$C98,C98), IF($D98=외피index!$B$8, 외피index!$C$8&"_"&COUNTIFS(D$2:$D98,외피index!$B$8,C$2:$C98,C98), IF($D98=외피index!$B$9, 외피index!$C$9&"_"&COUNTIFS(D$2:$D98,외피index!$B$9,C$2:$C98,C98), IF($D98=외피index!$B$10, 외피index!$C$10&"_"&COUNTIFS(D$2:$D98,외피index!$B$10,C$2:$C98,C98), 0))))))))),"") -> 2F_Zone009_IW_2 | B98: 2F | C98: 2F_Zone009 | D98: 내벽 | F98: 16.639989 | G98: 2F_Zone006 | H98: 동 | I98: 90 | N98: 5.1999969
A99: =IFERROR(IF(D99="","",C99&"_"& IF($D99=외피index!$B$3, 외피index!$C$3&"_"&COUNTIFS(D$2:$D99,외피index!$B$3,C$2:$C99,C99), IF($D99=외피index!$B$4, 외피index!$C$4&"_"&COUNTIFS(D$2:$D99,외피index!$B$4,C$2:$C99,C99), IF($D99=외피index!$B$5, 외피index!$C$5&"_"&COUNTIFS(D$2:$D99,외피index!$B$5,C$2:$C99,C99), IF($D99=외피index!$B$6, 외피index!$C$6&"_"&COUNTIFS(D$2:$D99,외피index!$B$6,C$2:$C99,C99), IF($D99=외피index!$B$7, 외피index!$C$7&"_"&COUNTIFS(D$2:$D99,외피index!$B$7,C$2:$C99,C99), IF($D99=외피index!$B$8, 외피index!$C$8&"_"&COUNTIFS(D$2:$D99,외피index!$B$8,C$2:$C99,C99), IF($D99=외피index!$B$9, 외피index!$C$9&"_"&COUNTIFS(D$2:$D99,외피index!$B$9,C$2:$C99,C99), IF($D99=외피index!$B$10, 외피index!$C$10&"_"&COUNTIFS(D$2:$D99,외피index!$B$10,C$2:$C99,C99), 0))))))))),"") -> 3F_Zone015_IW_1 | B99: 3F | C99: 3F_Zone015 | D99: 내벽 | F99: 9.9199716 | G99: 3F_Zone017 | H99: 동 | I99: 90 | N99: 3.0999908
A100: =IFERROR(IF(D100="","",C100&"_"& IF($D100=외피index!$B$3, 외피index!$C$3&"_"&COUNTIFS(D$2:$D100,외피index!$B$3,C$2:$C100,C100), IF($D100=외피index!$B$4, 외피index!$C$4&"_"&COUNTIFS(D$2:$D100,외피index!$B$4,C$2:$C100,C100), IF($D100=외피index!$B$5, 외피index!$C$5&"_"&COUNTIFS(D$2:$D100,외피index!$B$5,C$2:$C100,C100), IF($D100=외피index!$B$6, 외피index!$C$6&"_"&COUNTIFS(D$2:$D100,외피index!$B$6,C$2:$C100,C100), IF($D100=외피index!$B$7, 외피index!$C$7&"_"&COUNTIFS(D$2:$D100,외피index!$B$7,C$2:$C100,C100), IF($D100=외피index!$B$8, 외피index!$C$8&"_"&COUNTIFS(D$2:$D100,외피index!$B$8,C$2:$C100,C100), IF($D100=외피index!$B$9, 외피index!$C$9&"_"&COUNTIFS(D$2:$D100,외피index!$B$9,C$2:$C100,C100), IF($D100=외피index!$B$10, 외피index!$C$10&"_"&COUNTIFS(D$2:$D100,외피index!$B$10,C$2:$C100,C100), 0))))))))),"") -> 2F_Zone012_IW_2 | B100: 2F | C100: 2F_Zone012 | D100: 내벽 | F100: 8.320019 | G100: 2F_Zone011 | H100: 동 | I100: 90 | N100: 2.6000061
A101: =IFERROR(IF(D101="","",C101&"_"& IF($D101=외피index!$B$3, 외피index!$C$3&"_"&COUNTIFS(D$2:$D101,외피index!$B$3,C$2:$C101,C101), IF($D101=외피index!$B$4, 외피index!$C$4&"_"&COUNTIFS(D$2:$D101,외피index!$B$4,C$2:$C101,C101), IF($D101=외피index!$B$5, 외피index!$C$5&"_"&COUNTIFS(D$2:$D101,외피index!$B$5,C$2:$C101,C101), IF($D101=외피index!$B$6, 외피index!$C$6&"_"&COUNTIFS(D$2:$D101,외피index!$B$6,C$2:$C101,C101), IF($D101=외피index!$B$7, 외피index!$C$7&"_"&COUNTIFS(D$2:$D101,외피index!$B$7,C$2:$C101,C101), IF($D101=외피index!$B$8, 외피index!$C$8&"_"&COUNTIFS(D$2:$D101,외피index!$B$8,C$2:$C101,C101), IF($D101=외피index!$B$9, 외피index!$C$9&"_"&COUNTIFS(D$2:$D101,외피index!$B$9,C$2:$C101,C101), IF($D101=외피index!$B$10, 외피index!$C$10&"_"&COUNTIFS(D$2:$D101,외피index!$B$10,C$2:$C101,C101), 0))))))))),"") -> 3F_Zone015_IW_2 | B101: 3F | C101: 3F_Zone015 | D101: 내벽 | F101: 6.7200201 | G101: 3F_Zone016 | H101: 동 | I101: 90 | N101: 2.1000061
A102: =IFERROR(IF(D102="","",C102&"_"& IF($D102=외피index!$B$3, 외피index!$C$3&"_"&COUNTIFS(D$2:$D102,외피index!$B$3,C$2:$C102,C102), IF($D102=외피index!$B$4, 외피index!$C$4&"_"&COUNTIFS(D$2:$D102,외피index!$B$4,C$2:$C102,C102), IF($D102=외피index!$B$5, 외피index!$C$5&"_"&COUNTIFS(D$2:$D102,외피index!$B$5,C$2:$C102,C102), IF($D102=외피index!$B$6, 외피index!$C$6&"_"&COUNTIFS(D$2:$D102,외피index!$B$6,C$2:$C102,C102), IF($D102=외피index!$B$7, 외피index!$C$7&"_"&COUNTIFS(D$2:$D102,외피index!$B$7,C$2:$C102,C102), IF($D102=외피index!$B$8, 외피index!$C$8&"_"&COUNTIFS(D$2:$D102,외피index!$B$8,C$2:$C102,C102), IF($D102=외피index!$B$9, 외피index!$C$9&"_"&COUNTIFS(D$2:$D102,외피index!$B$9,C$2:$C102,C102), IF($D102=외피index!$B$10, 외피index!$C$10&"_"&COUNTIFS(D$2:$D102,외피index!$B$10,C$2:$C102,C102), 0))))))))),"") -> 3F_Zone019_IW_2 | B102: 3F | C102: 3F_Zone019 | D102: 내벽 | F102: 3.3600101 | G102: 3F_Zone016 | H102: 동 | I102: 90 | N102: 1.0500031
A103: =IFERROR(IF(D103="","",C103&"_"& IF($D103=외피index!$B$3, 외피index!$C$3&"_"&COUNTIFS(D$2:$D103,외피index!$B$3,C$2:$C103,C103), IF($D103=외피index!$B$4, 외피index!$C$4&"_"&COUNTIFS(D$2:$D103,외피index!$B$4,C$2:$C103,C103), IF($D103=외피index!$B$5, 외피index!$C$5&"_"&COUNTIFS(D$2:$D103,외피index!$B$5,C$2:$C103,C103), IF($D103=외피index!$B$6, 외피index!$C$6&"_"&COUNTIFS(D$2:$D103,외피index!$B$6,C$2:$C103,C103), IF($D103=외피index!$B$7, 외피index!$C$7&"_"&COUNTIFS(D$2:$D103,외피index!$B$7,C$2:$C103,C103), IF($D103=외피index!$B$8, 외피index!$C$8&"_"&COUNTIFS(D$2:$D103,외피index!$B$8,C$2:$C103,C103), IF($D103=외피index!$B$9, 외피index!$C$9&"_"&COUNTIFS(D$2:$D103,외피index!$B$9,C$2:$C103,C103), IF($D103=외피index!$B$10, 외피index!$C$10&"_"&COUNTIFS(D$2:$D103,외피index!$B$10,C$2:$C103,C103), 0))))))))),"") -> 2F_Zone012_IW_3 | B103: 2F | C103: 2F_Zone012 | D103: 내벽 | F103: 3.3600096 | G103: 2F_Zone008 | H103: 동 | I103: 90 | N103: 1.0500031
A104: =IFERROR(IF(D104="","",C104&"_"& IF($D104=외피index!$B$3, 외피index!$C$3&"_"&COUNTIFS(D$2:$D104,외피index!$B$3,C$2:$C104,C104), IF($D104=외피index!$B$4, 외피index!$C$4&"_"&COUNTIFS(D$2:$D104,외피index!$B$4,C$2:$C104,C104), IF($D104=외피index!$B$5, 외피index!$C$5&"_"&COUNTIFS(D$2:$D104,외피index!$B$5,C$2:$C104,C104), IF($D104=외피index!$B$6, 외피index!$C$6&"_"&COUNTIFS(D$2:$D104,외피index!$B$6,C$2:$C104,C104), IF($D104=외피index!$B$7, 외피index!$C$7&"_"&COUNTIFS(D$2:$D104,외피index!$B$7,C$2:$C104,C104), IF($D104=외피index!$B$8, 외피index!$C$8&"_"&COUNTIFS(D$2:$D104,외피index!$B$8,C$2:$C104,C104), IF($D104=외피index!$B$9, 외피index!$C$9&"_"&COUNTIFS(D$2:$D104,외피index!$B$9,C$2:$C104,C104), IF($D104=외피index!$B$10, 외피index!$C$10&"_"&COUNTIFS(D$2:$D104,외피index!$B$10,C$2:$C104,C104), 0))))))))),"") -> 2F_Zone007_IW_1 | B104: 2F | C104: 2F_Zone007 | D104: 내벽 | F104: 16.639989 | G104: 2F_Zone009 | H104: 동 | I104: 90 | N104: 5.1999969
...

Sheet ThermalBridge_3D
A1: 번호 | B1: 열교항목 | C1: 열교길이
A2: =IF(B2="","",INDEX(외피index!$C$69:$C$79,MATCH(B2,외피index!$B$69:$B$79,0),1)&"_"& IF(B2=외피index!$B$69,COUNTIF($B$2:B2,외피index!$B$69), IF(B2=외피index!$B$70,COUNTIF($B$2:B2,외피index!$B$70), IF(B2=외피index!$B$71,COUNTIF($B$2:B2,외피index!$B$71), IF(B2=외피index!$B$72,COUNTIF($B$2:B2,외피index!$B$72), IF(B2=외피index!$B$73,COUNTIF($B$2:B2,외피index!$B$73), IF(B2=외피index!$B$74,COUNTIF($B$2:B2,외피index!$B$74), IF(B2=외피index!$B$75,COUNTIF($B$2:B2,외피index!$B$75), IF(B2=외피index!$B$76,COUNTIF($B$2:B2,외피index!$B$76), IF(B2=외피index!$B$77,COUNTIF($B$2:B2,외피index!$B$77), IF(B2=외피index!$B$78,COUNTIF($B$2:B2,외피index!$B$78), IF(B2=외피index!$B$79,COUNTIF($B$2:B2,외피index!$B$79))))))))))))) -> TB1_1 | B2: 평지붕+외벽[90] | C2: 118.09
A3: =IF(B3="","",INDEX(외피index!$C$69:$C$79,MATCH(B3,외피index!$B$69:$B$79,0),1)&"_"& IF(B3=외피index!$B$69,COUNTIF($B$2:B3,외피index!$B$69), IF(B3=외피index!$B$70,COUNTIF($B$2:B3,외피index!$B$70), IF(B3=외피index!$B$71,COUNTIF($B$2:B3,외피index!$B$71), IF(B3=외피index!$B$72,COUNTIF($B$2:B3,외피index!$B$72), IF(B3=외피index!$B$73,COUNTIF($B$2:B3,외피index!$B$73), IF(B3=외피index!$B$74,COUNTIF($B$2:B3,외피index!$B$74), IF(B3=외피index!$B$75,COUNTIF($B$2:B3,외피index!$B$75), IF(B3=외피index!$B$76,COUNTIF($B$2:B3,외피index!$B$76), IF(B3=외피index!$B$77,COUNTIF($B$2:B3,외피index!$B$77), IF(B3=외피index!$B$78,COUNTIF($B$2:B3,외피index!$B$78), IF(B3=외피index!$B$79,COUNTIF($B$2:B3,외피index!$B$79))))))))))))) -> TB1_2 | B3: 평지붕+외벽[90] | C3: 100
A4: =IF(B4="","",INDEX(외피index!$C$69:$C$79,MATCH(B4,외피index!$B$69:$B$79,0),1)&"_"& IF(B4=외피index!$B$69,COUNTIF($B$2:B4,외피index!$B$69), IF(B4=외피index!$B$70,COUNTIF($B$2:B4,외피index!$B$70), IF(B4=외피index!$B$71,COUNTIF($B$2:B4,외피index!$B$71), IF(B4=외피index!$B$72,COUNTIF($B$2:B4,외피index!$B$72), IF(B4=외피index!$B$73,COUNTIF($B$2:B4,외피index!$B$73), IF(B4=외피index!$B$74,COUNTIF($B$2:B4,외피index!$B$74), IF(B4=외피index!$B$75,COUNTIF($B$2:B4,외피index!$B$75), IF(B4=외피index!$B$76,COUNTIF($B$2:B4,외피index!$B$76), IF(B4=외피index!$B$77,COUNTIF($B$2:B4,외피index!$B$77), IF(B4=외피index!$B$78,COUNTIF($B$2:B4,외피index!$B$78), IF(B4=외피index!$B$79,COUNTIF($B$2:B4,외피index!$B$79))))))))))))) -> TB1_3 | B4: 평지붕+외벽[90] | C4: 50
A5: =IF(B5="","",INDEX(외피index!$C$69:$C$79,MATCH(B5,외피index!$B$69:$B$79,0),1)&"_"& IF(B5=외피index!$B$69,COUNTIF($B$2:B5,외피index!$B$69), IF(B5=외피index!$B$70,COUNTIF($B$2:B5,외피index!$B$70), IF(B5=외피index!$B$71,COUNTIF($B$2:B5,외피index!$B$71), IF(B5=외피index!$B$72,COUNTIF($B$2:B5,외피index!$B$72), IF(B5=외피index!$B$73,COUNTIF($B$2:B5,외피index!$B$73), IF(B5=외피index!$B$74,COUNTIF($B$2:B5,외피index!$B$74), IF(B5=외피index!$B$75,COUNTIF($B$2:B5,외피index!$B$75), IF(B5=외피index!$B$76,COUNTIF($B$2:B5,외피index!$B$76), IF(B5=외피index!$B$77,COUNTIF($B$2:B5,외피index!$B$77), IF(B5=외피index!$B$78,COUNTIF($B$2:B5,외피index!$B$78), IF(B5=외피index!$B$79,COUNTIF($B$2:B5,외피index!$B$79))))))))))))) -> TB2_1 | B5: 평지붕+내벽 | C5: 41.25
A6: =IF(B6="","",INDEX(외피index!$C$69:$C$79,MATCH(B6,외피index!$B$69:$B$79,0),1)&"_"& IF(B6=외피index!$B$69,COUNTIF($B$2:B6,외피index!$B$69), IF(B6=외피index!$B$70,COUNTIF($B$2:B6,외피index!$B$70), IF(B6=외피index!$B$71,COUNTIF($B$2:B6,외피index!$B$71), IF(B6=외피index!$B$72,COUNTIF($B$2:B6,외피index!$B$72), IF(B6=외피index!$B$73,COUNTIF($B$2:B6,외피index!$B$73), IF(B6=외피index!$B$74,COUNTIF($B$2:B6,외피index!$B$74), IF(B6=외피index!$B$75,COUNTIF($B$2:B6,외피index!$B$75), IF(B6=외피index!$B$76,COUNTIF($B$2:B6,외피index!$B$76), IF(B6=외피index!$B$77,COUNTIF($B$2:B6,외피index!$B$77), IF(B6=외피index!$B$78,COUNTIF($B$2:B6,외피index!$B$78), IF(B6=외피index!$B$79,COUNTIF($B$2:B6,외피index!$B$79))))))))))))) -> TB3_1 | B6: 경사지붕 | C6: 0
A7: =IF(B7="","",INDEX(외피index!$C$69:$C$79,MATCH(B7,외피index!$B$69:$B$79,0),1)&"_"& IF(B7=외피index!$B$69,COUNTIF($B$2:B7,외피index!$B$69), IF(B7=외피index!$B$70,COUNTIF($B$2:B7,외피index!$B$70), IF(B7=외피index!$B$71,COUNTIF($B$2:B7,외피index!$B$71), IF(B7=외피index!$B$72,COUNTIF($B$2:B7,외피index!$B$72), IF(B7=외피index!$B$73,COUNTIF($B$2:B7,외피index!$B$73), IF(B7=외피index!$B$74,COUNTIF($B$2:B7,외피index!$B$74), IF(B7=외피index!$B$75,COUNTIF($B$2:B7,외피index!$B$75), IF(B7=외피index!$B$76,COUNTIF($B$2:B7,외피index!$B$76), IF(B7=외피index!$B$77,COUNTIF($B$2:B7,외피index!$B$77), IF(B7=외피index!$B$78,COUNTIF($B$2:B7,외피index!$B$78), IF(B7=외피index!$B$79,COUNTIF($B$2:B7,외피index!$B$79))))))))))))) -> TB4_1 | B7: 경사지붕+벽 | C7: 0
A8: =IF(B8="","",INDEX(외피index!$C$69:$C$79,MATCH(B8,외피index!$B$69:$B$79,0),1)&"_"& IF(B8=외피index!$B$69,COUNTIF($B$2:B8,외피index!$B$69), IF(B8=외피index!$B$70,COUNTIF($B$2:B8,외피index!$B$70), IF(B8=외피index!$B$71,COUNTIF($B$2:B8,외피index!$B$71), IF(B8=외피index!$B$72,COUNTIF($B$2:B8,외피index!$B$72), IF(B8=외피index!$B$73,COUNTIF($B$2:B8,외피index!$B$73), IF(B8=외피index!$B$74,COUNTIF($B$2:B8,외피index!$B$74), IF(B8=외피index!$B$75,COUNTIF($B$2:B8,외피index!$B$75), IF(B8=외피index!$B$76,COUNTIF($B$2:B8,외피index!$B$76), IF(B8=외피index!$B$77,COUNTIF($B$2:B8,외피index!$B$77), IF(B8=외피index!$B$78,COUNTIF($B$2:B8,외피index!$B$78), IF(B8=외피index!$B$79,COUNTIF($B$2:B8,외피index!$B$79))))))))))))) -> TB5_1 | B8: 경사지붕+경사벽 | C8: 0
A9: =IF(B9="","",INDEX(외피index!$C$69:$C$79,MATCH(B9,외피index!$B$69:$B$79,0),1)&"_"& IF(B9=외피index!$B$69,COUNTIF($B$2:B9,외피index!$B$69), IF(B9=외피index!$B$70,COUNTIF($B$2:B9,외피index!$B$70), IF(B9=외피index!$B$71,COUNTIF($B$2:B9,외피index!$B$71), IF(B9=외피index!$B$72,COUNTIF($B$2:B9,외피index!$B$72), IF(B9=외피index!$B$73,COUNTIF($B$2:B9,외피index!$B$73), IF(B9=외피index!$B$74,COUNTIF($B$2:B9,외피index!$B$74), IF(B9=외피index!$B$75,COUNTIF($B$2:B9,외피index!$B$75), IF(B9=외피index!$B$76,COUNTIF($B$2:B9,외피index!$B$76), IF(B9=외피index!$B$77,COUNTIF($B$2:B9,외피index!$B$77), IF(B9=외피index!$B$78,COUNTIF($B$2:B9,외피index!$B$78), IF(B9=외피index!$B$79,COUNTIF($B$2:B9,외피index!$B$79))))))))))))) -> TB6_1 | B9: 슬라브+벽 | C9: 67.7
A10: =IF(B10="","",INDEX(외피index!$C$69:$C$79,MATCH(B10,외피index!$B$69:$B$79,0),1)&"_"& IF(B10=외피index!$B$69,COUNTIF($B$2:B10,외피index!$B$69), IF(B10=외피index!$B$70,COUNTIF($B$2:B10,외피index!$B$70), IF(B10=외피index!$B$71,COUNTIF($B$2:B10,외피index!$B$71), IF(B10=외피index!$B$72,COUNTIF($B$2:B10,외피index!$B$72), IF(B10=외피index!$B$73,COUNTIF($B$2:B10,외피index!$B$73), IF(B10=외피index!$B$74,COUNTIF($B$2:B10,외피index!$B$74), IF(B10=외피index!$B$75,COUNTIF($B$2:B10,외피index!$B$75), IF(B10=외피index!$B$76,COUNTIF($B$2:B10,외피index!$B$76), IF(B10=외피index!$B$77,COUNTIF($B$2:B10,외피index!$B$77), IF(B10=외피index!$B$78,COUNTIF($B$2:B10,외피index!$B$78), IF(B10=외피index!$B$79,COUNTIF($B$2:B10,외피index!$B$79))))))))))))) -> TB7_1 | B10: 내벽+외벽 | C10: 54.8
A11: =IF(B11="","",INDEX(외피index!$C$69:$C$79,MATCH(B11,외피index!$B$69:$B$79,0),1)&"_"& IF(B11=외피index!$B$69,COUNTIF($B$2:B11,외피index!$B$69), IF(B11=외피index!$B$70,COUNTIF($B$2:B11,외피index!$B$70), IF(B11=외피index!$B$71,COUNTIF($B$2:B11,외피index!$B$71), IF(B11=외피index!$B$72,COUNTIF($B$2:B11,외피index!$B$72), IF(B11=외피index!$B$73,COUNTIF($B$2:B11,외피index!$B$73), IF(B11=외피index!$B$74,COUNTIF($B$2:B11,외피index!$B$74), IF(B11=외피index!$B$75,COUNTIF($B$2:B11,외피index!$B$75), IF(B11=외피index!$B$76,COUNTIF($B$2:B11,외피index!$B$76), IF(B11=외피index!$B$77,COUNTIF($B$2:B11,외피index!$B$77), IF(B11=외피index!$B$78,COUNTIF($B$2:B11,외피index!$B$78), IF(B11=외피index!$B$79,COUNTIF($B$2:B11,외피index!$B$79))))))))))))) -> TB8_1 | B11: 외벽+외벽 | C11: 144.33
A12: =IF(B12="","",INDEX(외피index!$C$69:$C$79,MATCH(B12,외피index!$B$69:$B$79,0),1)&"_"& IF(B12=외피index!$B$69,COUNTIF($B$2:B12,외피index!$B$69), IF(B12=외피index!$B$70,COUNTIF($B$2:B12,외피index!$B$70), IF(B12=외피index!$B$71,COUNTIF($B$2:B12,외피index!$B$71), IF(B12=외피index!$B$72,COUNTIF($B$2:B12,외피index!$B$72), IF(B12=외피index!$B$73,COUNTIF($B$2:B12,외피index!$B$73), IF(B12=외피index!$B$74,COUNTIF($B$2:B12,외피index!$B$74), IF(B12=외피index!$B$75,COUNTIF($B$2:B12,외피index!$B$75), IF(B12=외피index!$B$76,COUNTIF($B$2:B12,외피index!$B$76), IF(B12=외피index!$B$77,COUNTIF($B$2:B12,외피index!$B$77), IF(B12=외피index!$B$78,COUNTIF($B$2:B12,외피index!$B$78), IF(B12=외피index!$B$79,COUNTIF($B$2:B12,외피index!$B$79))))))))))))) -> TB9_1 | B12: 외벽+내벽+외벽 | C12: 18.2
A13: =IF(B13="","",INDEX(외피index!$C$69:$C$79,MATCH(B13,외피index!$B$69:$B$79,0),1)&"_"& IF(B13=외피index!$B$69,COUNTIF($B$2:B13,외피index!$B$69), IF(B13=외피index!$B$70,COUNTIF($B$2:B13,외피index!$B$70), IF(B13=외피index!$B$71,COUNTIF($B$2:B13,외피index!$B$71), IF(B13=외피index!$B$72,COUNTIF($B$2:B13,외피index!$B$72), IF(B13=외피index!$B$73,COUNTIF($B$2:B13,외피index!$B$73), IF(B13=외피index!$B$74,COUNTIF($B$2:B13,외피index!$B$74), IF(B13=외피index!$B$75,COUNTIF($B$2:B13,외피index!$B$75), IF(B13=외피index!$B$76,COUNTIF($B$2:B13,외피index!$B$76), IF(B13=외피index!$B$77,COUNTIF($B$2:B13,외피index!$B$77), IF(B13=외피index!$B$78,COUNTIF($B$2:B13,외피index!$B$78), IF(B13=외피index!$B$79,COUNTIF($B$2:B13,외피index!$B$79))))))))))))) -> TB10_1 | B13: 평지붕+벽[270] | C13: 9.25
A14: =IF(B14="","",INDEX(외피index!$C$69:$C$79,MATCH(B14,외피index!$B$69:$B$79,0),1)&"_"& IF(B14=외피index!$B$69,COUNTIF($B$2:B14,외피index!$B$69), IF(B14=외피index!$B$70,COUNTIF($B$2:B14,외피index!$B$70), IF(B14=외피index!$B$71,COUNTIF($B$2:B14,외피index!$B$71), IF(B14=외피index!$B$72,COUNTIF($B$2:B14,외피index!$B$72), IF(B14=외피index!$B$73,COUNTIF($B$2:B14,외피index!$B$73), IF(B14=외피index!$B$74,COUNTIF($B$2:B14,외피index!$B$74), IF(B14=외피index!$B$75,COUNTIF($B$2:B14,외피index!$B$75), IF(B14=외피index!$B$76,COUNTIF($B$2:B14,외피index!$B$76), IF(B14=외피index!$B$77,COUNTIF($B$2:B14,외피index!$B$77), IF(B14=외피index!$B$78,COUNTIF($B$2:B14,외피index!$B$78), IF(B14=외피index!$B$79,COUNTIF($B$2:B14,외피index!$B$79))))))))))))) -> TB11_1 | B14: 평지붕+벽[270]+내벽 | C14: 14.25

Sheet 외피index
A2: 외피 구조체 유형
A3: 1 | B3: 커튼월창 | C3: CW
A4: 2 | B4: 외벽 | C4: WL
A5: 3 | B5: 지붕 | C5: RF
A6: 4 | B6: 최하층바닥 | C6: FR
A7: 5 | B7: 창호 | C7: WIN
A8: 6 | B8: 외부출입문 | C8: DR
A9: 7 | B9: 내벽 | C9: IW
A10: 8 | B10: 층간바닥 | C10: SL
A12: 방위
A13: 0 | B13: 수평
A14: 1 | B14: 남
A15: 2 | B15: 남동
A16: 3 | B16: 남서
A17: 4 | B17: 동
A18: 5 | B18: 서
A19: 6 | B19: 북서
A20: 7 | B20: 북동
A21: 8 | B21: 북
A22: 9 | B22: -
A24: 커튼월 부위
A25: 1 | B25: 유리부분
A26: 2 | B26: 패널부분
A27: 3 | B27: 출입문부분
A28: 4 | B28: -
A31: 층
A32: B5 | B32: =A32&"F" -> B5F
A33: B4 | B33: =A33&"F" -> B4F
A34: B3 | B34: =A34&"F" -> B3F
A35: B2 | B35: =A35&"F" -> B2F
A36: B1 | B36: =A36&"F" -> B1F
A37: 1 | B37: =A37&"F" -> 1F
A38: 2 | B38: =A38&"F" -> 2F
A39: 3 | B39: =A39&"F" -> 3F
A40: 4 | B40: =A40&"F" -> 4F
A41: 5 | B41: =A41&"F" -> 5F
A42: 6 | B42: =A42&"F" -> 6F
A43: 7 | B43: =A43&"F" -> 7F
A44: 8 | B44: =A44&"F" -> 8F
A45: 9 | B45: =A45&"F" -> 9F
A46: 10 | B46: =A46&"F" -> 10F
A47: 11 | B47: =A47&"F" -> 11F
A48: 12 | B48: =A48&"F" -> 12F
... A66: 30 | B66: =A66&"F" -> 30F
A68: 열교항목
A69: 1 | B69: 평지붕+외벽[90] | C69: TB1
A70: 2 | B70: 평지붕+내벽 | C70: TB2
A71: 3 | B71: 경사지붕 | C71: TB3
A72: 4 | B72: 경사지붕+벽 | C72: TB4
A73: 5 | B73: 경사지붕+경사벽 | C73: TB5
A74: 6 | B74: 슬라브+벽 | C74: TB6
A75: 7 | B75: 내벽+외벽 | C75: TB7
A76: 8 | B76: 외벽+외벽 | C76: TB8
A77: 9 | B77: 외벽+내벽+외벽 | C77: TB9
A78: 10 | B78: 평지붕+벽[270] | C78: TB10
A79: 11 | B79: 평지붕+벽[270]+내벽 | C79: TB11
